Sample,Partition,alpha,beta (background),beta (Test),subs (Test),P-value (overall),Q-value (overall),Permutation p-value,Total branch length,CodonSite,status,significant_site_0.10
BDNF-64,3,0.0,0.0,0.0,1,1.0,1,1,0.0,1,ok,0
BDNF-64,3,4.439574121160305e-08,1.265208949839874,2.383533776338189e-07,0,0.2849053107264357,1,-1,0.9040953594249531,2,ok,0
BDNF-64,3,0.0,0.0,0.0,1,1.0,1,1,0.0,3,ok,0
BDNF-64,3,2.314610713592236,8.006675780685856e-07,1.885007078685896e-05,0,0.9745078346852539,1,-1,0.648439778421391,4,ok,0
BDNF-64,3,0.0,0.0,0.0,1,1.0,1,1,0.0,5,ok,0
BDNF-64,3,1.118408447259264,2.539523879977427e-05,0.0002332170376109505,1,0.985112438562784,1,-1,0.3133820803561334,6,ok,0
BDNF-64,3,0.0,0.0,0.0,1,1.0,1,1,0.0,7,ok,0
BDNF-64,3,2.912195899385008e-08,0.6052679252407487,1.958284521009051e-06,0,0.4081161462732931,1,-1,0.4325138195242534,8,ok,0
BDNF-64,3,0.0,0.0,0.0,1,1.0,1,1,0.0,9,ok,0
BDNF-64,3,0.0,0.0,0.0,1,1.0,1,1,0.0,10,ok,0
BDNF-64,3,0.0,0.0,0.0,1,1.0,1,1,0.0,11,ok,0
BDNF-64,3,0.0,0.0,0.0,1,1.0,1,1,0.0,12,ok,0
BDNF-64,3,1.981027346530342e-05,0.495173366491288,5.179017708467604e-07,0,0.4103659028619874,1,-1,0.3538475264400291,13,ok,0
BDNF-64,3,1.869129969491005,6.917454480468205e-06,5.541349815389662e-10,1,0.9767058675348014,1,-1,0.5236397173493541,14,ok,0
BDNF-64,3,0.0,0.0,0.0,1,1.0,1,1,0.0,15,ok,0
BDNF-64,3,0.0,0.0,0.0,1,1.0,1,1,0.0,16,ok,0
BDNF-64,3,0.0,0.0,0.0,1,1.0,1,1,0.0,17,ok,0
BDNF-64,3,0.0,0.0,0.0,1,1.0,1,1,0.0,18,ok,0
BDNF-64,3,1.376870955794597,4.141841787948586e-07,4.108183608871242e-07,0,0.9827560852601207,1,-1,0.3857293064266207,19,ok,0
BDNF-64,3,0.0,0.0,0.0,1,1.0,1,1,0.0,20,ok,0
BDNF-64,3,5.334963118435656,6.631775725564241e-09,8.809049509000254e-07,1,0.9744961214242598,1,-1,1.494584413969217,21,ok,0
BDNF-64,3,3.245450312185575e-08,0.3878797130406483,3.935599049061311e-06,0,0.4959172338289779,1,-1,0.2771725225654588,22,ok,0
BDNF-64,3,0.0,0.0,0.0,1,1.0,1,1,0.0,23,ok,0
BDNF-64,3,0.0,0.0,0.0,1,1.0,1,1,0.0,24,ok,0
BDNF-64,3,1.935891524942007,5.082599217300395e-07,8.80489522119678e-07,1,0.9812037954834811,1,-1,0.5423384784749948,25,ok,0
BDNF-64,3,1.98089677372245,1.14629779087063e-07,1.355699701671669e-05,0,0.971386844458783,1,-1,0.5549487068316222,26,ok,0
BDNF-64,3,2.034375079984325,2.421449921849157e-09,1.469601662932087e-06,0,0.9839005366154817,1,-1,0.5699282888821833,27,ok,0
BDNF-64,3,2.166735384182507,3.928226774568028e-08,2.384594106347556e-06,1,0.9725678802512943,1,-1,0.6070090824381309,28,ok,0
BDNF-64,3,0.0,0.0,0.0,1,1.0,1,1,0.0,29,ok,0
BDNF-64,3,2.292739580100397,1.522889133996417e-06,7.861338186969725e-07,0,0.9731179882051955,1,-1,0.6423097894559993,30,ok,0
BDNF-64,3,0.0,0.0,0.0,1,1.0,1,1,0.0,31,ok,0
BDNF-64,3,1.833179641905522,1.371347423897893,1.899702461958528,1,0.7797909361831354,1,-1,1.843730775921104,32,ok,0
BDNF-64,3,7.971123045594996,1.227933572756019,1.640683922224908,1,0.8073967921577079,1,-1,3.413035730082739,33,ok,0
