&alpha;,&beta;<sup>1</sup>,p<sup>1</sup>,&beta;<sup>+</sup>,p<sup>+</sup>,LRT,p-value,# branches under selection,Total branch length,MEME LogL,FEL LogL,FEL &alpha;,FEL &beta;
0.1131808448047419,2.289130681179197e-05,1e-08,28.41802751404846,0.99999999,5.072717315230875,0.03631474741505103,1,0,-24.68587179120478,-24.69063794545763,1.0,0.1390471181732485
0.0,0.0,1.0,0.0,0.0,0.0,1.0,0,0,0.0,0.0,1.0,0.0
16.77283759208682,4.555670136769752e-05,1e-08,0.1078586990922413,0.99999999,0.0,0.6666666666666666,0,0,-10.59803299900268,-10.59806162878585,1.0,16.84055510187157
5.544726670922368,0.02659259218396372,1e-08,0.1901108559004871,0.99999999,0.0,0.6666666666666666,0,0,-9.619995786508067,-9.62003055947107,1.0,5.571170274884
0.0,0.0,1.0,0.0,0.0,0.0,1.0,0,0,0.0,0.0,1.0,0.0
8.25744615504763,3.91892298343289e-05,1e-08,0.1925627068496475,0.99999999,0.0,0.6666666666666666,0,0,-9.469370590911574,-9.469471672923861,1.0,8.45202716390853
0.02112258257334614,2.640322821668268e-06,1e-08,3.576928436545975,0.99999999,0.9504742507740218,0.326850039792501,1,0,-10.04062818474375,-10.03265709886334,0.9920605989807555,0.02376672919194977
0.0,0.0,1.0,0.0,0.0,0.0,1.0,0,0,0.0,0.0,1.0,0.0
5.85244082452935,3.655348724493148e-05,1e-08,0.1512664897455527,0.99999999,0.0,0.6666666666666666,0,0,-8.041638876058554,-8.041699332634638,1.0,5.801528409128223
9.483193262576913,0.008131386940662906,1e-08,0.1768532146470213,0.99999999,0.0,0.6666666666666666,0,0,-8.295652288719108,-8.296020399735466,1.0,9.384888154937572
0.0,0.0,1.0,0.0,0.0,0.0,1.0,0,0,0.0,0.0,1.0,0.0
17.86373011432651,3.063571382484815,1e-08,2.850685346060711,0.99999999,0.0,0.6666666666666666,0,0,-16.5091260644315,-16.50936560004764,1.0,17.70733899818383
7.751515916162999,0.02193600524608168,1e-08,0.2248366169012505,0.99999999,0.0,0.6666666666666666,0,0,-7.083126351808128,-7.082977870785939,0.9998515300005643,8.111947539625245
0.0,0.0,1.0,0.0,0.0,0.0,1.0,0,0,0.0,0.0,1.0,0.0
7.245080972628342,0.0006119439069620963,1e-08,14.96707400869017,0.99999999,0.4114866383121978,0.4548468389121689,1,0,-29.41812660557042,-29.42176653011509,1.0,7.360528542380656
8.26020602112033,9.492165143171698e-05,1e-08,0.3654192831447776,0.99999999,0.0,0.6666666666666666,0,0,-8.40829268133723,-8.40829451733394,1.0,8.260370715557638
0.00128541965151955,7.586160420847027e-08,1e-08,8.991332858445125,0.99999999,1.310797475738202,0.2660612559551486,0,0,-15.76610193948162,-15.76940730040162,1.0,0.001254554284464551
30.0059615721422,0.005061459141800627,1e-08,0.1209631857455416,0.99999999,0.0,0.6666666666666666,0,0,-10.78365472526069,-10.78359201161718,0.9999372883229477,30.16009621129108
0.0,0.0,1.0,0.0,0.0,0.0,1.0,0,0,0.0,0.0,1.0,0.0
0.0,0.0,1.0,0.0,0.0,0.0,1.0,0,0,0.0,0.0,1.0,0.0
5.94811027227533,9.605499023804422e-05,1e-08,0.3231814528033048,0.99999999,0.0,0.6666666666666666,0,0,-7.250776665725903,-7.250778653619991,1.0,5.948215545189354
12.44843163433252,5.799357001120321e-05,1e-08,0.2372738840766659,0.99999999,0.0,0.6666666666666666,0,0,-11.46847395608251,-11.46857358129418,1.0,12.57348224351429
0.0,0.0,1.0,0.0,0.0,0.0,1.0,0,0,0.0,0.0,1.0,0.0
0.0,0.0,1.0,0.0,0.0,0.0,1.0,0,0,0.0,0.0,1.0,0.0
20.0026833248621,0.0004404968912058753,1e-08,0.2989412839529376,0.99999999,0.0,0.6666666666666666,0,0,-17.40400281134993,-17.40390257680218,0.9998997704755611,20.14392991788711
0.061991148277922,1.290794991862976e-05,1e-08,10.19334408604292,0.99999999,2.276811935850361,0.1568505215145716,2,0,-20.05668262287054,-20.05637760862476,0.9996950322663214,0.0748438486725123
0.0,0.0,1.0,0.0,0.0,0.0,1.0,0,0,0.0,0.0,1.0,0.0
30.27240014471202,0.00396432238447009,1e-08,0.04101177113215713,0.99999999,0.0,0.6666666666666666,0,0,-15.22974738527319,-15.22986434527497,1.0,30.47027695457597
5.273948433562905,8.75900581038069e-05,1e-08,0.1457566903836632,0.99999999,0.0,0.6666666666666666,0,0,-12.10475812502885,-12.10482450646577,1.0,5.229704239558948
0.0,0.0,1.0,0.0,0.0,0.0,1.0,0,0,0.0,0.0,1.0,0.0
0.0,0.0,1.0,0.0,0.0,0.0,1.0,0,0,0.0,0.0,1.0,0.0
0.0,0.0,1.0,0.0,0.0,0.0,1.0,0,0,0.0,0.0,1.0,0.0
9.938790580195526,0.01647149798768713,1e-08,0.1793210355264336,0.99999999,0.0,0.6666666666666666,0,0,-9.521909299855382,-9.522425731418583,1.0,9.833930985742812
9.120914248053474,1.577393159783885e-05,1e-08,0.1747999819361616,0.99999999,0.0,0.6666666666666666,0,0,-9.078160164691267,-9.078271272726768,1.0,9.027730621259138
0.0,0.0,1.0,0.0,0.0,0.0,1.0,0,0,0.0,0.0,1.0,0.0
0.0,0.0,1.0,0.0,0.0,0.0,1.0,0,0,0.0,0.0,1.0,0.0
14.70964320605177,0.0001619980888010537,1e-08,0.1391948523041662,0.99999999,0.0,0.6666666666666666,0,0,-7.549417094066204,-7.549507700585357,1.0,14.41205684443831
8.002131280258112,0.02186517897172222,1e-08,0.261968370028597,0.99999999,0.0,0.6666666666666666,0,0,-7.228941233984599,-7.228740478662308,0.9997992648277004,8.111947539625245
0.03238447773993486,0.01655549755595454,1e-08,8.302837880493174,0.99999999,1.052672525478922,0.308081701590022,1,0,-11.12026405619769,-11.1063590055872,0.9861911780671341,0.03763458413114454
9.110661772883695,0.0007695171360225824,1e-08,19.54846499289423,0.99999999,0.4761113922209148,0.4360482560500026,4,0,-31.95018944479487,-31.9492781421704,0.9990891124856129,9.268851709868349
18.94696064622879,0.007524388465776667,1e-08,0.2926207439718292,0.99999999,0.0,0.6666666666666666,0,0,-12.68701261127431,-12.68616821314176,0.9991559582711868,19.53365368473024
0.0,0.0,1.0,0.0,0.0,0.0,1.0,0,0,0.0,0.0,1.0,0.0
0.0,0.0,1.0,0.0,0.0,0.0,1.0,0,0,0.0,0.0,1.0,0.0
0.0,0.0,1.0,0.0,0.0,0.0,1.0,0,0,0.0,0.0,1.0,0.0
0.0,0.0,1.0,0.0,0.0,0.0,1.0,0,0,0.0,0.0,1.0,0.0
0.0,0.0,1.0,0.0,0.0,0.0,1.0,0,0,0.0,0.0,1.0,0.0
18.69677233439528,0.0002063577230818619,1e-08,0.2413350504475576,0.99999999,0.0,0.6666666666666666,0,0,-8.645666832413122,-8.64581182877396,1.0,19.30633074561912
5.534726670670301,0.02280246200568596,1e-08,0.07966443507536078,0.99999999,0.0,0.6666666666666666,0,0,-9.949755693405459,-9.949733588403006,0.9999778952418601,5.549413876174651
34.18142868388612,6.762046981314798e-06,1e-08,0.1836942396997346,0.99999999,0.0,0.6666666666666666,0,0,-15.58422267314065,-15.58425484965472,1.0,34.6284337688686
19.82532157916062,0.009244354510769853,1e-08,0.2813402874550395,0.99999999,0.0,0.6666666666666666,0,0,-8.570039635717382,-8.570001593519951,0.9999619585261619,20.8446080334672
0.0,0.0,1.0,0.0,0.0,0.0,1.0,0,0,0.0,0.0,1.0,0.0
13.0414089369915,0.008806029805586132,1e-08,0.1973983646140791,0.99999999,0.0,0.6666666666666666,0,0,-9.086080261462818,-9.08618584208285,1.0,13.192694742199
40.01161454878894,0.004814730248097276,1e-08,0.1270835613999516,0.99999999,0.0,0.6666666666666666,0,0,-17.84499593296111,-17.84517319885564,1.0,40.61960023914008
11.26369756362102,1.087223531713137e-06,1e-08,0.1858658181489629,0.99999999,0.0,0.6666666666666666,0,0,-8.506791453545222,-8.506854477059862,1.0,11.13908250254171
0.0,0.0,1.0,0.0,0.0,0.0,1.0,0,0,0.0,0.0,1.0,0.0
5.31695062161111,0.0391353284297672,1e-08,0.2134902128507095,0.99999999,0.0,0.6666666666666666,0,0,-11.43013700636806,-11.42994583166969,0.9998088435743377,5.107893127299521
0.0,0.0,1.0,0.0,0.0,0.0,1.0,0,0,0.0,0.0,1.0,0.0
27.13348554048324,0.0,1e-08,3.618280230259567,0.99999999,0.0,0.6666666666666666,0,0,-21.40619980755114,-21.40618933210569,0.999989524609417,27.10419460814732
10.57812075245823,2.605109151862043e-05,1e-08,0.3975762821303017,0.99999999,0.0,0.6666666666666666,0,0,-7.766465675906454,-7.766466097047899,1.0,10.5783522601894
0.0,0.0,1.0,0.0,0.0,0.0,1.0,0,0,0.0,0.0,1.0,0.0
5.581104711647852,2.797338737746135,1e-08,21.09208293920944,0.99999999,0.3299016252522193,0.4806247567553724,0,0,-24.62396076241405,-24.61774697269067,0.993805475942741,5.729383930501699
0.0,0.0,1.0,0.0,0.0,0.0,1.0,0,0,0.0,0.0,1.0,0.0
106.6595283217506,0.006071893156192349,1e-08,0.273260197056611,0.99999999,0.0,0.6666666666666666,0,0,-35.66405300696045,-35.66435216363813,1.0,106.0236600934335
37.40163466493681,0.0,1e-08,38.81459049492432,0.99999999,-0.01360766660724266,0.6666666666666666,2,0,-39.5243655237314,-39.41332853461746,0.894905646544438,38.81686571426673
9.654429092125962,0.01063011396477306,1e-08,0.2076919908088223,0.99999999,0.0,0.6666666666666666,0,0,-9.826619703958334,-9.826543214095487,0.9999235130624239,9.812783653216654
12.19851879994222,0.0,1e-08,70.3942659991163,0.99999999,0.33315999469324,0.4795448137313758,2,0,-21.71242733492874,-21.47730289096146,0.790472473966157,11.73425372556084
8.486408379430507,1.604736962349035e-05,1e-08,0.1709895355672866,0.99999999,0.0,0.6666666666666666,0,0,-9.080953550444777,-9.081063568879257,1.0,8.401996332441751
9.3687282938563,0.0002450489941851462,1e-08,13.72279116080746,0.99999999,-0.007435504702080209,0.6666666666666666,0,0,-15.17546610481795,-15.18118904428028,1.0,9.61166798247376
25.61781869555215,0.006011080778731017,1e-08,0.1774706261654516,0.99999999,0.0,0.6666666666666666,0,0,-15.27156790238229,-15.27183507894206,1.0,25.24956552849776
0.0,0.0,1.0,0.0,0.0,0.0,1.0,0,0,0.0,0.0,1.0,0.0
0.0,0.0,1.0,0.0,0.0,0.0,1.0,0,0,0.0,0.0,1.0,0.0
0.0,0.0,1.0,0.0,0.0,0.0,1.0,0,0,0.0,0.0,1.0,0.0
0.0,0.0,1.0,0.0,0.0,0.0,1.0,0,0,0.0,0.0,1.0,0.0
31.90718698623263,0.00561958636937192,1e-08,0.531472112429061,0.99999999,0.0,0.6666666666666666,0,0,-11.74430345816471,-11.74448554531203,1.0,31.62437167633727
0.0,0.0,1.0,0.0,0.0,0.0,1.0,0,0,0.0,0.0,1.0,0.0
34.1210642433072,0.004780670841817495,1e-08,0.2702786870642637,0.99999999,0.0,0.6666666666666666,0,0,-11.00596512314577,-11.0058723044214,0.9999071855831492,34.47868068211261
0.0,0.0,1.0,0.0,0.0,0.0,1.0,0,0,0.0,0.0,1.0,0.0
10.74265039836446,0.01800628141061682,1e-08,0.2189876173659014,0.99999999,0.0,0.6666666666666666,0,0,-8.246987453886588,-8.247354818110033,1.0,10.65471118158997
1.090368032307405e-06,2.725920080768512e-10,1e-08,3.095446737389089,0.99999999,0.4676294564338974,0.4384436903943449,1,0,-8.330984093016653,-8.331537074477515,1.0,1.090368032307405e-06
0.0,0.0,1.0,0.0,0.0,0.0,1.0,0,0,0.0,0.0,1.0,0.0
82.84682362343631,0.003408200435877166,1e-08,0.03175314724460226,0.99999999,0.0,0.6666666666666666,0,0,-25.34991955356406,-25.35015418629495,1.0,83.0555369292767
33.37251981800731,6.834329851405195e-07,1e-08,0.1231833100099832,0.99999999,0.0,0.6666666666666666,0,0,-11.0338650168623,-11.03393736812669,1.0,33.55189575108763
88.77899438215256,0.002822260387477202,1e-08,0.02999072596504131,0.99999999,0.0,0.6666666666666666,0,0,-24.1450700160467,-24.14525683895616,1.0,88.7220718599472
9.932276481459626,0.01618249556917114,1e-08,0.2038453921830416,0.99999999,0.0,0.6666666666666666,0,0,-8.15104585021526,-8.151318066034746,1.0,10.18343656966525
0.0,0.0,1.0,0.0,0.0,0.0,1.0,0,0,0.0,0.0,1.0,0.0
0.0,0.0,1.0,0.0,0.0,0.0,1.0,0,0,0.0,0.0,1.0,0.0
29.59972744850879,1.254703165541213e-07,1e-08,0.1206744585814806,0.99999999,0.0,0.6666666666666666,0,0,-12.6128870177959,-12.6128583785332,0.9999713611473983,29.75089867852926
0.0,0.0,1.0,0.0,0.0,0.0,1.0,0,0,0.0,0.0,1.0,0.0
0.0,0.0,1.0,0.0,0.0,0.0,1.0,0,0,0.0,0.0,1.0,0.0
18.4796356051689,8.229788505328056e-06,1e-08,0.1101474130726519,0.99999999,0.0,0.6666666666666666,0,0,-10.63674460529343,-10.63674147916828,0.9999968738797372,18.55723056438077
0.0,0.0,1.0,0.0,0.0,0.0,1.0,0,0,0.0,0.0,1.0,0.0
8.507544700092549,9.841002715746236e-05,1e-08,0.3692481437541042,0.99999999,0.0,0.6666666666666666,0,0,-7.682107532828493,-7.682109320090253,1.0,8.50771619622556
0.0,0.0,1.0,0.0,0.0,0.0,1.0,0,0,0.0,0.0,1.0,0.0
20.01817770123753,1.609425387776313e-06,1e-08,0.1411726296057504,0.99999999,0.0,0.6666666666666666,0,0,-18.99039119996925,-18.9904238506061,1.0,19.96664699143824
8.9029646194326,2.931671817917278,1e-08,2.872520426680886,0.99999999,0.0,0.6666666666666666,0,0,-14.06010248540936,-14.05991505394075,0.9998125860955618,9.040370374315687
24.39487114353601,0.001337195920499736,1e-08,12.21248083390063,0.99999999,0.0,0.6666666666666666,0,0,-16.83775972667473,-16.81926763801526,0.9816778409478075,25.05048218289562
7.369552539051181,0.0005030538673222915,1e-08,11.21449724434103,0.99999999,0.003753684127538293,0.6513230323909035,1,0,-18.4757873579935,-18.47206319293278,0.9962827610411357,7.488381915470182
5.70777007824733,5.450061576003648e-05,1e-08,0.1820160853602263,0.99999999,0.0,0.6666666666666666,0,0,-11.13986613621666,-11.13955421969158,0.9996881321158059,5.537851100495903
5.347510692864492,0.0005442186855064664,1e-08,0.07875880851684788,0.99999999,0.0,0.6666666666666666,0,0,-8.751650157153852,-8.75167195703079,1.0,5.361530896952772
9.085332576774672,0.0001043156778771892,1e-08,0.1789745279188858,0.99999999,0.0,0.6666666666666666,0,0,-8.553758490704402,-8.553729268306887,0.9999707780294534,8.912159858286328
0.0,0.0,1.0,0.0,0.0,0.0,1.0,0,0,0.0,0.0,1.0,0.0
5.817757280067068,3.697558953721311,1e-08,3.783300836101053,0.99999999,0.0,0.6666666666666666,0,0,-13.56195237090033,-13.56212764993847,1.0,5.78648630402525
19.09083213521143,0.0098430651079804,1e-08,0.206249845729841,0.99999999,0.0,0.6666666666666666,0,0,-8.351921420514284,-8.352117971161487,1.0,19.41751667479707
7.52016128227997,3.080878282910996e-09,1e-08,0.353265491410925,0.99999999,0.0,0.6666666666666666,0,0,-10.1380291853338,-10.13802911520154,0.9999999298677433,7.520306121613047
6.053744060240959,7.139205925638904e-05,1e-08,0.2795980063300335,0.99999999,0.0,0.6666666666666666,0,0,-7.38140489811528,-7.381021071192738,0.9996162467295684,5.836308951850351
0.0,0.0,1.0,0.0,0.0,0.0,1.0,0,0,0.0,0.0,1.0,0.0
6.313394264922918,0.0005935135216602802,1e-08,0.1096089797138598,0.99999999,0.0,0.6666666666666666,0,0,-9.062807259737818,-9.06287166055196,1.0,6.220220190469285
0.0,0.0,1.0,0.0,0.0,0.0,1.0,0,0,0.0,0.0,1.0,0.0
0.0,0.0,1.0,0.0,0.0,0.0,1.0,0,0,0.0,0.0,1.0,0.0
12.05436981712805,0.0,1e-08,12.48382908017656,0.99999999,-0.1444760254283821,0.6666666666666666,1,0,-19.79109408821401,-19.86328440919616,1.0,11.9388405491833
0.0,0.0,1.0,0.0,0.0,0.0,1.0,0,0,0.0,0.0,1.0,0.0
12.31436241929599,7.727815506678087e-05,1e-08,0.5885473354102642,0.99999999,0.0,0.6666666666666666,0,0,-13.03102837922303,-13.03089960803629,0.9998712371039055,12.51911517826257
6.048030915823218,0.001512007728955804,1e-08,15.32537563265258,0.99999999,0.7667809758539548,0.3642648796291197,1,0,-26.45579312153429,-26.45792877670275,1.0,6.048030915823218
0.0,0.0,1.0,0.0,0.0,0.0,1.0,0,0,0.0,0.0,1.0,0.0
17.47545442412004,0.01829951702284123,1e-08,0.03817305480361514,0.99999999,0.0,0.6666666666666666,0,0,-7.903017173033271,-7.891966567477827,0.9890102280964552,14.53352129527192
0.0,0.0,1.0,0.0,0.0,0.0,1.0,0,0,0.0,0.0,1.0,0.0
21.86152201517175,0.001485882227257857,1e-08,37.09830998930004,0.99999999,0.0508790241047592,0.6039187049879728,2,0,-31.01254894211288,-30.94193541359764,0.9318219451551312,22.62975148004873
0.0,0.0,1.0,0.0,0.0,0.0,1.0,0,0,0.0,0.0,1.0,0.0
11.51557890650285,0.001720043007347448,1e-08,0.3202184271793381,0.99999999,0.0,0.6666666666666666,0,0,-6.33059856645442,-6.330443385302687,0.999844830888231,11.06525825375197
0.0001780675466130695,4.451688665326738e-08,1e-08,7.560040349206021,0.99999999,1.876371117397461,0.1947144753480073,0,0,-14.23714559061766,-14.24022569391008,1.0,0.0001780675466130695
0.02116209460307175,5.290523650767938e-06,1e-08,2.799325521236635,0.99999999,0.4309268290124066,0.4490552019715986,1,0,-9.793396952813046,-9.793736934164897,1.0,0.02116209460307174
0.0,0.0,1.0,0.0,0.0,0.0,1.0,0,0,0.0,0.0,1.0,0.0
7.510370324151997,1.060842194825522e-05,1e-08,0.1783273034709457,0.99999999,0.0,0.6666666666666666,0,0,-9.034952009741081,-9.03498179838727,1.0,7.430310366640525
0.0,0.0,1.0,0.0,0.0,0.0,1.0,0,0,0.0,0.0,1.0,0.0
10.57812075245823,2.605109151862043e-05,1e-08,0.3975762821303017,0.99999999,0.0,0.6666666666666666,0,0,-7.754003622950181,-7.754004020664346,1.0,10.5783522601894
19.52608969397723,0.008529150506034281,1e-08,0.1114306809671414,0.99999999,0.0,0.6666666666666666,0,0,-10.7129756191811,-10.71295928977473,0.9999836707269538,19.60994201081441
0.0,0.0,1.0,0.0,0.0,0.0,1.0,0,0,0.0,0.0,1.0,0.0
11.34394618306755,0.001762096878236748,1e-08,0.1694831667328882,0.99999999,0.0,0.6666666666666666,0,0,-9.415804976915366,-9.415627194551437,0.9998222334384097,11.43796961124802
0.0,0.0,1.0,0.0,0.0,0.0,1.0,0,0,0.0,0.0,1.0,0.0
8.54886428335435,2.243901415133844e-05,1e-08,0.1204150858494086,0.99999999,0.0,0.6666666666666666,0,0,-7.67494792843904,-7.674947647242286,0.9999997188032856,8.408112462326958
8.667139339006663,0.000216603981296862,1e-08,0.3716616899880143,0.99999999,0.0,0.6666666666666666,0,0,-8.566268840670128,-8.566273061123317,1.0,8.66731526696536
15.00070062920556,9.589732416290734e-06,1e-08,0.2285616054217993,0.99999999,0.0,0.6666666666666666,0,0,-6.543214594151868,-6.543273179205745,1.0,15.44741843314686
22.82063115999667,3.729014363388849e-05,1e-08,0.3492682735889674,0.99999999,0.0,0.6666666666666666,0,0,-12.04588980877238,-12.04594209541485,1.0,23.06030365593137
5.731823011329281,0.03237907487674871,1e-08,0.2094232184983724,0.99999999,0.0,0.6666666666666666,0,0,-12.93562470119056,-12.93596160167496,1.0,5.673323052278289
0.0,0.0,1.0,0.0,0.0,0.0,1.0,0,0,0.0,0.0,1.0,0.0
40.99262519949806,0.007111422935622578,1e-08,0.4843215944047951,0.99999999,0.0,0.6666666666666666,0,0,-16.10504422120381,-16.10513524806969,1.0,41.01318272293298
0.0,0.0,1.0,0.0,0.0,0.0,1.0,0,0,0.0,0.0,1.0,0.0
5.70777007824733,5.450061576003648e-05,1e-08,0.1820160853602263,0.99999999,0.0,0.6666666666666666,0,0,-10.0436588629918,-10.04332256654972,0.9996637600992139,5.537851100495903
12.43533637950048,0.008537908902758936,1e-08,0.118594452244093,0.99999999,0.0,0.6666666666666666,0,0,-7.715034218296403,-7.714368622691721,0.9993346258549004,12.86642665401776
7.482175733303488,0.01212195755538594,1e-08,0.2481465157667818,0.99999999,0.0,0.6666666666666666,0,0,-8.058496863893568,-8.051597813697494,0.9931246936157441,8.322862594608809
0.0,0.0,1.0,0.0,0.0,0.0,1.0,0,0,0.0,0.0,1.0,0.0
8.407943714977444,2.194945032155439e-05,1e-08,0.3677194534367177,0.99999999,0.0,0.6666666666666666,0,0,-10.01242108658154,-10.01242166478933,1.0,8.408112462326958
10.52012399914737,0.0003208348484901688,1e-08,0.1970439575428315,0.99999999,0.0,0.6666666666666666,0,0,-8.396909122865743,-8.39692687739879,1.0,10.49696556392982
0.0,0.0,1.0,0.0,0.0,0.0,1.0,0,0,0.0,0.0,1.0,0.0
13.75337852533839,0.01246380327089894,1e-08,0.4401085123252211,0.99999999,0.0,0.6666666666666666,0,0,-8.382526323500588,-8.382751034709154,1.0,13.62430664248248
0.0,0.0,1.0,0.0,0.0,0.0,1.0,0,0,0.0,0.0,1.0,0.0
0.0,0.0,1.0,0.0,0.0,0.0,1.0,0,0,0.0,0.0,1.0,0.0
0.0,0.0,1.0,0.0,0.0,0.0,1.0,0,0,0.0,0.0,1.0,0.0
0.0,0.0,1.0,0.0,0.0,0.0,1.0,0,0,0.0,0.0,1.0,0.0
0.0,0.0,1.0,0.0,0.0,0.0,1.0,0,0,0.0,0.0,1.0,0.0
0.0,0.0,1.0,0.0,0.0,0.0,1.0,0,0,0.0,0.0,1.0,0.0
8.593591953049827,9.98283489062409e-05,1e-08,0.1716536025067731,0.99999999,0.0,0.6666666666666666,0,0,-7.917212243584757,-7.91729487832321,1.0,8.50771619622556
13.01220799675509,0.0004368364086930576,1e-08,0.3424219551802793,0.99999999,0.0,0.6666666666666666,0,0,-7.534188992778806,-7.534227736845115,1.0,12.83796088795198
0.0,0.0,1.0,0.0,0.0,0.0,1.0,0,0,0.0,0.0,1.0,0.0
53.82987822183851,0.00638016971891476,1e-08,0.2421314975267439,0.99999999,0.0,0.6666666666666666,0,0,-17.68986207628393,-17.68985519060292,0.9999931143426957,53.48868154202876
0.0,0.0,1.0,0.0,0.0,0.0,1.0,0,0,0.0,0.0,1.0,0.0
0.0,0.0,1.0,0.0,0.0,0.0,1.0,0,0,0.0,0.0,1.0,0.0
12.58976506203209,1.690670205312299e-06,1e-08,0.4201868210801717,0.99999999,0.0,0.6666666666666666,0,0,-9.035912898106192,-9.035913298543052,1.0,12.59005976253109
18.48067106429236,0.004560228920648867,1e-08,0.4866851489196249,0.99999999,0.0,0.6666666666666666,0,0,-15.12937792935052,-15.1293407921527,0.9999628634917552,18.59303531823043
27.96626207622979,0.005159587974313661,1e-08,0.2452164690531459,0.99999999,0.0,0.6666666666666666,0,0,-15.79611498421404,-15.79616907432101,1.0,28.26194297439555
0.0,0.0,1.0,0.0,0.0,0.0,1.0,0,0,0.0,0.0,1.0,0.0
24.00383730804361,0.004481050987210732,1e-08,0.1161204479921988,0.99999999,0.0,0.6666666666666666,0,0,-12.25411654433699,-12.25411473300226,0.9999981886669101,24.1160919570912
17.13326057909234,0.0,1e-08,16.44743025633485,0.99999999,0.0,0.6666666666666666,0,0,-21.78999187900142,-21.74221752078335,0.9533488781470669,18.01758687504784
29.8255242070455,0.005309962655996538,1e-08,0.1804208716809799,0.99999999,0.0,0.6666666666666666,0,0,-21.97287324964347,-21.97307138860475,1.0,29.05848907545105
23.59251882409867,2.419932393135688e-05,1e-08,0.1157353707145889,0.99999999,0.0,0.6666666666666666,0,0,-13.11973540105697,-13.11980482412208,1.0,23.70205873942911
0.0,0.0,1.0,0.0,0.0,0.0,1.0,0,0,0.0,0.0,1.0,0.0
16.21817570145798,0.01291217956621248,1e-08,0.1779336593479292,0.99999999,0.0,0.6666666666666666,0,0,-20.73825767254926,-20.73854987391918,1.0,15.84449809791785
6.31823693953907,0.0006897542433147455,1e-08,0.08314600982063605,0.99999999,0.0,0.6666666666666666,0,0,-9.556677081922492,-9.55670474037117,1.0,6.335810196268508
0.0,0.0,1.0,0.0,0.0,0.0,1.0,0,0,0.0,0.0,1.0,0.0
13.07724544255963,0.00863107705029702,1e-08,0.3032870784806873,0.99999999,0.0,0.6666666666666666,0,0,-7.387072063294228,-7.387156759800977,1.0,13.192694742199
8.002131280258112,0.02186517897172222,1e-08,0.261968370028597,0.99999999,0.0,0.6666666666666666,0,0,-7.228941233984599,-7.228740478662308,0.9997992648277004,8.111947539625245
8.796788567902322,0.001631683366781374,1e-08,9.743446261841273,0.99999999,-0.005745854551101104,0.6666666666666666,0,0,-14.33367492268544,-14.34094707100362,1.0,8.482394336307284
0.0,0.0,1.0,0.0,0.0,0.0,1.0,0,0,0.0,0.0,1.0,0.0
5.763013578390083,0.0009547301134553895,1e-08,0.3191680113859833,0.99999999,0.0,0.6666666666666666,0,0,-10.76462098813247,-10.7646401559801,1.0,5.763114440939757
24.96370362544696,0.001142385616752367,1e-08,11.63210264864364,0.99999999,0.0,0.6666666666666666,0,0,-17.87593618674718,-17.90779766377207,1.0,24.83065002120319
5.443487875849958,4.082615906887469,1e-08,8.165231813774938,0.99999999,0.002275612904057311,0.6548354992145915,0,0,-17.20189906293268,-17.20070969024606,0.9988113343366818,5.443487875849958
0.0,0.0,1.0,0.0,0.0,0.0,1.0,0,0,0.0,0.0,1.0,0.0
5.02795207237341,0.02544461187982004,1e-08,0.1333853624970412,0.99999999,0.0,0.6666666666666666,0,0,-8.682040239916477,-8.681567327059705,0.9995271989488632,5.356004501392091
7.94685223152034,0.006252230310061456,1e-08,0.3604060575458887,0.99999999,0.0,0.6666666666666666,0,0,-9.780863723316715,-9.780971957852673,1.0,7.947008427029381
13.79380755890941,0.0002403398663191449,1e-08,0.365781121744425,0.99999999,0.0,0.6666666666666666,0,0,-7.879334314875837,-7.878788501270226,0.9994543353235104,14.27911190554537
0.0,0.0,1.0,0.0,0.0,0.0,1.0,0,0,0.0,0.0,1.0,0.0
0.0,0.0,1.0,0.0,0.0,0.0,1.0,0,0,0.0,0.0,1.0,0.0
0.0,0.0,1.0,0.0,0.0,0.0,1.0,0,0,0.0,0.0,1.0,0.0
26.89462181432686,0.00488896034828409,1e-08,0.1798980857793381,0.99999999,0.0,0.6666666666666666,0,0,-11.99572213192307,-11.99626943882299,1.0,26.89394698541838
32.97338581253222,0.005030361481492161,1e-08,0.2303425101433177,0.99999999,0.0,0.6666666666666666,0,0,-19.63007478593355,-19.62998744777978,0.9999126656600887,32.75449583037746
5.846323579966643,0.001461580894991661,1e-08,7.568367624739673,0.99999999,0.04556561883861576,0.6076976221813334,0,0,-18.89576601630989,-18.89652593124062,1.0,5.846323579966643
0.0,0.0,1.0,0.0,0.0,0.0,1.0,0,0,0.0,0.0,1.0,0.0
0.0,0.0,1.0,0.0,0.0,0.0,1.0,0,0,0.0,0.0,1.0,0.0
7.298754791276608,0.0003041941500777599,1e-08,0.1759513383082855,0.99999999,0.0,0.6666666666666666,0,0,-9.623505492541558,-9.623512216155694,1.0,7.284736370357367
0.0,0.0,1.0,0.0,0.0,0.0,1.0,0,0,0.0,0.0,1.0,0.0
10.16832113798647,4.640888798875924e-05,1e-08,0.3924358099652823,0.99999999,0.0,0.6666666666666666,0,0,-8.413149588458205,-8.41315070204429,1.0,10.16854034749275
6.1127897336795,4.788184662385389e-05,1e-08,0.1656763579744114,0.99999999,0.0,0.6666666666666666,0,0,-10.84070458095156,-10.84071591013872,1.0,6.101775175931678
0.0,0.0,1.0,0.0,0.0,0.0,1.0,0,0,0.0,0.0,1.0,0.0
8.774223397421585,0.01334179575905023,1e-08,0.1727535020495773,0.99999999,0.0,0.6666666666666666,0,0,-9.375493199633352,-9.375898842964967,1.0,8.685864228482995
0.0,0.0,1.0,0.0,0.0,0.0,1.0,0,0,0.0,0.0,1.0,0.0
5.105714374018041,0.001015844616482012,1e-08,0.1020109665966373,0.99999999,0.0,0.6666666666666666,0,0,-10.03232959166233,-10.03240403340136,1.0,5.035736056286468
0.0,0.0,1.0,0.0,0.0,0.0,1.0,0,0,0.0,0.0,1.0,0.0
0.0,0.0,1.0,0.0,0.0,0.0,1.0,0,0,0.0,0.0,1.0,0.0
22.6206219892674,0.008705190117145645,1e-08,0.03669877838689111,0.99999999,0.0,0.6666666666666666,0,0,-12.46130538176733,-12.45795127419449,0.9966515111620888,21.05822860930985
0.0,0.0,1.0,0.0,0.0,0.0,1.0,0,0,0.0,0.0,1.0,0.0
11.65930025441505,8.786685968802518,1e-08,10.38149404200858,0.99999999,0.0,0.6666666666666666,0,0,-22.38859398831064,-22.39020678715566,1.0,11.91609762199336
19.02871477978246,0.0,1e-08,18.20160271592597,0.99999999,0.0,0.6666666666666666,0,0,-19.8994833756608,-19.85394825487622,0.9554860445608108,18.44182285257204
0.0,0.0,1.0,0.0,0.0,0.0,1.0,0,0,0.0,0.0,1.0,0.0
0.0,0.0,1.0,0.0,0.0,0.0,1.0,0,0,0.0,0.0,1.0,0.0
10.10982647508368,0.002612197564938745,1e-08,0.1712301150999549,0.99999999,0.0,0.6666666666666666,0,0,-10.64546858976647,-10.64577637527869,1.0,10.64074262851875
0.0,0.0,1.0,0.0,0.0,0.0,1.0,0,0,0.0,0.0,1.0,0.0
0.03645976607142296,9.11494151785574e-06,1e-08,3.977277312854279,0.99999999,1.041557038604445,0.3100591102200094,1,0,-9.401166708780943,-9.40201025144658,1.0,0.03645976607142294
23.92288020071971,0.0,1e-08,697.6382764467809,0.99999999,5.174073082351363,0.03446690589185453,1,0,-22.66139538724644,-17.90511928193936,0.00859756629044317,24.56032683670567
76.97610629760592,0.5906571436390408,1e-08,21.9955065904921,0.99999999,0.0,0.6666666666666666,0,0,-32.00516238172038,-32.00533465672908,1.0,76.28216759337774
0.08619516788412689,0.04170550446875865,1e-08,36.49224467122489,0.99999999,0.9158608152990197,0.3335194577870395,2,0,-17.26149234086086,-17.16286713572415,0.9060822393564233,0.07406551433769473
7.218668738791441,6.250157257220592,1e-08,5.973933506749764,0.99999999,0.0,0.6666666666666666,0,0,-10.86013255410818,-10.85943903282569,0.999306719147775,6.996378467710554
12.29056698511515,4.844188689917107,1e-08,4.396984480949154,0.99999999,0.0,0.6666666666666666,0,0,-10.89061202675241,-10.89074027122292,1.0,12.42997435577789
5.655283898971647,0.001413820974742912,1e-08,7.647059426517466,0.99999999,0.04849479073593699,0.6055939152530959,0,0,-19.49775293956197,-19.50136219005989,1.0,5.655283898971647
0.0,0.0,1.0,0.0,0.0,0.0,1.0,0,0,0.0,0.0,1.0,0.0
13.71511089994057,0.006641355136332839,1e-08,0.212063546903263,0.99999999,0.0,0.6666666666666666,0,0,-8.29482709283432,-8.295023093248604,1.0,13.68165293306436
13.06163921263744,0.0004368183006319468,1e-08,13.84059656150193,0.99999999,-0.004718015029361311,0.6666666666666666,0,0,-15.85975036488154,-15.86826073270238,1.0,13.07846311801964
0.0,0.0,1.0,0.0,0.0,0.0,1.0,0,0,0.0,0.0,1.0,0.0
0.0,0.0,1.0,0.0,0.0,0.0,1.0,0,0,0.0,0.0,1.0,0.0
5.114622881210418,3.920771146902547,1e-08,4.583968478243486,0.99999999,0.0,0.6666666666666666,0,0,-15.06677280895585,-15.06695836202737,1.0,5.05238152644742
0.0005371831924415797,1.342957981103949e-07,1e-08,4.542014284474789,0.99999999,1.112591043084578,0.2976764624059894,1,0,-10.43447161144124,-10.43470284007418,1.0,0.0005371831924415795
0.0,0.0,1.0,0.0,0.0,0.0,1.0,0,0,0.0,0.0,1.0,0.0
10.09464026627786,0.0002410852839653811,1e-08,12.39344445547481,0.99999999,-0.01144705670289881,0.6666666666666666,1,0,-15.4707417421995,-15.48237439435116,1.0,10.19849701748158
11.23031421714443,0.00112363479903032,1e-08,22.72429981859937,0.99999999,0.05939193730313974,0.5981761095500504,0,0,-16.86546606795754,-16.79813259361443,0.9348833897214207,11.36585215273703
8.40999952839619,0.0,1e-08,82.65105008163997,0.99999999,0.1984517050545378,0.5288227106518479,1,0,-17.9851068466118,-17.85945066419424,0.8819180135765966,8.733557566325077
13.09187971898243,0.0,1e-08,11.01307024294581,0.99999999,0.0,0.6666666666666666,0,0,-16.27875255051596,-16.26235826781117,0.9837393721584284,12.96372878389358
8.848155282979125,0.01516340846988428,1e-08,0.3743472449097968,0.99999999,0.0,0.6666666666666666,0,0,-8.787851750646638,-8.788120981515712,1.0,8.848336278021966
5.733537728211713,3.468970747570153,1e-08,3.547856310819814,0.99999999,0.0,0.6666666666666666,0,0,-14.04550968556538,-14.04557255782071,1.0,5.776167165176255
43.62725329422818,4.071996767808443,1e-08,3.506495013241482,0.99999999,0.0,0.6666666666666666,0,0,-21.30134039349626,-21.30178067660798,1.0,44.13349793349693
0.04251086994901259,1.062771748725315e-05,1e-08,4.176567352321513,0.99999999,0.4392456426333453,0.44661393387686,1,0,-9.833042775919672,-9.833195527654047,1.0,0.04251086994901262
0.0,0.0,1.0,0.0,0.0,0.0,1.0,0,0,0.0,0.0,1.0,0.0
0.0,0.0,1.0,0.0,0.0,0.0,1.0,0,0,0.0,0.0,1.0,0.0
0.0,0.0,1.0,0.0,0.0,0.0,1.0,0,0,0.0,0.0,1.0,0.0
8.04485083218246,1.474900052356417e-05,1e-08,0.2851590297524412,0.99999999,0.0,0.6666666666666666,0,0,-8.699528215390444,-8.699329702583958,0.9998015068958668,7.769115036882422
5.075209249653382,3.862407890118355,1e-08,4.006349619030128,0.99999999,0.0,0.6666666666666666,0,0,-11.82687525410624,-11.82703539887811,1.0,5.095907947316825
0.0001127327846640336,5.355302529378184e-05,1e-08,278.0654441161184,0.99999999,1.90212137096994,0.1920070298030132,1,0,-11.87882093372457,-11.5942988087059,0.7523737089846133,0.0001572094257163491
0.02781197256213817,6.952993140534542e-06,1e-08,2.934564431523286,0.99999999,0.6153941189332954,0.3993798036903404,1,0,-9.873772776531634,-9.875316434354703,1.0,0.02781197256213816
0.0,0.0,1.0,0.0,0.0,0.0,1.0,0,0,0.0,0.0,1.0,0.0
0.02344433126082077,5.861082815205193e-06,1e-08,2.875303179729182,0.99999999,0.6521740789446788,0.3904398051672867,1,0,-11.05541975123611,-11.05555975116062,1.0,0.02344433126082077
0.0005375776897458092,0.0002716585083803376,1e-08,6.926980958595671,0.99999999,0.7706134692146769,0.36343024979052,1,0,-11.15619692838975,-11.14958349491402,0.9934083871455214,0.0005260225765045815
14.51131945731709,1.827694555022374e-07,1e-08,0.3122641338236509,0.99999999,0.0,0.6666666666666666,0,0,-7.998487279711775,-7.998438215736722,0.9999509372285611,14.64482565064761
0.0,0.0,1.0,0.0,0.0,0.0,1.0,0,0,0.0,0.0,1.0,0.0
12.45881894390911,0.005536128349178412,1e-08,0.1006110723666079,0.99999999,0.0,0.6666666666666666,0,0,-15.12130265898979,-15.12125884369117,0.9999561856612526,12.50351935248036
0.03645976607142296,9.11494151785574e-06,1e-08,3.977277312854279,0.99999999,0.4085350162246826,0.4557370978368394,1,0,-8.672766064829583,-8.67424713455679,1.0,0.03645976607142294
9.714483019921248,0.01140608935291024,1e-08,0.3864948011046581,0.99999999,0.0,0.6666666666666666,0,0,-7.006726722391057,-7.006967354193843,1.0,9.714688847023108
12.3671252792852,0.0,1e-08,14.22801298183847,0.99999999,0.008041975946781577,0.6437584172841954,1,0,-16.57549916069732,-16.53696288396689,0.9621967987508306,12.26236641556955
23.23645234269745,0.00230674147403768,1e-08,0.1153953975633225,0.99999999,0.0,0.6666666666666666,0,0,-14.91969097528822,-14.91965607264797,0.9999650979688383,23.34365899829363
0.0,0.0,1.0,0.0,0.0,0.0,1.0,0,0,0.0,0.0,1.0,0.0
10.562055149498,0.0170423654588831,1e-08,0.2133306983894845,0.99999999,0.0,0.6666666666666666,0,0,-8.260900439905074,-8.260756596226397,0.9998561666663217,10.74139558153424
25.66812796590802,9.501428888621291e-06,1e-08,0.1725823040887622,0.99999999,0.0,0.6666666666666666,0,0,-14.66400482269202,-14.66451925159306,1.0,25.16253185846022
20.75833978555119,3.115019343420099,1e-08,3.188455805455644,0.99999999,0.0,0.6666666666666666,0,0,-15.91295621011662,-15.9132576014296,1.0,20.88302346940221
16.12011552690881,0.0,1e-08,13.99766239006238,0.99999999,0.0,0.6666666666666666,0,0,-12.76177528348266,-12.71090991478926,0.9504066164014646,15.27356238187945
0.0,0.0,1.0,0.0,0.0,0.0,1.0,0,0,0.0,0.0,1.0,0.0
12.67564107986539,3.227878078419129e-06,1e-08,0.4210674198430876,0.99999999,0.0,0.6666666666666666,0,0,-8.443275458429053,-8.44327560756535,1.0,12.67593857867012
0.0,0.0,1.0,0.0,0.0,0.0,1.0,0,0,0.0,0.0,1.0,0.0
26.22252316887873,0.0,1e-08,307.2329512448616,0.99999999,2.232743207981081,0.1606049315264412,1,0,-19.63161487125944,-16.3291916968857,0.03679390125448445,25.65985255485339
0.0,0.0,1.0,0.0,0.0,0.0,1.0,0,0,0.0,0.0,1.0,0.0
7.512143238028842,1.051329060236248e-05,1e-08,0.2868879705687389,0.99999999,0.0,0.6666666666666666,0,0,-8.801985019190385,-8.80199698617793,1.0,7.430310366640525
0.0,0.0,1.0,0.0,0.0,0.0,1.0,0,0,0.0,0.0,1.0,0.0
8.486408379430507,1.604736962349035e-05,1e-08,0.1709895355672866,0.99999999,0.0,0.6666666666666666,0,0,-9.086265885433534,-9.086375296272575,1.0,8.401996332441751
6.458410776597633,0.03078129339420115,1e-08,0.1965624984771152,0.99999999,0.0,0.6666666666666666,0,0,-8.676541983560126,-8.675185705343324,0.9986446411127591,6.726351929280822
7.458206784782277,6.801108835376531e-06,1e-08,0.1913906981560064,0.99999999,0.0,0.6666666666666666,0,0,-9.952887844596733,-9.952667017188533,0.9997791969723666,7.569208882037707
0.06021758622211654,1.240137901794516e-05,1e-08,10.85543136443745,0.99999999,1.935411245302134,0.1885666843373051,1,0,-17.26060192133356,-17.26271658694378,1.0,0.07275205778726443
0.0,0.0,1.0,0.0,0.0,0.0,1.0,0,0,0.0,0.0,1.0,0.0
0.0,0.0,1.0,0.0,0.0,0.0,1.0,0,0,0.0,0.0,1.0,0.0
0.0,0.0,1.0,0.0,0.0,0.0,1.0,0,0,0.0,0.0,1.0,0.0
0.0,0.0,1.0,0.0,0.0,0.0,1.0,0,0,0.0,0.0,1.0,0.0
9.947515747090812e-06,2.486878936772703e-09,1e-08,3.716528643773933,0.99999999,1.01645529628593,0.3145806880158687,0,0,-9.662137050836991,-9.662198194940505,1.0,9.947515747090808e-06
11.35633481855082,3.11689820558597,1e-08,3.157844764702129,0.99999999,0.0,0.6666666666666666,0,0,-12.3698147499481,-12.3699030078872,1.0,11.52471154007809
34.86920378610575,0.002146582966124563,1e-08,0.124082417717984,0.99999999,0.0,0.6666666666666666,0,0,-11.22472485283405,-11.22475996787619,1.0,35.06018213317029
0.0,0.0,1.0,0.0,0.0,0.0,1.0,0,0,0.0,0.0,1.0,0.0
0.01444518644509886,0.0,1e-08,4.05905734914101,0.99999999,1.154554269166667,0.2906351651337197,0,0,-9.88368459856559,-9.883568726562746,0.999884134710051,0.01444518644509886
19.14755921273733,11.44160170892468,1e-08,10.96108327357106,0.99999999,0.0,0.6666666666666666,0,0,-27.22614231224533,-27.22637158568838,1.0,19.98652690052971
10.8140141875062,0.001525623911783253,1e-08,10.72263745793245,0.99999999,0.0,0.6666666666666666,0,0,-14.51555201221322,-14.56733702143812,1.0,10.26532456424066
12.65285534845685,0.01526457613650115,1e-08,2.661453493422988,0.99999999,0.0,0.6666666666666666,0,0,-14.64783773905794,-14.64785513287226,1.0,12.90341777028352
0.0,0.0,1.0,0.0,0.0,0.0,1.0,0,0,0.0,0.0,1.0,0.0
5.832772478692853,0.01915664948635944,1e-08,0.2439681287567452,0.99999999,0.0,0.6666666666666666,0,0,-8.717806010809474,-8.716996475012223,0.9991907917884076,6.193812800777606
31.13226251439285,0.006902194654119507,1e-08,0.01831501661686493,0.99999999,0.0,0.6666666666666666,0,0,-9.222543751833538,-9.219195739519007,0.9966575860290074,29.3794109702556
