alpha,beta,alpha=beta,LRT,p-value,Total branch length,dN/dS LB,dN/dS MLE,dN/dS UB
0.0,0.0,0.0,0.0,1.0,0.0,0,0.0,0.0
0.0,0.0,0.0,0.0,1.0,0.0,0,0.0,0.0
0.0,0.0,0.0,0.0,1.0,0.0,0,0.0,0.0
0.0,0.0,0.0,0.0,1.0,0.0,0,0.0,0.0
0.0,0.0,0.0,0.0,1.0,0.0,0,0.0,0.0
0.0,0.0,0.0,0.0,1.0,0.0,0,0.0,0.0
0.0,0.0,0.0,0.0,1.0,0.0,0,0.0,0.0
0.0,0.0,0.0,0.0,1.0,0.0,0,0.0,0.0
0.0,0.0,0.0,0.0,1.0,0.0,0,0.0,0.0
0.0,0.0,0.0,0.0,1.0,0.0,0,0.0,0.0
0.0,0.0,0.0,0.0,1.0,0.0,0,0.0,0.0
0.0,0.0,0.0,0.0,1.0,0.0,0,0.0,0.0
0.0,0.0,0.0,0.0,1.0,0.0,0,0.0,0.0
0.0,0.0,0.0,0.0,1.0,0.0,0,0.0,0.0
0.0,0.0,0.0,0.0,1.0,0.0,0,0.0,0.0
0.0,0.0,0.0,0.0,1.0,0.0,0,0.0,0.0
0.0,0.0,0.0,0.0,1.0,0.0,0,0.0,0.0
0.0,0.0,0.0,0.0,1.0,0.0,0,0.0,0.0
0.0,0.0,0.0,0.0,1.0,0.0,0,0.0,0.0
0.0,0.0,0.0,0.0,1.0,0.0,0,0.0,0.0
0.0,0.0,0.0,0.0,1.0,0.0,0,0.0,0.0
0.0,0.0,0.0,0.0,1.0,0.0,0,0.0,0.0
0.0,0.0,0.0,0.0,1.0,0.0,0,0.0,0.0
0.0,0.0,0.0,0.0,1.0,0.0,0,0.0,0.0
0.0,0.0,0.0,0.0,1.0,0.0,0,0.0,0.0
0.0,0.0,0.0,0.0,1.0,0.0,0,0.0,0.0
0.0,0.0,0.0,0.0,1.0,0.0,0,0.0,0.0
0.0,0.0,0.0,0.0,1.0,0.0,0,0.0,0.0
0.0,0.0,0.0,0.0,1.0,0.0,0,0.0,0.0
0.0,0.0,0.0,0.0,1.0,0.0,0,0.0,0.0
0.0,0.0,0.0,0.0,1.0,0.0,0,0.0,0.0
0.0,0.0,0.0,0.0,1.0,0.0,0,0.0,0.0
0.0,0.0,0.0,0.0,1.0,0.0,0,0.0,0.0
0.0,0.0,0.0,0.0,1.0,0.0,0,0.0,0.0
0.0,0.0,0.0,0.0,1.0,0.0,0,0.0,0.0
0.0,0.0,0.0,0.0,1.0,0.0,0,0.0,0.0
0.0,0.0,0.0,0.0,1.0,0.0,0,0.0,0.0
0.0,0.0,0.0,0.0,1.0,0.0,0,0.0,0.0
0.0,0.0,0.0,0.0,1.0,0.0,0,0.0,0.0
0.0,0.0,0.0,0.0,1.0,0.0,0,0.0,0.0
0.0,0.0,0.0,0.0,1.0,0.0,0,0.0,0.0
0.0,0.0,0.0,0.0,1.0,0.0,0,0.0,0.0
0.0,0.0,0.0,0.0,1.0,0.0,0,0.0,0.0
0.0,0.0,0.0,0.0,1.0,0.0,0,0.0,0.0
0.0,0.0,0.0,0.0,1.0,0.0,0,0.0,0.0
0.0,0.0,0.0,0.0,1.0,0.0,0,0.0,0.0
0.0,0.0,0.0,0.0,1.0,0.0,0,0.0,0.0
0.0,0.0,0.0,0.0,1.0,0.0,0,0.0,0.0
0.0,0.0,0.0,0.0,1.0,0.0,0,0.0,0.0
0.0,0.0,0.0,0.0,1.0,0.0,0,0.0,0.0
0.0,0.0,0.0,0.0,1.0,0.0,0,0.0,0.0
0.0,0.0,0.0,0.0,1.0,0.0,0,0.0,0.0
0.0,0.0,0.0,0.0,1.0,0.0,0,0.0,0.0
0.0,0.0,0.0,0.0,1.0,0.0,0,0.0,0.0
0.0,0.0,0.0,0.0,1.0,0.0,0,0.0,0.0
0.0,0.0,0.0,0.0,1.0,0.0,0,0.0,0.0
0.0,0.0,0.0,0.0,1.0,0.0,0,0.0,0.0
0.0,0.0,0.0,0.0,1.0,0.0,0,0.0,0.0
0.0,0.0,0.0,0.0,1.0,0.0,0,0.0,0.0
0.0,0.0,0.0,0.0,1.0,0.0,0,0.0,0.0
0.0,0.0,0.0,0.0,1.0,0.0,0,0.0,0.0
0.0,0.0,0.0,0.0,1.0,0.0,0,0.0,0.0
0.0,0.0,0.0,0.0,1.0,0.0,0,0.0,0.0
0.0,0.0,0.0,0.0,1.0,0.0,0,0.0,0.0
0.0,0.0,0.0,0.0,1.0,0.0,0,0.0,0.0
0.0,0.0,0.0,0.0,1.0,0.0,0,0.0,0.0
0.0,0.0,0.0,0.0,1.0,0.0,0,0.0,0.0
0.0,0.0,0.0,0.0,1.0,0.0,0,0.0,0.0
0.0,0.0,0.0,0.0,1.0,0.0,0,0.0,0.0
0.0,0.0,0.0,0.0,1.0,0.0,0,0.0,0.0
0.0,0.0,0.0,0.0,1.0,0.0,0,0.0,0.0
0.0,0.0,0.0,0.0,1.0,0.0,0,0.0,0.0
0.0,0.0,0.0,0.0,1.0,0.0,0,0.0,0.0
0.0,0.0,0.0,0.0,1.0,0.0,0,0.0,0.0
0.0,0.0,0.0,0.0,1.0,0.0,0,0.0,0.0
0.0,0.0,0.0,0.0,1.0,0.0,0,0.0,0.0
0.0,0.0,0.0,0.0,1.0,0.0,0,0.0,0.0
0.0,0.0,0.0,0.0,1.0,0.0,0,0.0,0.0
0.0,0.0,0.0,0.0,1.0,0.0,0,0.0,0.0
0.0,0.0,0.0,0.0,1.0,0.0,0,0.0,0.0
0.0,0.0,0.0,0.0,1.0,0.0,0,0.0,0.0
0.0,0.0,0.0,0.0,1.0,0.0,0,0.0,0.0
0.0,0.0,0.0,0.0,1.0,0.0,0,0.0,0.0
0.0,0.0,0.0,0.0,1.0,0.0,0,0.0,0.0
0.0,0.0,0.0,0.0,1.0,0.0,0,0.0,0.0
0.0,0.0,0.0,0.0,1.0,0.0,0,0.0,0.0
0.0,0.0,0.0,0.0,1.0,0.0,0,0.0,0.0
0.0,0.0,0.0,0.0,1.0,0.0,0,0.0,0.0
0.0,0.0,0.0,0.0,1.0,0.0,0,0.0,0.0
0.0,0.0,0.0,0.0,1.0,0.0,0,0.0,0.0
0.0,0.0,0.0,0.0,1.0,0.0,0,0.0,0.0
0.0,0.0,0.0,0.0,1.0,0.0,0,0.0,0.0
0.0,0.0,0.0,0.0,1.0,0.0,0,0.0,0.0
3.848785396825795,3.825680747541217e-07,0.8036503072105091,2.188973004221612,0.1390019701136921,0.4282821672338859,0,9.939968985270955e-08,0.7077108631473055
3.180576772221066,2.63969495150741e-06,1.527265779938304,3.341656165546226,0.06754658928065438,0.8139120862711153,0,8.299422213487566e-07,0.8116262069031835
0.0,0.0,0.0,0.0,1.0,0.0,0,0.0,0.0
1.008322282129511,1.859224858401628e-05,0.4999241487369857,1.326339712582277,0.2494574320904794,0.2664201033118598,0,1.843879572387379e-05,2.562847722621609
0.0,0.0,0.0,0.0,1.0,0.0,0,0.0,0.0
0.0,0.0,0.0,0.0,1.0,0.0,0,0.0,0.0
0.0,0.0,0.0,0.0,1.0,0.0,0,0.0,0.0
0.0,0.0,0.0,0.0,1.0,0.0,0,0.0,0.0
0.0,0.0,0.0,0.0,1.0,0.0,0,0.0,0.0
0.0,0.0,0.0,0.0,1.0,0.0,0,0.0,0.0
1.447347461908322,4.595468606689599e-06,0.4548536556186416,2.156274520235764,0.1419885802112678,0.2424010887008592,0,3.175097015495155e-06,1.010550195914776
1.477785803019054,0.0001779483247036179,0.5955933752509327,1.669894490603292,0.1962726672360876,0.3174042481586435,0,0.0001204155056436982,1.748906465409794
2.284030026693145,2.381678110108619e-06,1.120680133382334,2.655506129024289,0.1031919067174644,0.5972340357423931,0,1.042752539272371e-06,1.131396081934995
