Sample,Partition,&alpha;,&beta;<sup>1</sup>,p<sup>1</sup>,&beta;<sup>+</sup>,p<sup>+</sup>,LRT,p-value,# branches under selection,Total branch length,MEME LogL,FEL LogL,FEL &alpha;,FEL &beta;,CodonSite,adjusted_p-value
BDNF-64,1,0.0,0.0,1.0,0.0,0.0,0.0,1.0,0.0,0.0,0.0,0.0,1.0,0.0,1,1.0
BDNF-64,1,0.3381083541206603,0.0,0.9384227901077682,0.062038345095331,0.0615772098922318,0.0,0.6666666666666666,0.0,0.0,-13.08867625998829,-13.08931764800851,1.0,0.333882046705624,2,1.0
BDNF-64,1,1.773150576101671,0.0,1.0,0.2358937988291607,0.0,0.0,0.6666666666666666,0.0,0.0,-15.15213243457614,-15.15212707506461,0.9999946405028356,1.769209979919773,3,1.0
BDNF-64,1,0.9789513171342008,0.0417699390000834,0.0007214109726494,11.07954541629207,0.9992785890273506,2.146655830757538,0.1682161762102797,1.0,0.0,-17.96498793201198,-17.96481654669302,0.9998286293666552,0.9403865082094014,4,1.0
BDNF-64,1,1.956313683906364,0.0,0.938877211364527,0.0842236278333806,0.061122788635473,0.0,0.6666666666666666,0.0,0.0,-18.8270214519573,-18.80203292626594,0.9753211030982022,1.978233233815804,5,1.0
BDNF-64,1,1.921736134963258,0.0,1.0,0.8339714589929585,0.0,0.0,0.6666666666666666,0.0,0.0,-17.39873294035554,-17.40010914059119,1.0,1.955010603319963,6,1.0
BDNF-64,1,3.373941990570639e-07,2.687361428765379e-07,0.9983727959431996,0.014010448055045,0.0016272040568005,-0.000292160466266,0.6666666666666666,0.0,0.0,-20.8608698214444,-20.86098157475408,1.0,0.0001636682205173,7,1.0
BDNF-64,1,0.339106958751358,0.0,0.95206425927478,0.0157201560575895,0.0479357407252198,0.0,0.6666666666666666,0.0,0.0,-16.85263000279742,-16.85304004490955,1.0,0.3311870362485917,8,1.0
BDNF-64,1,6.043180901358376,0.0,1.0,1.992281066829742,0.0,0.0,0.6666666666666666,0.0,0.0,-20.84611568722941,-20.8462342729265,1.0,5.996365166133084,9,1.0
BDNF-64,1,4.583104737794039e-05,3.395939869303685e-06,0.0006724581263206,12.02427000614964,0.9993275418736792,5.845098883302654,0.0244114814437727,1.0,0.0,-18.4248134378383,-18.42498311779357,1.0,6.411907288994371e-06,10,1.0
BDNF-64,1,4.884302789192035,0.2325246457933436,1e-08,19.40077920687273,0.99999999,0.8609192023292849,0.3444548786734556,1.0,0.0,-33.97147241424129,-33.97161773493729,1.0,4.825192197551548,11,1.0
BDNF-64,1,5.635343682617573,0.3742572442231238,0.0007807815820646,40.08878935413192,0.9992192184179354,1.387139387606709,0.2549225238942346,0.0,0.0,-23.56670094674897,-23.56671177138036,1.0,5.504278793165685,12,1.0
BDNF-64,1,13.26435355889129,0.0,1.0,3.511083431973872,0.0,0.0,0.6666666666666666,0.0,0.0,-34.97668671584591,-34.97680943247889,1.0,13.39275860898439,13,1.0
BDNF-64,1,2.25548267965219e-05,1.691612009739143e-05,1.0,0.0003786678494274,0.0,-5.922465543051203e-05,0.6666666666666666,0.0,0.0,-16.60522844667046,-16.60520491985418,0.9999764734604704,2.255482679652189e-05,14,1.0
BDNF-64,1,0.0,0.0,1.0,0.0,0.0,0.0,1.0,0.0,0.0,0.0,0.0,1.0,0.0,15,1.0
BDNF-64,1,2.529023225236931e-05,0.0,0.24045084975,3.919072699745197,0.75954915025,-3.079001980665907e-05,0.6666666666666666,0.0,0.0,-9.236682573562344,-9.236682573562344,1.0,2.529023225236931e-05,16,1.0
BDNF-64,1,19.74200519957656,0.1100769290684927,0.7682675643775692,29.61300779936483,0.2317324356224308,-1.820057526913388e-05,0.6666666666666666,0.0,0.0,-9.973158055173805,-9.973158055173805,1.0,19.74200519957656,17,1.0
BDNF-64,1,0.0,0.0,1.0,0.0,0.0,0.0,1.0,0.0,0.0,0.0,0.0,1.0,0.0,18,1.0
BDNF-64,1,0.0,0.0,1.0,0.0,0.0,0.0,1.0,0.0,0.0,0.0,0.0,1.0,0.0,19,1.0
BDNF-64,1,0.0,0.0,1.0,0.0,0.0,0.0,1.0,0.0,0.0,0.0,0.0,1.0,0.0,20,1.0
BDNF-64,1,0.0,0.0,1.0,0.0,0.0,0.0,1.0,0.0,0.0,0.0,0.0,1.0,0.0,21,1.0
BDNF-64,1,0.0,0.0,1.0,0.0,0.0,0.0,1.0,0.0,0.0,0.0,0.0,1.0,0.0,22,1.0
BDNF-64,1,0.0,0.0,1.0,0.0,0.0,0.0,1.0,0.0,0.0,0.0,0.0,1.0,0.0,23,1.0
BDNF-64,1,0.0,0.0,1.0,0.0,0.0,0.0,1.0,0.0,0.0,0.0,0.0,1.0,0.0,24,1.0
BDNF-64,1,0.0,0.0,1.0,0.0,0.0,0.0,1.0,0.0,0.0,0.0,0.0,1.0,0.0,25,1.0
BDNF-64,1,0.0,0.0,1.0,0.0,0.0,0.0,1.0,0.0,0.0,0.0,0.0,1.0,0.0,26,1.0
BDNF-64,1,0.0,0.0,1.0,0.0,0.0,0.0,1.0,0.0,0.0,0.0,0.0,1.0,0.0,27,1.0
BDNF-64,1,0.0,0.0,1.0,0.0,0.0,0.0,1.0,0.0,0.0,0.0,0.0,1.0,0.0,28,1.0
BDNF-64,1,0.0,0.0,1.0,0.0,0.0,0.0,1.0,0.0,0.0,0.0,0.0,1.0,0.0,29,1.0
BDNF-64,1,0.0,0.0,1.0,0.0,0.0,0.0,1.0,0.0,0.0,0.0,0.0,1.0,0.0,30,1.0
BDNF-64,1,0.0,0.0,1.0,0.0,0.0,0.0,1.0,0.0,0.0,0.0,0.0,1.0,0.0,31,1.0
BDNF-64,1,0.0,0.0,1.0,0.0,0.0,0.0,1.0,0.0,0.0,0.0,0.0,1.0,0.0,32,1.0
BDNF-64,1,0.0,0.0,1.0,0.0,0.0,0.0,1.0,0.0,0.0,0.0,0.0,1.0,0.0,33,1.0
BDNF-64,1,0.0,0.0,1.0,0.0,0.0,0.0,1.0,0.0,0.0,0.0,0.0,1.0,0.0,34,1.0
BDNF-64,1,0.0,0.0,1.0,0.0,0.0,0.0,1.0,0.0,0.0,0.0,0.0,1.0,0.0,35,1.0
BDNF-64,1,0.0,0.0,1.0,0.0,0.0,0.0,1.0,0.0,0.0,0.0,0.0,1.0,0.0,36,1.0
BDNF-64,1,0.0,0.0,1.0,0.0,0.0,0.0,1.0,0.0,0.0,0.0,0.0,1.0,0.0,37,1.0
BDNF-64,1,0.0,0.0,1.0,0.0,0.0,0.0,1.0,0.0,0.0,0.0,0.0,1.0,0.0,38,1.0
BDNF-64,1,0.0,0.0,1.0,0.0,0.0,0.0,1.0,0.0,0.0,0.0,0.0,1.0,0.0,39,1.0
BDNF-64,1,0.0,0.0,1.0,0.0,0.0,0.0,1.0,0.0,0.0,0.0,0.0,1.0,0.0,40,1.0
BDNF-64,1,0.0,0.0,1.0,0.0,0.0,0.0,1.0,0.0,0.0,0.0,0.0,1.0,0.0,41,1.0
BDNF-64,1,0.0,0.0,1.0,0.0,0.0,0.0,1.0,0.0,0.0,0.0,0.0,1.0,0.0,42,1.0
BDNF-64,1,0.0,0.0,1.0,0.0,0.0,0.0,1.0,0.0,0.0,0.0,0.0,1.0,0.0,43,1.0
BDNF-64,1,0.0,0.0,1.0,0.0,0.0,0.0,1.0,0.0,0.0,0.0,0.0,1.0,0.0,44,1.0
BDNF-64,1,0.0,0.0,1.0,0.0,0.0,0.0,1.0,0.0,0.0,0.0,0.0,1.0,0.0,45,1.0
BDNF-64,1,0.0,0.0,1.0,0.0,0.0,0.0,1.0,0.0,0.0,0.0,0.0,1.0,0.0,46,1.0
BDNF-64,1,0.0,0.0,1.0,0.0,0.0,0.0,1.0,0.0,0.0,0.0,0.0,1.0,0.0,47,1.0
BDNF-64,1,0.0,0.0,1.0,0.0,0.0,0.0,1.0,0.0,0.0,0.0,0.0,1.0,0.0,48,1.0
BDNF-64,1,0.0,0.0,1.0,0.0,0.0,0.0,1.0,0.0,0.0,0.0,0.0,1.0,0.0,49,1.0
BDNF-64,1,0.783304121024422,0.0,1.0,0.0062431723016789,0.0,0.0,0.6666666666666666,0.0,0.0,-21.95340940390312,-21.95340127483484,0.9999918709647524,0.8049748867340166,50,1.0
BDNF-64,1,8.900800063607583,0.0,1.0,0.8224855225355548,0.0,0.0,0.6666666666666666,0.0,0.0,-24.99834718723272,-24.99838472960092,1.0,9.017331488764915,51,1.0
BDNF-64,1,0.0757052182256027,0.0429501583629517,0.4603694521947496,27.71737068521107,0.5396305478052504,2.254690658379502,0.1587234007125189,0.0,0.0,-33.59501170318322,-33.49977224555973,0.9091552042513736,0.1061150079469703,52,1.0
BDNF-64,1,30.32313865166411,15.15613684093672,0.8047434595505583,15.43218538919507,0.1952565404494417,0.0,0.6666666666666666,0.0,0.0,-36.03508769323919,-36.03543220658342,1.0,30.74797469243297,53,1.0
BDNF-64,1,0.6261391294793966,0.0434721637615485,1.0,27.0958155803261,0.0,2.610467828617125,0.1312548062239133,0.0,0.0,-25.66652175183795,-25.66654973911392,1.0,0.6409964744843203,54,1.0
BDNF-64,1,2.981067595009555,0.0,1.0,0.8701145658420073,0.0,0.0,0.6666666666666666,0.0,0.0,-28.51272605609022,-28.5136160126014,1.0,2.842885020522368,55,1.0
BDNF-64,1,10.82346337187317,0.0,1.0,2.646322078172358,0.0,0.0,0.6666666666666666,0.0,0.0,-21.54199096088639,-21.54200561814304,1.0,10.81156713362173,56,1.0
BDNF-64,1,8.420717060713894e-06,5.226671823721158e-07,1.0004e-08,15.84266221702677,0.999999989996,5.357784660589445,0.0313566744945933,1.0,0.0,-27.85463273692464,-27.85480009345669,1.0,3.033357439093558e-05,57,1.0
BDNF-64,1,4.540742307951397,0.0,1.0,0.1314097296984067,0.0,0.0,0.6666666666666666,0.0,0.0,-17.50568911205018,-17.5064376773519,1.0,4.356355051215442,58,1.0
BDNF-64,1,1.625989981481931e-05,1.220370402151895e-05,1.0,0.0015458038134315,0.0,-0.0002738366268673,0.6666666666666666,0.0,0.0,-17.64409405578047,-17.64422516004521,1.0,9.659148562777643e-06,59,1.0
BDNF-64,1,1.483169457344919,0.0,1.0,0.0795941863315135,0.0,0.0,0.6666666666666666,0.0,0.0,-17.88652937330314,-17.88639049844935,0.9998611347888626,1.495334238130129,60,1.0
BDNF-64,1,0.0002014504826743,1.008467812004708e-05,0.0007211359279511,3.9256985860926,0.9992788640720488,1.503939167609182,0.2388801460706603,1.0,0.0,-22.58748460525082,-22.58786978225956,1.0,3.392805496715165e-05,61,1.0
BDNF-64,1,1.331234434826384,0.0855099784110835,2.25709859310712e-07,12.67154460209095,0.9999997742901406,0.8075618015712536,0.355509112872089,0.0,0.0,-34.3142222966235,-34.31450484201675,1.0,1.276525441438975,62,1.0
BDNF-64,1,4.95981444938144,4.73218846312557,0.8078196838545018,4.847896044982988,0.1921803161454982,0.0,0.6666666666666666,0.0,0.0,-29.5857849391544,-29.58587538899816,1.0,4.97248396514976,63,1.0
BDNF-64,1,6.455147997608538,0.0,1.0,1.920234790967356,0.0,0.0,0.6666666666666666,0.0,0.0,-27.01778810692612,-27.01782932873475,1.0,6.428406661990187,64,1.0
BDNF-64,1,0.0333272962963704,0.0023058411844667,0.0006788559879668,9.677114377748085,0.9993211440120332,1.000343136657278,0.3175246705685769,2.0,0.0,-35.11504188028385,-35.11374108785582,0.9987000532356596,0.0569130574087265,65,1.0
BDNF-64,1,0.987561961415632,0.0391657726500424,0.0007380332063665,2.311424293998686,0.9992619667936334,0.3617219002547571,0.4702676245228452,1.0,0.0,-22.73687547858711,-22.73738649158185,1.0,0.9582487574381008,66,1.0
BDNF-64,1,0.0,0.0,1.0,0.0,0.0,0.0,1.0,0.0,0.0,0.0,0.0,1.0,0.0,67,1.0
BDNF-64,1,0.0740291364677862,0.0577910286763377,0.7958922074405138,0.4247483886310874,0.2041077925594862,-0.0039709143216111,0.6666666666666666,0.0,0.0,-6.705941736474148,-6.703315758905662,0.9973774672944355,0.1673468123978458,68,1.0
BDNF-64,1,0.0,0.0,1.0,0.0,0.0,0.0,1.0,0.0,0.0,0.0,0.0,1.0,0.0,69,1.0
BDNF-64,1,0.0,0.0,1.0,0.0,0.0,0.0,1.0,0.0,0.0,0.0,0.0,1.0,0.0,70,1.0
BDNF-64,1,0.1849519162869596,0.14461178452934,0.8069664089066881,0.7050752525951818,0.1930335910933119,-0.0134497090071406,0.6666666666666666,0.0,0.0,-9.844360576381147,-9.83890214988703,0.9945564436473328,0.3628431290748595,71,1.0
BDNF-64,1,0.0,0.0,1.0,0.0,0.0,0.0,1.0,0.0,0.0,0.0,0.0,1.0,0.0,72,1.0
BDNF-64,1,0.0,0.0,1.0,0.0,0.0,0.0,1.0,0.0,0.0,0.0,0.0,1.0,0.0,73,1.0
BDNF-64,1,0.0,0.0,1.0,0.0,0.0,0.0,1.0,0.0,0.0,0.0,0.0,1.0,0.0,74,1.0
BDNF-64,1,0.0,0.0,1.0,0.0,0.0,0.0,1.0,0.0,0.0,0.0,0.0,1.0,0.0,75,1.0
BDNF-64,1,0.0,0.0,1.0,0.0,0.0,0.0,1.0,0.0,0.0,0.0,0.0,1.0,0.0,76,1.0
BDNF-64,1,4.946960613162145e-06,2.485847708113978e-07,0.2253538375778243,4.645521173778072,0.7746461624221758,-1.170880047673961e-05,0.6666666666666666,0.0,0.0,-6.756606224192097,-6.756606224192097,1.0,4.946960613162145e-06,77,1.0
BDNF-64,1,0.0,0.0,1.0,0.0,0.0,0.0,1.0,0.0,0.0,0.0,0.0,1.0,0.0,78,1.0
BDNF-64,1,0.0,0.0,1.0,0.0,0.0,0.0,1.0,0.0,0.0,0.0,0.0,1.0,0.0,79,1.0
BDNF-64,1,0.0,0.0,1.0,0.0,0.0,0.0,1.0,0.0,0.0,0.0,0.0,1.0,0.0,80,1.0
BDNF-64,1,0.0,0.0,1.0,0.0,0.0,0.0,1.0,0.0,0.0,0.0,0.0,1.0,0.0,81,1.0
BDNF-64,1,0.0,0.0,1.0,0.0,0.0,0.0,1.0,0.0,0.0,0.0,0.0,1.0,0.0,82,1.0
BDNF-64,1,6.444675952174451,3.987844774879319,0.8307749414203007,4.061863232674515,0.1692250585796993,0.0,0.6666666666666666,0.0,0.0,-20.55792851755245,-20.55813176432468,1.0,6.566708591120913,83,1.0
BDNF-64,1,0.0069078831123831,0.0002209081218918,1.0,0.0206492210823598,0.0,-0.0035396921083687,0.6666666666666666,0.0,0.0,-23.59294828244748,-23.5920253192888,0.9990774626407636,0.0179534475441348,84,1.0
BDNF-64,1,0.1381207576484573,0.0113346029006248,0.0007056737489254,0.7910100527370795,0.9992943262510744,0.5904792489267692,0.4055996637756528,0.0,0.0,-26.23182681192628,-26.23275071992991,1.0,0.1342153525608345,85,1.0
BDNF-64,1,4.053228644383899,0.798772422652103,0.9198065099401204,0.7985829075275533,0.0801934900598795,0.0,0.6666666666666666,0.0,0.0,-29.62287572698736,-29.62333963638908,1.0,4.079424226959061,86,1.0
BDNF-64,1,2.635119596418657,0.0,1.0,0.5593384535226168,0.0,0.0,0.6666666666666666,0.0,0.0,-27.08568227108204,-27.08569726540663,1.0,2.609138272936862,87,1.0
BDNF-64,1,0.751499867043111,0.0615221056133772,0.0006624183038744,10.8851124908832,0.9993375816961256,1.418930050148738,0.2504398821184576,0.0,0.0,-30.13717373656998,-30.13714149718584,0.999967761135538,0.7439926050299066,88,1.0
BDNF-64,1,0.8520022357296517,0.0670735746236081,0.0017792544328775,1.011649091212561,0.9982207455671224,0.0006164299884261,0.6606113171185117,0.0,0.0,-24.52605830710783,-24.52701467021373,1.0,0.8810174865130977,89,1.0
BDNF-64,1,0.0002698405471875,1.437292730994117e-05,0.0007063623725859,2.836026911297617,0.999293637627414,3.686610065725596,0.0744962087414707,1.0,0.0,-22.17306590741622,-22.17345659374251,1.0,8.96377767959568e-08,90,1.0
BDNF-64,1,1.856154551694093e-05,1.219601193249536e-06,0.0007829071011535,1.050385765015957,0.9992170928988464,1.860674605912727,0.1963849929035194,1.0,0.0,-23.83047925564249,-23.83063494292058,1.0,4.891711260357638e-06,91,1.0
BDNF-64,1,3.069822950366746,1.089595102882873,0.9028430406116406,1.065680691294387,0.0971569593883594,0.0,0.6666666666666666,0.0,0.0,-27.29480715518851,-27.29518885897416,1.0,3.133297308840867,92,1.0
BDNF-64,1,3.741180440951922,2.552736586061543,0.9425540108707304,2.429484533029252,0.0574459891292695,0.0,0.6666666666666666,0.0,0.0,-34.40199106344496,-34.40428851000084,1.0,3.778937076234598,93,1.0
BDNF-64,1,8.406558043832764e-06,6.584527256052458e-06,1.0,0.0004469721192664,0.0,0.0,0.6666666666666666,0.0,0.0,-27.46893004654783,-27.46860723247611,0.999677238027124,5.925084867983876e-06,94,1.0
BDNF-64,1,2.097713955665219,0.1177751536614258,0.0007373110808707,8.531084802994249,0.9992626889191292,0.6136060458927446,0.3998216787537552,0.0,0.0,-29.24860305681765,-29.24861293701502,1.0,2.145292826191072,95,1.0
BDNF-64,1,5.755814211111231,1.202397272226831,0.9595695010727784,1.161457402395573,0.0404304989272215,0.0,0.6666666666666666,0.0,0.0,-32.33645068818684,-32.33710590940549,1.0,5.85888553142189,96,1.0
BDNF-64,1,7.514686500272585,0.7695818265389283,1.0,0.6060488162396559,0.0,0.0,0.6666666666666666,0.0,0.0,-25.57065763633284,-25.57070119992091,1.0,7.475427449661183,97,1.0
BDNF-64,1,2.428028994377227,0.9209426105146356,0.9158291421056276,0.9439326429053514,0.0841708578943725,0.0,0.6666666666666666,0.0,0.0,-24.76214367856652,-24.76240450569883,1.0,2.526206626392092,98,1.0
BDNF-64,1,2.24355318815924,0.0397935589105453,1e-08,2.964381118854935,0.99999999,0.0287046908061441,0.6210805303368198,1.0,0.0,-23.39875807443072,-23.39885471201924,1.0,2.235051792829217,99,1.0
BDNF-64,1,3.035544403778076,0.1060632269619827,1e-08,4.590407774314265,0.99999999,0.0861636772529479,0.5819390642255349,1.0,0.0,-28.51580685690638,-28.51643947240055,1.0,3.056977828414834,100,1.0
BDNF-64,1,9.15871190939039,0.98882069395045,1.0,0.7861726666976505,0.0,0.0,0.6666666666666666,0.0,0.0,-32.67788510392961,-32.67810068710567,1.0,9.135402314415368,101,1.0
BDNF-64,1,2.743507706789333,0.9570992393730844,0.9079877030115522,0.965975849171464,0.0920122969884478,0.0,0.6666666666666666,0.0,0.0,-36.73694549429749,-36.73762674722968,1.0,2.844686806163251,102,1.0
BDNF-64,1,15.29354305934,0.9365956611790772,1.0,1.744592606287899,0.0,0.0,0.6666666666666666,0.0,0.0,-41.24947860333777,-41.24979403050691,1.0,15.20342860302864,103,1.0
BDNF-64,1,0.0,0.0,1.0,0.0,0.0,0.0,1.0,0.0,0.0,0.0,0.0,1.0,0.0,104,1.0
BDNF-64,1,4.014185106318055,2.512169165849437,0.8372283864485954,2.520893037417719,0.1627716135514046,0.0,0.6666666666666666,0.0,0.0,-33.78232299839303,-33.78262993267857,1.0,4.142143143667702,105,1.0
BDNF-64,1,3.184007123863265,0.6444667094927395,0.9135046778436005,0.6915413867508997,0.0864953221563995,0.0,0.6666666666666666,0.0,0.0,-40.49969461158668,-40.49986763581587,1.0,3.212358744779578,106,1.0
BDNF-64,1,7.237561994234452,0.3711400501169302,0.0007603033650489,32.7277106035669,0.999239696634951,1.638271694232969,0.2218000494844484,0.0,0.0,-42.71450222422683,-42.71460891325268,1.0,7.275454850375826,107,1.0
BDNF-64,1,1.824846815297874,0.0931017610831259,0.0008875705000396,2.820352800271507,0.9991124294999604,0.0279610744203466,0.621736247462872,0.0,0.0,-37.79920835642216,-37.79945423633846,1.0,1.862622632472242,108,1.0
BDNF-64,1,8.28680152007915,1.700401731832701,0.8751089699235244,1.706980034905435,0.1248910300764756,0.0,0.6666666666666666,0.0,0.0,-30.48423828953611,-30.48410789558928,0.999869614554078,8.30686399319028,109,1.0
BDNF-64,1,4.010580393077871,0.2926684970520063,0.0006714313506329,17.55676185386882,0.999328568649367,1.226887045909848,0.2789477700600785,1.0,0.0,-52.1379481433194,-52.13824245975789,1.0,4.051403181768819,110,1.0
BDNF-64,1,14.05027124767622,0.0,1.0,8.936783164560364,0.0,0.0,0.6666666666666666,0.0,0.0,-43.9977778348964,-43.99769090226751,0.9999130711496376,13.87077894463744,111,1.0
BDNF-64,1,23.82889896799972,0.2648208742532415,1.0,6.33946850323892,0.0,0.0,0.6666666666666666,0.0,0.0,-43.76233893906817,-43.76267007786589,1.0,24.15503892499588,112,1.0
BDNF-64,1,2.352320195481028,0.1325709774712505,0.0006716880106585,4.052496954294402,0.9993283119893416,0.0531142410334837,0.6023762943258264,1.0,0.0,-35.66533814502143,-35.66563622866664,1.0,2.44573393421108,113,1.0
BDNF-64,2,0.0,0.0,1.0,0.0,0.0,0.0,1.0,0.0,0.0,0.0,0.0,1.0,0.0,1,1.0
BDNF-64,2,0.0,0.0,1.0,0.0,0.0,0.0,1.0,0.0,0.0,0.0,0.0,1.0,0.0,2,1.0
BDNF-64,2,0.0,0.0,1.0,0.0,0.0,0.0,1.0,0.0,0.0,0.0,0.0,1.0,0.0,3,1.0
BDNF-64,2,0.0,0.0,1.0,0.0,0.0,0.0,1.0,0.0,0.0,0.0,0.0,1.0,0.0,4,1.0
BDNF-64,2,0.0,0.0,1.0,0.0,0.0,0.0,1.0,0.0,0.0,0.0,0.0,1.0,0.0,5,1.0
BDNF-64,2,7.254331739234403e-07,2.872878385764308e-07,0.9947617271972152,0.0821674518788655,0.0052382728027848,-0.0161667852030156,0.6666666666666666,0.0,0.0,-10.97613290972894,-7.023121191035179,0.0191967992679054,0.0006729147217853,6,0.8333333333333333
BDNF-64,2,0.1831509752282166,0.0,0.9933154081341686,0.507903145067507,0.0066845918658313,-0.0009532631545283,0.6666666666666666,0.0,0.0,-14.07209444051245,-14.07209444051077,0.9999999999983232,0.1831509752282166,7,0.8333333333333333
BDNF-64,2,4.487251570905011e-05,2.103603325784376e-06,0.000701251022898,1.521304148289104,0.999298748977102,0.0282950119233085,0.6214409060627376,0.0,0.0,-11.47475232754199,-11.4754919045578,1.0,7.566013179383262e-06,8,0.8333333333333333
BDNF-64,2,0.0067834923440948,0.0004481327272892,0.0007206897577478,21.91638247663477,0.9992793102422522,0.2555625822498122,0.5066390446453389,1.0,0.0,-12.28443316820358,-12.2842548006878,0.9998216483907472,0.0035670382367528,9,0.8333333333333333
BDNF-64,2,0.0040065766729148,8.053219112558809e-05,0.0007080315331882,34.76391597929445,0.9992919684668118,0.1510998453405357,0.549231548876941,1.0,0.0,-11.70604977726471,-11.70690200700193,1.0,0.0016938447916537,10,0.8333333333333333
BDNF-64,2,0.1316821826396236,0.0018975353337634,0.0007056737489254,80.1450002539791,0.9992943262510744,0.1519411950898046,0.5488487438602045,1.0,0.0,-11.24314907255419,-11.2406316480365,0.997485741537962,0.149233384456146,11,0.8333333333333333
BDNF-64,2,0.1333574082091719,0.0018208187286721,0.0012544764025196,72.03917049322442,0.9987455235974804,0.0942111476323148,0.5774622051699891,1.0,0.0,-12.02374815515645,-12.03132116205759,1.0,0.11581931359268,12,0.8333333333333333
BDNF-64,2,3.514077036176972e-06,2.60167178012343e-06,1.0,0.000701144052517,0.0,-0.0001965240350898,0.6666666666666666,0.0,0.0,-39.0861664194492,-39.08614934575522,0.9999829264517716,1.768647597489632e-05,13,0.8333333333333333
BDNF-64,2,12.71774081799988,0.0,1.0,2.055100003452675,0.0,0.0,0.6666666666666666,0.0,0.0,-44.57454041030758,-44.57497584926033,1.0,12.57475000586582,14,0.8333333333333333
BDNF-64,2,4.776873785180324e-05,2.542628970181317e-06,1.0004e-08,1.363399879408987,0.999999989996,0.9033425527183852,0.3359726843682019,0.0,0.0,-49.24123225538435,-49.24116013312221,0.9999278803386048,0.0001036307849783,15,0.8333333333333333
BDNF-64,2,2.011306300996475,0.5352533701556098,0.9034236712768432,0.4948413195817887,0.0965763287231568,0.0,0.6666666666666666,0.0,0.0,-45.79614618282538,-45.79604812312925,0.9999019451115544,1.990019100438303,16,0.8333333333333333
BDNF-64,2,0.2537534253097752,0.0207131580662239,0.0007059434983827,0.671263888640971,0.9992940565016172,0.2196479713781372,0.5203228204839598,0.0,0.0,-37.15646373207193,-37.15633225531931,0.9998685318900687,0.2430970144816498,17,0.8333333333333333
BDNF-64,2,0.570437346089499,0.0304085571921773,0.0006608213257514,3.542750603338901,0.9993391786742486,1.853578366700575,0.1971452828131926,0.0,0.0,-50.76424864302248,-50.76449991893638,1.0,0.572807942105479,18,0.8333333333333333
BDNF-64,2,4.18096211704756,0.6321617852337034,0.966929957210751,0.8011674011423593,0.0330700427892489,0.0,0.6666666666666666,0.0,0.0,-44.09991362908572,-44.10057193716561,1.0,4.19044289340883,19,0.8333333333333333
BDNF-64,2,0.0624589803378814,0.0031664133965248,0.0006716880106585,9.71533311983935,0.9993283119893416,3.14894774966281,0.0987354967811957,0.0,0.0,-50.42337474815066,-50.42358449971152,1.0,0.0542844441061394,20,0.7160190446973188
BDNF-64,2,3.391234689692304,2.759402453763769,0.8790457762146618,2.667794714211131,0.1209542237853382,0.0,0.6666666666666666,0.0,0.0,-42.93923986758378,-42.94007070539263,1.0,3.393854256025726,21,0.8333333333333333
BDNF-64,2,2.888012575276892e-06,1.519400015363648e-07,1.0004e-08,1.482971217398591,0.999999989996,2.86701583850919,0.114563047151571,0.0,0.0,-29.6311339575678,-29.63109393480827,0.9999599780413628,1.63536765561596e-05,22,0.7160190446973188
BDNF-64,2,0.0001555304790888,8.624214311977743e-06,0.0007203099229809,3.377091462862932,0.999279690077019,4.884671190870648,0.0400132812618703,0.0,0.0,-35.30585983269361,-35.30668638000289,1.0,5.388999312387712e-06,23,0.5001660157733788
BDNF-64,2,0.1395799079184034,0.0074890631662455,0.0006724582850665,9.836742159803633,0.9993275417149334,5.825716544199821,0.0246554835452736,0.0,0.0,-36.3674110498581,-36.36773656201099,1.0,0.1426766548654375,24,0.5001660157733788
BDNF-64,2,4.183335731944442,0.0,1.0,0.8474195567302857,0.0,0.0,0.6666666666666666,0.0,0.0,-34.82365720017172,-34.82380642933533,1.0,4.107523619995614,25,0.8333333333333333
BDNF-64,3,0.0,0.0,1.0,0.0,0.0,0.0,1.0,0.0,0.0,0.0,0.0,1.0,0.0,1,1.0
BDNF-64,3,0.0001300116246361,0.0,1.0,0.0002169687817197,0.0,-4.50584970117518e-05,0.6666666666666666,0.0,0.0,-9.73251150811901,-9.7324964168387,0.9999849088335612,0.0001300116246361,2,1.0
BDNF-64,3,0.0,0.0,1.0,0.0,0.0,0.0,1.0,0.0,0.0,0.0,0.0,1.0,0.0,3,1.0
BDNF-64,3,13.81189216416821,0.0,1.0,0.5884721290479913,0.0,0.0,0.6666666666666666,0.0,0.0,-8.935825525997135,-8.937992056806568,1.0,13.48476037584409,4,1.0
BDNF-64,3,0.0,0.0,1.0,0.0,0.0,0.0,1.0,0.0,0.0,0.0,0.0,1.0,0.0,5,1.0
BDNF-64,3,6.460032037484271,0.0,1.0,0.5196318615102191,0.0,0.0,0.6666666666666666,0.0,0.0,-11.30259629306966,-11.30342232559861,1.0,6.595266111922728,6,1.0
BDNF-64,3,0.0,0.0,1.0,0.0,0.0,0.0,1.0,0.0,0.0,0.0,0.0,1.0,0.0,7,1.0
BDNF-64,3,0.0013178192931156,0.0010303878083045,1.0,0.0390814332511929,0.0,-0.0021259161770679,0.6666666666666666,0.0,0.0,-10.47748128209745,-10.4785308878602,1.0,9.931836295156276e-06,8,1.0
BDNF-64,3,0.0,0.0,1.0,0.0,0.0,0.0,1.0,0.0,0.0,0.0,0.0,1.0,0.0,9,1.0
BDNF-64,3,0.0,0.0,1.0,0.0,0.0,0.0,1.0,0.0,0.0,0.0,0.0,1.0,0.0,10,1.0
BDNF-64,3,0.0,0.0,1.0,0.0,0.0,0.0,1.0,0.0,0.0,0.0,0.0,1.0,0.0,11,1.0
BDNF-64,3,0.0,0.0,1.0,0.0,0.0,0.0,1.0,0.0,0.0,0.0,0.0,1.0,0.0,12,1.0
BDNF-64,3,0.0025202846280593,0.0019705816782133,1.0,0.0390814332511929,0.0,-0.0021230979587372,0.6666666666666666,0.0,0.0,-10.65556691113404,-10.65656929502838,1.0,0.0002615153982606,13,1.0
BDNF-64,3,10.70052308911683,0.0,1.0,0.8117686392113151,0.0,0.0,0.6666666666666666,0.0,0.0,-15.74640124951923,-15.74637762476316,0.999976375522988,10.47860920063983,14,1.0
BDNF-64,3,0.0,0.0,1.0,0.0,0.0,0.0,1.0,0.0,0.0,0.0,0.0,1.0,0.0,15,1.0
BDNF-64,3,0.0,0.0,1.0,0.0,0.0,0.0,1.0,0.0,0.0,0.0,0.0,1.0,0.0,16,1.0
BDNF-64,3,0.0,0.0,1.0,0.0,0.0,0.0,1.0,0.0,0.0,0.0,0.0,1.0,0.0,17,1.0
BDNF-64,3,0.0,0.0,1.0,0.0,0.0,0.0,1.0,0.0,0.0,0.0,0.0,1.0,0.0,18,1.0
BDNF-64,3,7.863070376580632,0.0,1.0,0.5603273424310447,0.0,0.0,0.6666666666666666,0.0,0.0,-13.88430083226603,-13.8841871519686,0.9998863261639228,7.719208663914093,19,1.0
BDNF-64,3,0.0,0.0,1.0,0.0,0.0,0.0,1.0,0.0,0.0,0.0,0.0,1.0,0.0,20,1.0
BDNF-64,3,34.52785048608024,0.0,1.0,31.67515381897283,0.0,0.0,0.6666666666666666,0.0,0.0,-11.50936531376986,-11.46704946664742,0.958566972132445,34.84384983142775,21,1.0
BDNF-64,3,0.0002408678618758,0.000181517129252,1.0,0.0018172027887534,0.0,-0.000190835215637,0.6666666666666666,0.0,0.0,-10.36769383039241,-10.36777121911437,1.0,3.455191886039381e-05,22,1.0
BDNF-64,3,0.0,0.0,1.0,0.0,0.0,0.0,1.0,0.0,0.0,0.0,0.0,1.0,0.0,23,1.0
BDNF-64,3,0.0,0.0,1.0,0.0,0.0,0.0,1.0,0.0,0.0,0.0,0.0,1.0,0.0,24,1.0
BDNF-64,3,11.46421002723119,0.0,1.0,0.7180604778172528,0.0,0.0,0.6666666666666666,0.0,0.0,-8.068574153156524,-8.068632989803973,1.0,11.33786318928459,25,1.0
BDNF-64,3,11.33240280453939,0.0,1.0,0.6253222004704078,0.0,0.0,0.6666666666666666,0.0,0.0,-14.39737385524355,-14.39723657362136,0.9998627278004926,11.27141501603718,26,1.0
BDNF-64,3,12.65241527422359,0.0,1.0,0.3653189335928221,0.0,0.0,0.6666666666666666,0.0,0.0,-13.01695500186558,-13.01694304753778,0.9999880457436452,12.62969887444619,27,1.0
BDNF-64,3,14.07629948289892,0.0,1.0,0.3908456201218424,0.0,0.0,0.6666666666666666,0.0,0.0,-13.90930287386961,-13.90929922586526,0.9999963520023072,14.05024760633329,28,1.0
BDNF-64,3,0.0,0.0,1.0,0.0,0.0,0.0,1.0,0.0,0.0,0.0,0.0,1.0,0.0,29,1.0
BDNF-64,3,13.1736826087924,0.0,1.0,0.6152538019281448,0.0,0.0,0.6666666666666666,0.0,0.0,-11.52293254614318,-11.52292452596385,0.9999919798528368,13.37104228118658,30,1.0
BDNF-64,3,0.0,0.0,1.0,0.0,0.0,0.0,1.0,0.0,0.0,0.0,0.0,1.0,0.0,31,1.0
BDNF-64,3,10.92751107060002,8.742008856480012,0.7520041793972635,16.39126660590002,0.2479958206027365,-0.0034037937902553,0.6666666666666666,0.0,0.0,-37.03400465864294,-37.03558289361588,1.0,10.92751107060002,32,1.0
BDNF-64,3,49.2005663938079,7.87362888969576,0.7302627564441532,11.54143402972801,0.2697372435558468,0.0,0.6666666666666666,0.0,0.0,-29.91851061341778,-29.92752178529376,1.0,51.13653528049514,33,1.0
BDNF-64,3,0.0005747964214618,3.626288646623364e-05,0.0007211360609486,21.15859635590652,0.9992788639390512,3.638528003292578,0.0763902320158312,1.0,0.0,-27.2708388109801,-27.27002877870654,0.9991902957139674,0.0052766525298512,34,1.0
BDNF-64,4,0.0,0.0,1.0,0.0,0.0,0.0,1.0,0.0,0.0,0.0,0.0,1.0,0.0,1,1.0
BDNF-64,4,6.544644252365265,0.0,1.0,0.2612562893499982,0.0,0.0,0.6666666666666666,0.0,0.0,-32.18645777580257,-32.18642503634166,0.9999672610750228,6.590462975130976,2,0.8703703703703703
BDNF-64,4,0.0,0.0,1.0,0.0,0.0,0.0,1.0,0.0,0.0,0.0,0.0,1.0,0.0,3,1.0
BDNF-64,4,4.756256626424927e-06,3.567192469818695e-06,1.0,0.0002034353895978,0.0,-7.645553804991323e-05,0.6666666666666666,0.0,0.0,-10.08102776272654,-10.08098970121732,0.9999619392151056,4.75625662642493e-06,4,0.8703703703703703
BDNF-64,4,3.940335974060025,0.0,1.0,0.4711219527277955,0.0,0.0,0.6666666666666666,0.0,0.0,-13.82475313498597,-13.82455962851128,0.9998065122464748,3.959448990247245,5,0.8703703703703703
BDNF-64,4,0.0001628471208046,1.13607945153427e-05,0.0006795473012016,6.610254126858212,0.9993204526987984,2.705776988225658,0.1247762007148491,1.0,0.0,-29.69942289373833,-29.69796972212472,0.9985478837289328,0.004507027533993,6,0.8703703703703703
BDNF-64,4,0.0,0.0,1.0,0.0,0.0,0.0,1.0,0.0,0.0,0.0,0.0,1.0,0.0,7,1.0
BDNF-64,4,6.260309773153053,3.683169644432199,0.8440050600372913,4.737920882004611,0.1559949399627087,0.0,0.6666666666666666,0.0,0.0,-23.60445076401002,-23.60610845853473,1.0,6.155911457093325,8,0.8703703703703703
BDNF-64,4,3.817550628445979,0.0,0.9964543388389612,0.2777976447208337,0.0035456611610387,0.0,0.6666666666666666,0.0,0.0,-8.073260269161825,-8.074263448581176,1.0,3.800659437685831,9,0.8703703703703703
BDNF-64,4,8.868616295498459,0.0,1.0,0.4241413614397317,0.0,0.0,0.6666666666666666,0.0,0.0,-21.3258332334578,-21.32585123630795,1.0,8.817365836763967,10,0.8703703703703703
BDNF-64,4,6.001393817545965,2.974609798830202,0.7913252362433353,84.91708929677546,0.2086747637566647,2.584750439097576,0.1330623917312378,1.0,0.0,-49.08737787383711,-48.20825957493299,0.4151487874718174,6.067159361491857,11,0.8703703703703703
BDNF-64,4,0.0004398469842242,0.0,1.0,0.0014652884892404,0.0,-0.0007207651281184,0.6666666666666666,0.0,0.0,-12.66260882068047,-12.66228871744948,0.999679947996566,0.0004398469842242,12,0.8703703703703703
BDNF-64,4,3.090013518807377,0.0,1.0,0.1470368146711225,0.0,0.0,0.6666666666666666,0.0,0.0,-16.5509656516173,-16.55101256957148,1.0,3.143377722361119,13,0.8703703703703703
BDNF-64,4,6.784394434556013e-05,0.0,1.0,0.0001216141113692,0.0,-9.08480091972308e-05,0.6666666666666666,0.0,0.0,-12.09048813275769,-12.09046451517188,0.9999763826930848,6.784394434556013e-05,14,0.8703703703703703
BDNF-64,4,5.137311448524634,0.0,1.0,0.1778206476789842,0.0,0.0,0.6666666666666666,0.0,0.0,-15.16662018789801,-15.16203216003901,0.9954224810626956,5.082141950700742,15,0.8703703703703703
BDNF-64,4,1.974336175397379,0.0,1.0,0.1266880468684745,0.0,0.0,0.6666666666666666,0.0,0.0,-8.04298312643977,-8.042996900449232,1.0,1.942704984349513,16,0.8703703703703703
BDNF-64,4,1.407089635553738,0.0,0.9965178326580254,0.0869386586989505,0.0034821673419745,0.0,0.6666666666666666,0.0,0.0,-14.39550903237919,-14.39397510477661,0.9984672482629776,1.39162081567231,17,0.8703703703703703
BDNF-64,4,0.0,0.0,1.0,0.0,0.0,0.0,1.0,0.0,0.0,0.0,0.0,1.0,0.0,18,1.0
BDNF-64,4,0.0006559869618949,0.0005204620813939,0.9117627166289294,0.0002057459926182,0.0882372833710706,0.0,0.6666666666666666,0.0,0.0,-10.44215104878587,-10.4424978192991,1.0,0.0001089493350142,19,0.8703703703703703
BDNF-64,4,18.91197907871995,0.0,0.7740937160616612,109.4120192504534,0.2259062839383388,0.2873049901863425,0.4951883499084451,1.0,0.0,-32.43062696927905,-32.17444062110196,0.7739977222762637,19.09355132482288,20,0.8703703703703703
BDNF-64,4,4.664747105956662,0.0,1.0,0.6134542367007998,0.0,0.0,0.6666666666666666,0.0,0.0,-44.42989968705412,-44.4284571990769,0.9985585519084246,4.665364546094088,21,0.8703703703703703
BDNF-64,4,14.46418382728194,0.0,1.0,0.8322309105504208,0.0,0.0,0.6666666666666666,0.0,0.0,-37.71223702674802,-37.63755243155983,0.9280361472354248,14.68501103190814,22,0.8703703703703703
BDNF-64,4,2.091998409383219,0.0669328705537994,0.0007216874864223,3.959131532890283,0.9992783125135776,0.1868507994434978,0.5336273949846181,0.0,0.0,-16.26929775730004,-16.26940634448915,1.0,2.070328540775784,23,0.8703703703703703
BDNF-64,4,0.0,0.0,1.0,0.0,0.0,0.0,1.0,0.0,0.0,0.0,0.0,1.0,0.0,24,1.0
BDNF-64,4,4.30367947412362,0.0,1.0,1.110186578812898,0.0,0.0,0.6666666666666666,0.0,0.0,-25.84483064668548,-25.84499583338802,1.0,4.231028810902155,25,0.8703703703703703
BDNF-64,4,8.431054495079477,0.0,1.0,2.656796000923359,0.0,0.0,0.6666666666666666,0.0,0.0,-36.26970322637357,-36.26962903151689,0.9999258078956866,8.453059632473787,26,0.8703703703703703
BDNF-64,4,14.02464629190558,0.0,1.0,1.349259359992772,0.0,0.0,0.6666666666666666,0.0,0.0,-43.57411263347984,-43.57381048469904,0.9996978968615332,14.05677555811049,27,0.8703703703703703
BDNF-64,4,26.36754207548093,0.0,1.0,1.258946500714811,0.0,0.0,0.6666666666666666,0.0,0.0,-50.81290380965182,-50.81150824925717,0.9986054129468412,26.09044431237929,28,0.8703703703703703
BDNF-64,4,9.70727100076104,0.0,1.0,0.7249717838357588,0.0,0.0,0.6666666666666666,0.0,0.0,-24.16145915410112,-24.16159218008023,1.0,9.822228633188166,29,0.8703703703703703
BDNF-64,4,8.086611917304818,0.0,1.0,104.4803861174101,0.0,1.195565148685318,0.2839406031472897,2.0,0.0,-41.61526964080682,-41.01748402181097,0.5500282606705265,8.151572497246207,30,0.8703703703703703
BDNF-64,4,4.281531518047721,0.0,1.0,0.9763072310727922,0.0,0.0,0.6666666666666666,0.0,0.0,-28.96216162535531,-28.96222890282984,1.0,4.266697401346012,31,0.8703703703703703
BDNF-64,4,27.99312458987395,0.0,0.2074658785799396,113.6892878913652,0.7925341214200603,0.2802903669780648,0.4976716992370718,1.0,0.0,-14.36861325982818,-14.18077043036334,0.8287449512757497,27.96642290531285,32,0.8703703703703703
BDNF-64,4,1.187597574557074e-05,2.968993936392684e-06,0.2406913005246552,1.499936589142519,0.7593086994753449,0.0149008337775544,0.6347983171072987,0.0,0.0,-7.403289290836663,-7.39751103249105,0.9942384036808954,1.187597574557073e-05,33,0.8703703703703703
BDNF-64,4,0.0,0.0,1.0,0.0,0.0,0.0,1.0,0.0,0.0,0.0,0.0,1.0,0.0,34,1.0
BDNF-64,4,0.0,0.0,1.0,0.0,0.0,0.0,1.0,0.0,0.0,0.0,0.0,1.0,0.0,35,1.0
BDNF-64,4,0.0,0.0,1.0,0.0,0.0,0.0,1.0,0.0,0.0,0.0,0.0,1.0,0.0,36,1.0
BDNF-64,4,30.07313327141348,0.0,0.7675579848673979,23.08467965184973,0.2324420151326021,0.0,0.6666666666666666,0.0,0.0,-63.46295614428072,-63.39813609880591,0.9372361080783108,30.21500651885778,37,0.8703703703703703
BDNF-64,4,27.74839335580955,0.0,1.0,1.295338560989053,0.0,0.0,0.6666666666666666,0.0,0.0,-59.81185681821749,-59.81206838556045,1.0,27.72160666763589,38,0.8703703703703703
BDNF-64,4,58.6941939063393,0.0,0.953350678989008,0.6181979749061908,0.0466493210109919,0.0,0.6666666666666666,0.0,0.0,-19.51530443340356,-19.51539348651427,1.0,58.57981063666186,39,0.8703703703703703
BDNF-64,4,9.392906662007643,0.0,1.0,1.034666754935044,0.0,0.0,0.6666666666666666,0.0,0.0,-13.22368618946036,-13.22324932367394,0.9995632296255212,9.385873017051862,40,0.8703703703703703
BDNF-64,4,875.5471612724118,0.0,0.7470761788041304,0.1887049869505645,0.2529238211958696,0.0,0.6666666666666666,0.0,0.0,-10.92402218315903,-10.92421751693115,1.0,875.0858096097995,41,0.8703703703703703
BDNF-64,4,0.0,0.0,1.0,0.0,0.0,0.0,1.0,0.0,0.0,0.0,0.0,1.0,0.0,42,1.0
BDNF-64,4,0.0,0.0,1.0,0.0,0.0,0.0,1.0,0.0,0.0,0.0,0.0,1.0,0.0,43,1.0
BDNF-64,4,0.0,0.0,1.0,0.0,0.0,0.0,1.0,0.0,0.0,0.0,0.0,1.0,0.0,44,1.0
BDNF-64,4,0.0,0.0,1.0,0.0,0.0,0.0,1.0,0.0,0.0,0.0,0.0,1.0,0.0,45,1.0
BDNF-64,4,0.0,0.0,1.0,0.0,0.0,0.0,1.0,0.0,0.0,0.0,0.0,1.0,0.0,46,1.0
BDNF-64,4,6.711569014036676,0.0,1.0,0.5411990259199702,0.0,0.0,0.6666666666666666,0.0,0.0,-19.58504859532928,-19.58514546612788,1.0,6.778597502003749,47,0.8703703703703703
BDNF-64,4,6.077965007926812,0.0,1.0,0.431327749602371,0.0,0.0,0.6666666666666666,0.0,0.0,-21.36374873945457,-21.36050833384296,0.99676483883624,6.044433543866051,48,0.8703703703703703
BDNF-64,4,3.693248912546197,0.0,1.0,0.2377296415066493,0.0,0.0,0.6666666666666666,0.0,0.0,-7.974917860761696,-7.977320821575304,1.0,3.809811855031823,49,0.8703703703703703
BDNF-64,4,7.485377590945451,0.0,1.0,0.4547914317531258,0.0,0.0,0.6666666666666666,0.0,0.0,-21.52680501882019,-21.51981767626326,0.9930370121627676,7.545957688019787,50,0.8703703703703703
BDNF-64,4,15.88826641678215,0.0,1.0,0.7202445414602856,0.0,0.0,0.6666666666666666,0.0,0.0,-22.90594640550682,-22.90607266427275,1.0,15.74074201388475,51,0.8703703703703703
BDNF-64,4,7.534199192463346,0.0,1.0,1.043093115388278,0.0,0.0,0.6666666666666666,0.0,0.0,-14.33322265285542,-14.33329074836885,1.0,7.510181158607471,52,0.8703703703703703
BDNF-64,4,32.37849745240185,0.0,1.0,1.144613890639639,0.0,0.0,0.6666666666666666,0.0,0.0,-22.27686561507122,-22.27272748466195,0.9958704198540524,32.89501192171704,53,0.8703703703703703
BDNF-64,4,6.947159550876071,0.0,1.0,0.4522510498213743,0.0,0.0,0.6666666666666666,0.0,0.0,-19.77219437660207,-19.77194251604339,0.999748171155514,6.935252264894066,54,0.8703703703703703
BDNF-64,4,36.01686449577078,0.0,1.0,0.9485432881399808,0.0,0.0,0.6666666666666666,0.0,0.0,-27.11772136938719,-27.11506984951465,0.9973519923012544,35.99282044484988,55,0.8703703703703703
BDNF-64,4,15.31880184371438,0.0,1.0,0.705360977510493,0.0,0.0,0.6666666666666666,0.0,0.0,-19.92403067308308,-19.9240971309615,1.0,15.17809245748304,56,0.8703703703703703
BDNF-64,4,9.7385179912049e-05,1.630846848069126e-05,0.000625582808,3.820001780854107,0.999374417192,1.301302038644359,0.2674848678083365,1.0,0.0,-8.278614164938089,-8.259287850892608,0.9808592418675032,0.0803208698614312,57,0.8703703703703703
BDNF-64,4,7.322350997561536,0.0,1.0,0.6640860777415766,0.0,0.0,0.6666666666666666,0.0,0.0,-26.75580734504599,-26.75592843258323,1.0,7.316526876856157,58,0.8703703703703703
BDNF-64,4,10.2295636127728,0.0,0.9624981607545056,0.1743894374607541,0.0375018392454944,0.0,0.6666666666666666,0.0,0.0,-32.50201335114772,-32.50111833435622,0.9991053836165128,10.16548134343029,59,0.8703703703703703
BDNF-64,4,22.05200353721477,0.0,0.9853515725934994,1.634821456274132,0.0146484274065006,0.0,0.6666666666666666,0.0,0.0,-38.34630397526915,-38.35822138991842,1.0,22.91059211049098,60,0.8703703703703703
BDNF-64,4,11.81600534759136,0.0,1.0,0.9238962101495808,0.0,0.0,0.6666666666666666,0.0,0.0,-12.52498398633296,-12.52528885854238,1.0,11.5404159446065,61,0.8703703703703703
BDNF-64,4,0.000164328026301,8.732350798101442e-06,0.0007219620458518,3.510801230203999,0.9992780379541482,1.357693275435295,0.2591552327856449,1.0,0.0,-7.646907917139268,-7.646727183016299,0.9998192822084494,1.727495981944975e-05,62,0.8703703703703703
BDNF-64,4,0.0002120960006266,0.000166241205957,1.0,0.0053508727405388,0.0,-0.0006106249839703,0.6666666666666666,0.0,0.0,-13.46902569404505,-13.46932866464285,1.0,6.402024083809056e-06,63,0.8703703703703703
BDNF-64,4,11.38961179328623,3.794156051195587,0.5088226477087741,3.917405267018537,0.4911773522912259,0.0,0.6666666666666666,0.0,0.0,-28.94031331406019,-28.94062091627091,1.0,11.31072780779904,64,0.8703703703703703
BDNF-64,4,6.177528341664845,0.0,1.0,1.195472530395464,0.0,0.0,0.6666666666666666,0.0,0.0,-40.81557128302555,-40.81595894955217,1.0,6.221663102026417,65,0.8703703703703703
BDNF-64,4,14.88389942031731,0.0,0.991381328181018,0.1510944787699948,0.008618671818982,0.0,0.6666666666666666,0.0,0.0,-37.83888441307859,-37.83758528635094,0.9987017167720972,14.78792710530745,66,0.8703703703703703
BDNF-64,4,4.089655771668849,0.0,1.0,0.537261566685391,0.0,0.0,0.6666666666666666,0.0,0.0,-13.10993186564225,-13.10310611567426,0.9931974925503544,4.204244359900753,67,0.8703703703703703
BDNF-64,4,17.86122667701671,7.2426644252206,0.8396390391496189,7.118687480673049,0.1603609608503811,0.0,0.6666666666666666,0.0,0.0,-71.95864395199865,-71.95931175465876,1.0,18.11689167256828,68,0.8703703703703703
BDNF-64,4,14.6010603109361,0.0,1.0,0.6423310351098132,0.0,0.0,0.6666666666666666,0.0,0.0,-20.13013812668355,-20.13078973527566,1.0,14.85319526886436,69,0.8703703703703703
BDNF-64,4,25.28137784284253,0.0,1.0,0.0818078875891628,0.0,0.0,0.6666666666666666,0.0,0.0,-24.28281320380897,-24.28262806767996,0.9998148810076174,24.97131002538489,70,0.8703703703703703
BDNF-64,4,16.68723353452162,3.515905536573472,0.931801097598304,3.716917016031819,0.0681989024016959,0.0,0.6666666666666666,0.0,0.0,-34.60436215780723,-34.60456022416187,1.0,16.88127043760613,71,0.8703703703703703
BDNF-64,4,13.88057662859941,6.184239481968077,0.8343565074573203,6.777523483532506,0.1656434925426797,0.0,0.6666666666666666,0.0,0.0,-53.39114481995161,-53.39108254062379,0.9999377226114998,13.50888311634513,72,0.8703703703703703
BDNF-64,4,9.15125333026076,0.0,1.0,0.4268255603255974,0.0,0.0,0.6666666666666666,0.0,0.0,-12.31202347760962,-12.31183763637498,0.9998141760327672,9.238835088181462,73,0.8703703703703703
BDNF-64,4,11.25404528063488,0.0,1.0,0.9050044374052314,0.0,0.0,0.6666666666666666,0.0,0.0,-12.65692959235781,-12.65690812260515,0.9999785304778124,11.30246585439056,74,0.8703703703703703
BDNF-64,4,4.525582942421159,0.0,1.0,0.3957671165950973,0.0,0.0,0.6666666666666666,0.0,0.0,-13.57428635908608,-13.57458833053128,1.0,4.483256962857328,75,0.8703703703703703
BDNF-64,4,0.0,0.0,1.0,0.0,0.0,0.0,1.0,0.0,0.0,0.0,0.0,1.0,0.0,76,1.0
BDNF-64,4,7.305713508157651,0.0,1.0,2.350036236800387,0.0,0.0,0.6666666666666666,0.0,0.0,-31.2896686063757,-31.28595009014421,0.996288388888217,7.276124235807562,77,0.8703703703703703
BDNF-64,4,88.04140484727502,0.0,1.0,5.403497824172423,0.0,0.0,0.6666666666666666,0.0,0.0,-26.88054115896133,-26.8770175965512,0.9964826380510036,87.09382941390066,78,0.8703703703703703
BDNF-64,4,21.37454830921587,0.0,0.7697460464275502,73.95928764799555,0.2302539535724498,0.2429772852477328,0.5113396026895407,1.0,0.0,-50.31235706419324,-50.06290624087655,0.7792285997536645,21.41456694254681,79,0.8703703703703703
BDNF-64,4,5.463963714784282,0.0,1.0,0.063590020891451,0.0,0.0,0.6666666666666666,0.0,0.0,-16.15629888183956,-16.15656220224503,1.0,5.576988512985767,80,0.8703703703703703
BDNF-64,4,16.54409587571352,0.0,1.0,0.5220419646787303,0.0,0.0,0.6666666666666666,0.0,0.0,-30.0097365038239,-30.00975870081902,1.0,16.51130426492304,81,0.8703703703703703
BDNF-64,4,4.480978528781224,0.0,1.0,1.078452756609041,0.0,0.0,0.6666666666666666,0.0,0.0,-13.3095906037606,-13.30946237558735,0.9998717800476178,4.416263300409194,82,0.8703703703703703
BDNF-64,4,0.0,0.0,1.0,0.0,0.0,0.0,1.0,0.0,0.0,0.0,0.0,1.0,0.0,83,1.0
BDNF-64,4,5.439513604981763,0.0,1.0,0.1328802203976781,0.0,0.0,0.6666666666666666,0.0,0.0,-16.35431635605991,-16.35431398167506,0.9999976256179628,5.399789971801395,84,0.8703703703703703
BDNF-64,4,12.11473789850266,0.0,1.0,0.9404462287607034,0.0,0.0,0.6666666666666666,0.0,0.0,-17.19727197744296,-17.19732369610831,1.0,12.16914221531719,85,0.8703703703703703
BDNF-64,4,10.02984214587666,0.0,1.0,0.3532736461470593,0.0,0.0,0.6666666666666666,0.0,0.0,-15.44160103357645,-15.44163376889399,1.0,9.786695905884208,86,0.8703703703703703
BDNF-64,4,4.818481958021422,0.0,1.0,0.4919835246219014,0.0,0.0,0.6666666666666666,0.0,0.0,-12.55974639438952,-12.56051173592972,1.0,4.855686440585891,87,0.8703703703703703
BDNF-64,4,0.0,0.0,1.0,0.0,0.0,0.0,1.0,0.0,0.0,0.0,0.0,1.0,0.0,88,1.0
BDNF-64,4,2.845312392998303,0.0,1.0,0.1210313484920597,0.0,0.0,0.6666666666666666,0.0,0.0,-12.90850236330655,-12.90852261573047,1.0,2.821655030256725,89,0.8703703703703703
BDNF-64,4,3.641827838056935,0.0,1.0,0.183583689884876,0.0,0.0,0.6666666666666666,0.0,0.0,-13.96692501141399,-13.96695323208106,1.0,3.618092010861506,90,0.8703703703703703
BDNF-64,4,3.655249396925067,0.0,1.0,0.2519423014230596,0.0,0.0,0.6666666666666666,0.0,0.0,-7.088254903418825,-7.077806752798688,0.9896062417071152,3.593352116681162,91,0.8703703703703703
BDNF-64,4,12.86208838790817,0.0,1.0,0.7945061953562971,0.0,0.0,0.6666666666666666,0.0,0.0,-30.7156378222487,-30.71566907396632,1.0,12.82566802200724,92,0.8703703703703703
BDNF-64,4,12.57355828354511,0.0,1.0,1.204084543543605,0.0,0.0,0.6666666666666666,0.0,0.0,-28.0450411455839,-28.03901086324523,0.9939878633207568,12.62894164706283,93,0.8703703703703703
BDNF-64,4,13.84201721501882,0.0,1.0,0.8960462682190482,0.0,0.0,0.6666666666666666,0.0,0.0,-41.16967927302733,-41.16933210407385,0.9996528913026608,13.78568850814485,94,0.8703703703703703
BDNF-64,4,3.83267960671477,0.0,1.0,0.150958484507284,0.0,0.0,0.6666666666666666,0.0,0.0,-13.84748486118604,-13.8474538867374,0.9999690260310548,3.816838132014555,95,0.8703703703703703
BDNF-64,4,16.2428675725319,0.0,1.0,0.6577376630230224,0.0,0.0,0.6666666666666666,0.0,0.0,-21.08303685865611,-21.08303374291483,0.999996884263564,16.36362646505163,96,0.8703703703703703
BDNF-64,4,1.373320519471157,0.0,1.0,0.0426247188708441,0.0,0.0,0.6666666666666666,0.0,0.0,-9.499237636378838,-9.499337255503884,1.0,1.347282078182308,97,0.8703703703703703
BDNF-64,4,26.57314746822992,0.0,1.0,0.81071293897598,0.0,0.0,0.6666666666666666,0.0,0.0,-47.00546311405404,-47.00526580568972,0.9998027110996912,26.69218673647613,98,0.8703703703703703
BDNF-64,4,0.0,0.0,1.0,0.0,0.0,0.0,1.0,0.0,0.0,0.0,0.0,1.0,0.0,99,1.0
BDNF-64,4,4.84987479619003,0.0,1.0,0.1647804978402619,0.0,0.0,0.6666666666666666,0.0,0.0,-11.49052004571436,-11.49028624258373,0.999766224199178,4.930206986559845,100,0.8703703703703703
BDNF-64,4,0.0,0.0,1.0,0.0,0.0,0.0,1.0,0.0,0.0,0.0,0.0,1.0,0.0,101,1.0
BDNF-64,4,0.0,0.0,1.0,0.0,0.0,0.0,1.0,0.0,0.0,0.0,0.0,1.0,0.0,102,1.0
BDNF-64,4,2.112721615350036,0.0,1.0,0.2622876916377764,0.0,0.0,0.6666666666666666,0.0,0.0,-13.93782143860593,-13.93782889531135,1.0,2.149012894114978,103,0.8703703703703703
BDNF-64,4,3.710704264994899,0.0,1.0,0.1043268597189317,0.0,0.0,0.6666666666666666,0.0,0.0,-13.11740222743264,-13.11748335881246,1.0,3.765479611206753,104,0.8703703703703703
BDNF-64,4,3.957342630208192,0.0,1.0,0.4333475204284115,0.0,0.0,0.6666666666666666,0.0,0.0,-22.4478075446036,-22.44791353379733,1.0,3.946352953897502,105,0.8703703703703703
BDNF-64,4,2.992895841614411,0.0,1.0,0.2205055336986833,0.0,0.0,0.6666666666666666,0.0,0.0,-9.005888213603054,-9.006105898468002,1.0,2.932904918958417,106,0.8703703703703703
BDNF-64,4,12.75674339136655,0.0,1.0,0.5711884551266493,0.0,0.0,0.6666666666666666,0.0,0.0,-26.85445803381634,-26.85017324532835,0.9957243781209808,12.66319600582317,107,0.8703703703703703
BDNF-64,4,10.13847649476176,0.0,1.0,0.5996033112162106,0.0,0.0,0.6666666666666666,0.0,0.0,-27.37396907131854,-27.37416125088147,1.0,10.02638004613065,108,0.8703703703703703
BDNF-64,4,8.2301562290533,0.0,1.0,0.5723512227324338,0.0,0.0,0.6666666666666666,0.0,0.0,-11.55352189342576,-11.55352125979346,0.9999993663678968,8.280791322043884,109,0.8703703703703703
BDNF-64,4,0.0,0.0,1.0,0.0,0.0,0.0,1.0,0.0,0.0,0.0,0.0,1.0,0.0,110,1.0
BDNF-64,4,13.24615578747704,0.0,1.0,0.1733419966293827,0.0,0.0,0.6666666666666666,0.0,0.0,-28.63359012029622,-28.62772255054874,0.9941496108204284,13.21855887784006,111,0.8703703703703703
BDNF-64,4,0.1321052034841862,0.0593564294561282,0.4239099924990677,129.1398458523677,0.5760900075009323,1.137465918379434,0.2934787555308445,1.0,0.0,-9.9408653204811,-9.375253254593664,0.5680123793166235,0.0718757531300515,112,0.8703703703703703
BDNF-64,4,7.593473373423772,0.0,1.0,1.14578601377004,0.0,0.0,0.6666666666666666,0.0,0.0,-17.36830307911036,-17.36867551045413,1.0,7.510181158607471,113,0.8703703703703703
BDNF-64,4,3.944898461350559,0.0,1.0,0.1554880764292397,0.0,0.0,0.6666666666666666,0.0,0.0,-14.02619994601321,-14.02622195100579,1.0,3.928516328130428,114,0.8703703703703703
BDNF-64,4,3.201387184878739,0.0,1.0,0.1043678249795303,0.0,0.0,0.6666666666666666,0.0,0.0,-14.18516636511665,-14.18499941114518,0.999833059964561,3.151398783186653,115,0.8703703703703703
BDNF-64,4,0.0,0.0,1.0,0.0,0.0,0.0,1.0,0.0,0.0,0.0,0.0,1.0,0.0,116,1.0
BDNF-64,4,10.05401472754617,0.0,1.0,0.6044897390697654,0.0,0.0,0.6666666666666666,0.0,0.0,-12.32771301731385,-12.32778026247015,1.0,10.02630861430999,117,0.8703703703703703
BDNF-64,4,21.4734265436741,0.0,1.0,1.431353070602631,0.0,0.0,0.6666666666666666,0.0,0.0,-32.83696734701546,-32.83704801539299,1.0,21.41889520717571,118,0.8703703703703703
BDNF-64,4,0.0,0.0,1.0,0.0,0.0,0.0,1.0,0.0,0.0,0.0,0.0,1.0,0.0,119,1.0
BDNF-64,4,20.93849292984964,0.0,1.0,1.24308360172216,0.0,0.0,0.6666666666666666,0.0,0.0,-40.2274436162999,-40.22505726364704,0.9976164924229368,21.12858635159536,120,0.8703703703703703
BDNF-64,4,3.776392380622315,0.0,1.0,0.6892294445529921,0.0,0.0,0.6666666666666666,0.0,0.0,-13.75765611327574,-13.75769279627089,1.0,3.865584815418617,121,0.8703703703703703
BDNF-64,4,3.646935947809541,0.0,1.0,0.3275933845270167,0.0,0.0,0.6666666666666666,0.0,0.0,-12.35951453534428,-12.35974681655862,1.0,3.614034825259265,122,0.8703703703703703
BDNF-64,4,25.77776684255326,0.0,1.0,1.843944851750924,0.0,0.0,0.6666666666666666,0.0,0.0,-41.63286107157441,-41.63602875304393,1.0,25.48286802605712,123,0.8703703703703703
BDNF-64,4,2.047052981224745,0.0,1.0,0.1542052048905502,0.0,0.0,0.6666666666666666,0.0,0.0,-9.01472800655806,-9.014711476439007,0.9999834700175676,2.068253547232695,124,0.8703703703703703
BDNF-64,4,0.0,0.0,1.0,0.0,0.0,0.0,1.0,0.0,0.0,0.0,0.0,1.0,0.0,125,1.0
BDNF-64,4,1.231688183798928,0.0,1.0,0.1232668924662694,0.0,0.0,0.6666666666666666,0.0,0.0,-11.02220594742125,-11.02205601341366,0.9998500772319492,1.282633030884505,126,0.8703703703703703
BDNF-64,4,3.781141880642028,0.0,1.0,0.267335264222027,0.0,0.0,0.6666666666666666,0.0,0.0,-8.961377155389826,-8.961323147781087,0.9999459938496428,3.758636681625558,127,0.8703703703703703
BDNF-64,4,9.908178085650436,0.0,1.0,0.4952739710459976,0.0,0.0,0.6666666666666666,0.0,0.0,-22.70916532076621,-22.7090214160628,0.9998561056503638,10.01077367361298,128,0.8703703703703703
BDNF-64,4,17.30109421547322,0.0,1.0,0.819165480982716,0.0,0.0,0.6666666666666666,0.0,0.0,-26.16615968879861,-26.16787009519932,1.0,17.50023841992461,129,0.8703703703703703
BDNF-64,4,0.0,0.0,1.0,0.0,0.0,0.0,1.0,0.0,0.0,0.0,0.0,1.0,0.0,130,1.0
BDNF-64,4,10.09238628175127,0.0,0.6719610723020891,124.9452445490864,0.3280389276979109,0.8501863151040183,0.3466431482560395,1.0,0.0,-25.15487794111619,-24.6400291101818,0.5975909250313259,10.20342564152947,131,0.8703703703703703
BDNF-64,4,10.01891501654099,0.0,1.0,0.8926727844665197,0.0,0.0,0.6666666666666666,0.0,0.0,-24.5335858814651,-24.53267964350162,0.9990941725460762,9.979101733421595,132,0.8703703703703703
BDNF-64,4,97.28812633704806,0.0,1.0,4.946269706385229,0.0,0.0,0.6666666666666666,0.0,0.0,-27.99704404346289,-27.99672681047867,0.9996828173288232,98.53159249860803,133,0.8703703703703703
BDNF-64,4,9.312107948335036,0.0,1.0,0.418873181326971,0.0,0.0,0.6666666666666666,0.0,0.0,-14.40127263512115,-14.4012294835913,0.9999568494011672,9.323037993286608,134,0.8703703703703703
BDNF-64,4,0.0,0.0,1.0,0.0,0.0,0.0,1.0,0.0,0.0,0.0,0.0,1.0,0.0,135,1.0
BDNF-64,4,14.86195418310387,0.0,1.0,0.7599283379502948,0.0,0.0,0.6666666666666666,0.0,0.0,-32.98228774469135,-32.98261245741629,1.0,14.67939161141794,136,0.8703703703703703
BDNF-64,4,19.99858520788425,0.0,1.0,0.780839027684938,0.0,0.0,0.6666666666666666,0.0,0.0,-33.67772995794883,-33.67780887617251,1.0,19.90790478388976,137,0.8703703703703703
BDNF-64,4,7.325732127196498,0.0,1.0,1.283853626454447,0.0,0.0,0.6666666666666666,0.0,0.0,-20.7119465767877,-20.71136195471717,0.9994155487876212,7.328051150867907,138,0.8703703703703703
BDNF-64,4,16.33257214297088,0.0,1.0,1.33207799104236,0.0,0.0,0.6666666666666666,0.0,0.0,-32.15079169848877,-32.15085328043345,1.0,16.38047359213939,139,0.8703703703703703
BDNF-64,4,7.723304465725978,0.0,1.0,0.9972718364050536,0.0,0.0,0.6666666666666666,0.0,0.0,-21.13386142084129,-21.12707750296221,0.9932390409452,7.754431576166959,140,0.8703703703703703
BDNF-64,4,4.317812523105401,0.0,1.0,0.500821024993069,0.0,0.0,0.6666666666666666,0.0,0.0,-11.85243081729327,-11.8524419220588,1.0,4.271030139254364,141,0.8703703703703703
BDNF-64,4,0.0,0.0,1.0,0.0,0.0,0.0,1.0,0.0,0.0,0.0,0.0,1.0,0.0,142,1.0
BDNF-64,4,9.430602413361935,0.0,1.0,0.3858530974738264,0.0,0.0,0.6666666666666666,0.0,0.0,-27.07989339394094,-27.08009115531974,1.0,9.325191387849484,143,0.8703703703703703
BDNF-64,4,4.469905063019998,0.0,1.0,0.2235014318416981,0.0,0.0,0.6666666666666666,0.0,0.0,-19.42229115247027,-19.42229409757375,1.0,4.43976078151867,144,0.8703703703703703
BDNF-64,4,0.0,0.0,1.0,0.0,0.0,0.0,1.0,0.0,0.0,0.0,0.0,1.0,0.0,145,1.0
BDNF-64,4,0.0,0.0,1.0,0.0,0.0,0.0,1.0,0.0,0.0,0.0,0.0,1.0,0.0,146,1.0
BDNF-64,4,0.0,0.0,1.0,0.0,0.0,0.0,1.0,0.0,0.0,0.0,0.0,1.0,0.0,147,1.0
BDNF-64,4,19.58152270962919,0.0,1.0,1.251300267257017,0.0,0.0,0.6666666666666666,0.0,0.0,-34.14400743226089,-34.14407208839381,1.0,19.6353595182813,148,0.8703703703703703
BDNF-64,4,18.30213117631709,0.0,1.0,1.419165159595357,0.0,0.0,0.6666666666666666,0.0,0.0,-38.0016212349726,-38.00177010489013,1.0,18.41054717762774,149,0.8703703703703703
BDNF-64,4,12.08132902608068,0.0,1.0,0.6048352254687094,0.0,0.0,0.6666666666666666,0.0,0.0,-27.49041943245648,-27.49055454309929,1.0,12.28451779407681,150,0.8703703703703703
BDNF-64,4,21.39549440372645,0.0,1.0,1.095303047981024,0.0,0.0,0.6666666666666666,0.0,0.0,-31.22915340936141,-31.22679908664854,0.99764844653107,21.36250009999861,151,0.8703703703703703
BDNF-64,4,0.0,0.0,1.0,0.0,0.0,0.0,1.0,0.0,0.0,0.0,0.0,1.0,0.0,152,1.0
BDNF-64,4,24.75091237420692,0.0,1.0,1.150273671641273,0.0,0.0,0.6666666666666666,0.0,0.0,-42.50766512294591,-42.5076503231131,0.9999852002767043,24.63125929563538,153,0.8703703703703703
BDNF-64,4,0.0,0.0,1.0,0.0,0.0,0.0,1.0,0.0,0.0,0.0,0.0,1.0,0.0,154,1.0
BDNF-64,4,12.54702736859932,0.0,1.0,1.971013754025871,0.0,0.0,0.6666666666666666,0.0,0.0,-34.72178037609774,-34.72103983239246,0.9992597304295008,12.49823078592127,155,0.8703703703703703
BDNF-64,4,13.62748632633675,0.0,1.0,0.5313638473237039,0.0,0.0,0.6666666666666666,0.0,0.0,-18.38962647423737,-18.38967688485858,1.0,13.73940603843576,156,0.8703703703703703
BDNF-64,4,25.35625423823388,0.0,1.0,0.1424266137378147,0.0,0.0,0.6666666666666666,0.0,0.0,-22.2197968455221,-22.21983280554469,1.0,25.38405339932314,157,0.8703703703703703
BDNF-64,4,0.0,0.0,1.0,0.0,0.0,0.0,1.0,0.0,0.0,0.0,0.0,1.0,0.0,158,1.0
BDNF-64,4,18.39553655154866,0.0,1.0,1.723968350193394,0.0,0.0,0.6666666666666666,0.0,0.0,-33.0232051221147,-33.02358687426137,1.0,18.22799097990522,159,0.8703703703703703
BDNF-64,4,10.13251528516206,0.0,1.0,0.4367589730333857,0.0,0.0,0.6666666666666666,0.0,0.0,-22.43934867898286,-22.43942419843109,1.0,10.15548590995056,160,0.8703703703703703
BDNF-64,4,39.35960697965201,0.0,1.0,2.617165124520847,0.0,0.0,0.6666666666666666,0.0,0.0,-57.90046407733625,-57.89343054512725,0.9929911451879776,39.67717801884513,161,0.8703703703703703
BDNF-64,4,0.0,0.0,1.0,0.0,0.0,0.0,1.0,0.0,0.0,0.0,0.0,1.0,0.0,162,1.0
BDNF-64,4,0.0,0.0,1.0,0.0,0.0,0.0,1.0,0.0,0.0,0.0,0.0,1.0,0.0,163,1.0
BDNF-64,4,10.88521364960083,0.0,1.0,0.6524848832318976,0.0,0.0,0.6666666666666666,0.0,0.0,-16.15610444659366,-16.15583911388141,0.9997347024853548,10.81619091754687,164,0.8703703703703703
BDNF-64,4,0.0,0.0,1.0,0.0,0.0,0.0,1.0,0.0,0.0,0.0,0.0,1.0,0.0,165,1.0
BDNF-64,4,4.230101832617486,0.0,1.0,0.3037132984395891,0.0,0.0,0.6666666666666666,0.0,0.0,-10.42871814140961,-10.42871142954672,0.999993288159633,4.210291028215657,166,0.8703703703703703
BDNF-64,4,19.79770823926065,0.0,1.0,0.0482551788386091,0.0,0.0,0.6666666666666666,0.0,0.0,-23.04788683424375,-23.04795528511736,1.0,19.94109127299405,167,0.8703703703703703
BDNF-64,4,12.29995233172703,0.0,1.0,0.726859308291345,0.0,0.0,0.6666666666666666,0.0,0.0,-14.11697339164687,-14.1166901893593,0.9997168378103948,12.10910411445494,168,0.8703703703703703
BDNF-64,4,0.0,0.0,1.0,0.0,0.0,0.0,1.0,0.0,0.0,0.0,0.0,1.0,0.0,169,1.0
BDNF-64,4,14.39274862166516,0.0,1.0,0.8424487908418944,0.0,0.0,0.6666666666666666,0.0,0.0,-17.78398351505943,-17.78413682688346,1.0,14.24997378875973,170,0.8703703703703703
BDNF-64,4,4.24394688424638,0.0,1.0,0.3160085572718095,0.0,0.0,0.6666666666666666,0.0,0.0,-8.986528907611968,-8.986510149678095,0.9999812422420552,4.220985730253945,171,0.8703703703703703
BDNF-64,4,0.0,0.0,1.0,0.0,0.0,0.0,1.0,0.0,0.0,0.0,0.0,1.0,0.0,172,1.0
BDNF-64,4,4.173895509715391,0.0,1.0,0.2877025797590797,0.0,0.0,0.6666666666666666,0.0,0.0,-7.682470796460637,-7.682631307765871,1.0,4.09303245199691,173,0.8703703703703703
BDNF-64,4,6.245844357513094,0.0,1.0,0.310262359403949,0.0,0.0,0.6666666666666666,0.0,0.0,-11.95735496564662,-11.95534428804878,0.99799134246013,6.252520691676476,174,0.8703703703703703
BDNF-64,4,4.884882680664294,0.0,1.0,0.1545196890266494,0.0,0.0,0.6666666666666666,0.0,0.0,-11.84193558945977,-11.84167503898829,0.9997394834688268,4.914292065086165,175,0.8703703703703703
BDNF-64,4,1.861593610129971,0.0,1.0,0.1779754133096653,0.0,0.0,0.6666666666666666,0.0,0.0,-9.948810845753906,-9.948899561316912,1.0,1.885615966141947,176,0.8703703703703703
BDNF-64,4,0.0,0.0,1.0,0.0,0.0,0.0,1.0,0.0,0.0,0.0,0.0,1.0,0.0,177,1.0
BDNF-64,4,6.190973962671843,0.0,1.0,0.437561539426929,0.0,0.0,0.6666666666666666,0.0,0.0,-19.95088776223461,-19.95104733929318,1.0,6.156685778528397,178,0.8703703703703703
BDNF-64,4,3.332653796037318,0.0,0.9933339674016848,0.2604979057434034,0.0066660325983152,0.0,0.6666666666666666,0.0,0.0,-7.633057744574653,-7.634648750388302,1.0,3.414452927265488,179,0.8703703703703703
BDNF-64,4,29.91050662662157,0.0,1.0,1.299315871583534,0.0,0.0,0.6666666666666666,0.0,0.0,-36.76771788232239,-36.76541634268682,0.9977011068759132,30.05346213827849,180,0.8703703703703703
BDNF-64,4,9.141258692608403,0.0,1.0,1.302146017654297,0.0,0.0,0.6666666666666666,0.0,0.0,-14.38102851674683,-14.38085987272225,0.9998313701950085,9.03641547394688,181,0.8703703703703703
BDNF-64,4,14.30524112644213,0.0,1.0,1.500831788507806,0.0,0.0,0.6666666666666666,0.0,0.0,-23.0829184932547,-23.08235789183777,0.9994395556906532,14.12921959416241,182,0.8703703703703703
BDNF-64,4,11.17179957531861,0.0,1.0,0.5804481576918346,0.0,0.0,0.6666666666666666,0.0,0.0,-21.19225719450779,-21.19236617839995,1.0,11.24867466270111,183,0.8703703703703703
BDNF-64,4,0.0,0.0,1.0,0.0,0.0,0.0,1.0,0.0,0.0,0.0,0.0,1.0,0.0,184,1.0
BDNF-64,4,7.080545430617602,0.0,1.0,0.8345752195485802,0.0,0.0,0.6666666666666666,0.0,0.0,-17.88682721134409,-17.88680373966665,0.9999765285980192,7.135730535634568,185,0.8703703703703703
BDNF-64,4,3.826450425347292,0.0,1.0,0.4009071336038067,0.0,0.0,0.6666666666666666,0.0,0.0,-13.90815160893827,-13.90792676177741,0.9997751781153584,3.814885549731751,186,0.8703703703703703
BDNF-64,4,4.322192154110647,0.0,1.0,0.3335333266424245,0.0,0.0,0.6666666666666666,0.0,0.0,-8.97619515004667,-8.976161931288198,0.9999667817932624,4.325004024109596,187,0.8703703703703703
BDNF-64,4,0.0,0.0,1.0,0.0,0.0,0.0,1.0,0.0,0.0,0.0,0.0,1.0,0.0,188,1.0
BDNF-64,4,7.92154714961509,0.0,1.0,0.9188196874301428,0.0,0.0,0.6666666666666666,0.0,0.0,-14.44325146518825,-14.44313038466554,0.9998789268072268,8.031861243140378,189,0.8703703703703703
BDNF-64,4,2.882248292474579,0.0,1.0,0.518978042732905,0.0,0.0,0.6666666666666666,0.0,0.0,-17.89428531779464,-17.89295891947462,0.9986744809573684,2.893152659379345,190,0.8703703703703703
BDNF-64,4,37.01106591473133,0.0,1.0,0.922010751165756,0.0,0.0,0.6666666666666666,0.0,0.0,-24.89349680232003,-24.88934493570653,0.9958567404685322,36.65852407797531,191,0.8703703703703703
BDNF-64,4,0.0,0.0,1.0,0.0,0.0,0.0,1.0,0.0,0.0,0.0,0.0,1.0,0.0,192,1.0
BDNF-64,4,13.8130763359069,0.0,1.0,0.6927195206918219,0.0,0.0,0.6666666666666666,0.0,0.0,-14.33229564044326,-14.33253749154477,1.0,13.84184226831341,193,0.8703703703703703
BDNF-64,4,11.53314264886771,0.0,1.0,0.6607921516135695,0.0,0.0,0.6666666666666666,0.0,0.0,-26.4561933293552,-26.45617695720651,0.9999836279853328,11.52859129530527,194,0.8703703703703703
BDNF-64,4,13.72933805071448,0.0,1.0,0.8375385046281343,0.0,0.0,0.6666666666666666,0.0,0.0,-15.09804297566204,-15.09808997677216,1.0,13.79875981802267,195,0.8703703703703703
BDNF-64,4,6.951211600475249,0.0,1.0,0.5065627195468654,0.0,0.0,0.6666666666666666,0.0,0.0,-10.54663938416296,-10.54664631418198,1.0,6.992317603450943,196,0.8703703703703703
BDNF-64,4,0.0,0.0,1.0,0.0,0.0,0.0,1.0,0.0,0.0,0.0,0.0,1.0,0.0,197,1.0
BDNF-64,4,0.0,0.0,1.0,0.0,0.0,0.0,1.0,0.0,0.0,0.0,0.0,1.0,0.0,198,1.0
BDNF-64,4,1.882910758601269,0.0,1.0,0.0781978715222683,0.0,0.0,0.6666666666666666,0.0,0.0,-10.15262840733584,-10.15256749185976,0.99993908637923,1.885615966141947,199,0.8703703703703703
BDNF-64,4,13.39053089247432,0.0,1.0,1.039743205129759,0.0,0.0,0.6666666666666666,0.0,0.0,-14.82067837736928,-14.82095829189864,1.0,13.53019946109714,200,0.8703703703703703
BDNF-64,4,14.33363295447056,0.0,1.0,0.8533535901947561,0.0,0.0,0.6666666666666666,0.0,0.0,-23.14158325910536,-23.14138159741915,0.999798358646132,14.41747316695774,201,0.8703703703703703
BDNF-64,4,148.5829651188511,0.0,1.0,7.830424685738233,0.0,0.0,0.6666666666666666,0.0,0.0,-33.23771525124759,-33.2377037631598,0.9999885119781942,148.3240215309765,202,0.8703703703703703
BDNF-64,4,4.209865253415138,0.0,1.0,0.4396991854303355,0.0,0.0,0.6666666666666666,0.0,0.0,-14.35973900007359,-14.36046585893097,1.0,4.241586002634423,203,0.8703703703703703
BDNF-64,4,1.527586017113842,0.0,1.0,0.07873972660373,0.0,0.0,0.6666666666666666,0.0,0.0,-10.33999692448358,-10.34053665510914,1.0,1.580209031905946,204,0.8703703703703703
BDNF-64,4,14.67438728952389,0.0,1.0,1.261080543773949,0.0,0.0,0.6666666666666666,0.0,0.0,-31.03749015780783,-31.03770542380806,1.0,14.51121741305337,205,0.8703703703703703
BDNF-64,4,16.78521520720469,0.0,1.0,1.387983356887849,0.0,0.0,0.6666666666666666,0.0,0.0,-34.08456579063401,-34.08504348306032,1.0,16.6573078351867,206,0.8703703703703703
BDNF-64,4,4.263499990455847,0.0,1.0,0.5003169899134373,0.0,0.0,0.6666666666666666,0.0,0.0,-13.4541304595978,-13.4540626282396,0.9999321709422878,4.23403873573958,207,0.8703703703703703
BDNF-64,4,0.0,0.0,1.0,0.0,0.0,0.0,1.0,0.0,0.0,0.0,0.0,1.0,0.0,208,1.0
BDNF-64,4,0.0,0.0,1.0,0.0,0.0,0.0,1.0,0.0,0.0,0.0,0.0,1.0,0.0,209,1.0
BDNF-64,4,3.377218675851626,0.0,1.0,0.3251882665109952,0.0,0.0,0.6666666666666666,0.0,0.0,-12.25021792433473,-12.25019886008072,0.9999809359277052,3.410940282459018,210,0.8703703703703703
BDNF-64,4,0.0,0.0,1.0,0.0,0.0,0.0,1.0,0.0,0.0,0.0,0.0,1.0,0.0,211,1.0
BDNF-64,4,0.0,0.0,1.0,0.0,0.0,0.0,1.0,0.0,0.0,0.0,0.0,1.0,0.0,212,1.0
BDNF-64,4,25.52460400887716,0.0,1.0,1.440676380087848,0.0,0.0,0.6666666666666666,0.0,0.0,-44.92348833770464,-44.92385155494171,1.0,25.53246180285123,213,0.8703703703703703
BDNF-64,4,10.02539726188831,0.0,1.0,1.13673242921083,0.0,0.0,0.6666666666666666,0.0,0.0,-24.40113170850924,-24.4008639589975,0.9997322863299452,10.13444284667105,214,0.8703703703703703
BDNF-64,4,7.077612042472577,0.0,1.0,0.1694780964886332,0.0,0.0,0.6666666666666666,0.0,0.0,-18.58116357808476,-18.57884887983804,0.9976879786013854,7.022957419628201,215,0.8703703703703703
BDNF-64,4,0.0,0.0,1.0,0.0,0.0,0.0,1.0,0.0,0.0,0.0,0.0,1.0,0.0,216,1.0
BDNF-64,4,18.19511402984246,0.0,1.0,0.9991041156690128,0.0,0.0,0.6666666666666666,0.0,0.0,-42.49925482344041,-42.49692693729766,0.9976748212828076,18.19122925147893,217,0.8703703703703703
BDNF-64,4,0.0,0.0,1.0,0.0,0.0,0.0,1.0,0.0,0.0,0.0,0.0,1.0,0.0,218,1.0
BDNF-64,4,13.72017629420627,0.0,1.0,0.0074290287402202,0.0,0.0,0.6666666666666666,0.0,0.0,-19.35273411252538,-19.35281769540066,1.0,13.6780337614567,219,0.8703703703703703
BDNF-64,4,7.603500633855475,0.0,1.0,1.273768483387092,0.0,0.0,0.6666666666666666,0.0,0.0,-16.6887796308498,-16.68933924202119,1.0,7.6411416320199,220,0.8703703703703703
BDNF-64,4,0.0,0.0,1.0,0.0,0.0,0.0,1.0,0.0,0.0,0.0,0.0,1.0,0.0,221,1.0
BDNF-64,4,0.0,0.0,1.0,0.0,0.0,0.0,1.0,0.0,0.0,0.0,0.0,1.0,0.0,222,1.0
BDNF-64,4,1.425016881765307,0.0,1.0,0.0591957065273972,0.0,0.0,0.6666666666666666,0.0,0.0,-8.766680173294292,-8.766942078043325,1.0,1.406783070249803,223,0.8703703703703703
BDNF-64,4,6.083495166700243,0.0,1.0,0.1831731240739112,0.0,0.0,0.6666666666666666,0.0,0.0,-19.27528831514091,-19.27209428315134,0.9968110635039402,6.058307825469683,224,0.8703703703703703
BDNF-64,4,0.0,0.0,1.0,0.0,0.0,0.0,1.0,0.0,0.0,0.0,0.0,1.0,0.0,225,1.0
BDNF-64,4,5.932507102571705,0.0,1.0,0.4232093619627152,0.0,0.0,0.6666666666666666,0.0,0.0,-18.69328547855584,-18.69326087467935,0.9999753964261852,5.899943546972853,226,0.8703703703703703
BDNF-64,4,0.0,0.0,1.0,0.0,0.0,0.0,1.0,0.0,0.0,0.0,0.0,1.0,0.0,227,1.0
BDNF-64,4,2.836076499273375,0.0,1.0,0.2430650308084888,0.0,0.0,0.6666666666666666,0.0,0.0,-19.15745290705737,-19.1578979780972,1.0,2.891489199550277,228,0.8703703703703703
BDNF-64,4,8.565722722581796,0.0,1.0,0.5346799724755977,0.0,0.0,0.6666666666666666,0.0,0.0,-25.88284993242136,-25.88312731265964,1.0,8.474939019838514,229,0.8703703703703703
BDNF-64,4,1.934568704147398,0.0,1.0,0.1714116835694508,0.0,0.0,0.6666666666666666,0.0,0.0,-9.903790415180584,-9.90366427965193,0.99987387242609,1.937566820285355,230,0.8703703703703703
BDNF-64,4,0.0,0.0,1.0,0.0,0.0,0.0,1.0,0.0,0.0,0.0,0.0,1.0,0.0,231,1.0
BDNF-64,4,17.61125325526887,0.0,1.0,0.9265986772088548,0.0,0.0,0.6666666666666666,0.0,0.0,-21.65817401351008,-21.65811839938098,0.9999443874173276,17.72879006873956,232,0.8703703703703703
BDNF-64,4,9.22841839033844,0.0,1.0,0.6636748837420509,0.0,0.0,0.6666666666666666,0.0,0.0,-18.6621567765509,-18.66194017702092,0.9997834239259922,9.263289345289303,233,0.8703703703703703
BDNF-64,4,2.873899295526372,0.0,1.0,0.0769285691438673,0.0,0.0,0.6666666666666666,0.0,0.0,-14.26041710720423,-14.26035355305384,0.999936447869132,2.892982049980659,234,0.8703703703703703
BDNF-64,4,0.0,0.0,1.0,0.0,0.0,0.0,1.0,0.0,0.0,0.0,0.0,1.0,0.0,235,1.0
