Sample,Partition,&alpha;,&beta;<sup>1</sup>,p<sup>1</sup>,&beta;<sup>+</sup>,p<sup>+</sup>,LRT,p-value,# branches under selection,Total branch length,MEME LogL,FEL LogL,FEL &alpha;,FEL &beta;,CodonSite,adjusted_p-value
BDNF-64,1,0.0,0.0,1.0,0.0,0.0,0.0,1.0,0.0,0.0,0.0,0.0,1.0,0.0,1,1.0
BDNF-64,1,0.4502335361001352,0.0,0.939993614463186,0.0173781327282735,0.060006385536814,0.0,0.6666666666666666,0.0,0.0,-13.22166573286739,-13.22217333703179,1.0,0.4357084690159262,2,1.0
BDNF-64,1,0.9337374147882302,0.0,1.0,0.2088620777060779,0.0,0.0,0.6666666666666666,0.0,0.0,-13.24496589970156,-13.24516381123928,1.0,0.9611411044938648,3,1.0
BDNF-64,1,1.292672440510853,0.063665411412152,0.0007509588871381,14.06203170175645,0.9992490411128618,1.997835362661448,0.1822924091390243,0.0,0.0,-16.86237624713107,-16.86291047571409,1.0,1.319443903231034,4,1.0
BDNF-64,1,2.377006551359276,0.0,1.0,0.2700940808605493,0.0,0.0,0.6666666666666666,0.0,0.0,-18.36948356697238,-18.36952532926621,1.0,2.402733930639289,5,1.0
BDNF-64,1,1.66897953991508,0.0,1.0,0.0907287547162784,0.0,0.0,0.6666666666666666,0.0,0.0,-16.74886394987063,-16.74948670042636,1.0,1.576600892927244,6,1.0
BDNF-64,1,0.0001593597222715,0.0001264638050212,1.0,0.0460923068742734,0.0,-0.0020648454145515,0.6666666666666666,0.0,0.0,-20.01216973559978,-20.01315591847337,1.0,4.244993172897368e-05,7,1.0
BDNF-64,1,0.4761896064566919,0.0,0.9856981443558142,0.0399694648925382,0.0143018556441858,0.0,0.6666666666666666,0.0,0.0,-17.559199099349,-17.55955145272384,1.0,0.4667731228264546,8,1.0
BDNF-64,1,6.470925276482842,0.0,1.0,1.524955406616825,0.0,0.0,0.6666666666666666,0.0,0.0,-20.73993851117452,-20.74017164217107,1.0,6.398075597863346,9,1.0
BDNF-64,1,2.89060460036684e-05,1.419021496764834e-06,0.0007017903993711,14.72624381877696,0.9992982096006288,5.796456989043463,0.0250285032771401,0.0,0.0,-17.85314929043318,-17.85320821229452,1.0,0.0002195528716943,10,1.0
BDNF-64,1,5.630645027489453,0.0,0.1453796983123488,26.90358315726242,0.8546203016876512,0.88488900874232,0.3396299631043982,1.0,0.0,-34.16840892671083,-34.15352962919926,0.985230852241162,5.760271865354563,11,1.0
BDNF-64,1,6.417431872633966,0.3739892407092523,0.0006726169703213,44.16981515840071,0.9993273830296788,1.468512138252429,0.2436236913634892,0.0,0.0,-23.61254448890267,-23.61280112558336,1.0,6.646978132980882,12,1.0
BDNF-64,1,10.43891163364973,0.0,1.0,1.676234748070965,0.0,0.0,0.6666666666666666,0.0,0.0,-34.9121419656318,-34.91215051928862,1.0,10.29016775546727,13,1.0
BDNF-64,1,1.777481571362224,0.0,1.0,0.2119177683947824,0.0,0.0,0.6666666666666666,0.0,0.0,-18.97210058038967,-18.97212216263635,1.0,1.740336914995531,14,1.0
BDNF-64,1,0.0,0.0,1.0,0.0,0.0,0.0,1.0,0.0,0.0,0.0,0.0,1.0,0.0,15,1.0
BDNF-64,1,0.0001327843257871,0.0,0.240507555733644,8.153370693311267,0.759492444266356,-0.0001282271591591,0.6666666666666666,0.0,0.0,-9.01844174542269,-9.01844174542269,1.0,0.0001327843257871,16,1.0
BDNF-64,1,20.2758548017801,10.13792740089005,0.4809016995,216.4354062763949,0.5190983005,-1.360180548815038e-05,0.6666666666666666,0.0,0.0,-9.94690513880097,-9.946905138800972,1.0,20.2758548017801,17,1.0
BDNF-64,1,0.0,0.0,1.0,0.0,0.0,0.0,1.0,0.0,0.0,0.0,0.0,1.0,0.0,18,1.0
BDNF-64,1,0.0,0.0,1.0,0.0,0.0,0.0,1.0,0.0,0.0,0.0,0.0,1.0,0.0,19,1.0
BDNF-64,1,0.0,0.0,1.0,0.0,0.0,0.0,1.0,0.0,0.0,0.0,0.0,1.0,0.0,20,1.0
BDNF-64,1,0.0,0.0,1.0,0.0,0.0,0.0,1.0,0.0,0.0,0.0,0.0,1.0,0.0,21,1.0
BDNF-64,1,0.0,0.0,1.0,0.0,0.0,0.0,1.0,0.0,0.0,0.0,0.0,1.0,0.0,22,1.0
BDNF-64,1,0.0,0.0,1.0,0.0,0.0,0.0,1.0,0.0,0.0,0.0,0.0,1.0,0.0,23,1.0
BDNF-64,1,0.0,0.0,1.0,0.0,0.0,0.0,1.0,0.0,0.0,0.0,0.0,1.0,0.0,24,1.0
BDNF-64,1,0.0,0.0,1.0,0.0,0.0,0.0,1.0,0.0,0.0,0.0,0.0,1.0,0.0,25,1.0
BDNF-64,1,0.0,0.0,1.0,0.0,0.0,0.0,1.0,0.0,0.0,0.0,0.0,1.0,0.0,26,1.0
BDNF-64,1,0.0,0.0,1.0,0.0,0.0,0.0,1.0,0.0,0.0,0.0,0.0,1.0,0.0,27,1.0
BDNF-64,1,0.0,0.0,1.0,0.0,0.0,0.0,1.0,0.0,0.0,0.0,0.0,1.0,0.0,28,1.0
BDNF-64,1,0.0,0.0,1.0,0.0,0.0,0.0,1.0,0.0,0.0,0.0,0.0,1.0,0.0,29,1.0
BDNF-64,1,0.0,0.0,1.0,0.0,0.0,0.0,1.0,0.0,0.0,0.0,0.0,1.0,0.0,30,1.0
BDNF-64,1,0.0,0.0,1.0,0.0,0.0,0.0,1.0,0.0,0.0,0.0,0.0,1.0,0.0,31,1.0
BDNF-64,1,0.0,0.0,1.0,0.0,0.0,0.0,1.0,0.0,0.0,0.0,0.0,1.0,0.0,32,1.0
BDNF-64,1,0.0,0.0,1.0,0.0,0.0,0.0,1.0,0.0,0.0,0.0,0.0,1.0,0.0,33,1.0
BDNF-64,1,0.0,0.0,1.0,0.0,0.0,0.0,1.0,0.0,0.0,0.0,0.0,1.0,0.0,34,1.0
BDNF-64,1,0.0,0.0,1.0,0.0,0.0,0.0,1.0,0.0,0.0,0.0,0.0,1.0,0.0,35,1.0
BDNF-64,1,0.0,0.0,1.0,0.0,0.0,0.0,1.0,0.0,0.0,0.0,0.0,1.0,0.0,36,1.0
BDNF-64,1,0.0,0.0,1.0,0.0,0.0,0.0,1.0,0.0,0.0,0.0,0.0,1.0,0.0,37,1.0
BDNF-64,1,0.0,0.0,1.0,0.0,0.0,0.0,1.0,0.0,0.0,0.0,0.0,1.0,0.0,38,1.0
BDNF-64,1,0.0,0.0,1.0,0.0,0.0,0.0,1.0,0.0,0.0,0.0,0.0,1.0,0.0,39,1.0
BDNF-64,1,0.0,0.0,1.0,0.0,0.0,0.0,1.0,0.0,0.0,0.0,0.0,1.0,0.0,40,1.0
BDNF-64,1,0.0,0.0,1.0,0.0,0.0,0.0,1.0,0.0,0.0,0.0,0.0,1.0,0.0,41,1.0
BDNF-64,1,0.0,0.0,1.0,0.0,0.0,0.0,1.0,0.0,0.0,0.0,0.0,1.0,0.0,42,1.0
BDNF-64,1,0.0,0.0,1.0,0.0,0.0,0.0,1.0,0.0,0.0,0.0,0.0,1.0,0.0,43,1.0
BDNF-64,1,0.0,0.0,1.0,0.0,0.0,0.0,1.0,0.0,0.0,0.0,0.0,1.0,0.0,44,1.0
BDNF-64,1,0.0,0.0,1.0,0.0,0.0,0.0,1.0,0.0,0.0,0.0,0.0,1.0,0.0,45,1.0
BDNF-64,1,0.0,0.0,1.0,0.0,0.0,0.0,1.0,0.0,0.0,0.0,0.0,1.0,0.0,46,1.0
BDNF-64,1,0.0,0.0,1.0,0.0,0.0,0.0,1.0,0.0,0.0,0.0,0.0,1.0,0.0,47,1.0
BDNF-64,1,0.0,0.0,1.0,0.0,0.0,0.0,1.0,0.0,0.0,0.0,0.0,1.0,0.0,48,1.0
BDNF-64,1,0.0,0.0,1.0,0.0,0.0,0.0,1.0,0.0,0.0,0.0,0.0,1.0,0.0,49,1.0
BDNF-64,1,1.548969729177879,0.0,0.9979792199486328,0.0631601226014812,0.0020207800513672,0.0,0.6666666666666666,0.0,0.0,-20.94807663933894,-20.94874742846705,1.0,1.522611351970365,50,1.0
BDNF-64,1,9.546748693429386,0.0,1.0,0.7121656860311593,0.0,0.0,0.6666666666666666,0.0,0.0,-25.5498602872916,-25.55000641184479,1.0,9.46788796980159,51,1.0
BDNF-64,1,0.6559135680842157,0.0329596567962318,0.0095936270888386,11.06042591964008,0.9904063729111612,1.659943277996248,0.2191725676393779,0.0,0.0,-33.3910384106494,-33.39124231993746,1.0,0.6559135680842157,52,1.0
BDNF-64,1,37.66131269041089,18.79239103177597,0.8196881725448084,19.34386745895396,0.1803118274551916,0.0,0.6666666666666666,0.0,0.0,-36.38855246437544,-36.38873985915428,1.0,37.27449219326254,53,1.0
BDNF-64,1,0.6915405249454701,0.043608057816332,0.0006719447687943,32.3501592872562,0.9993280552312056,5.224572400600131,0.0335820707529063,0.0,0.0,-25.19787480101034,-25.19797058186716,1.0,0.6905623811672035,54,1.0
BDNF-64,1,3.760527866162817,0.0,1.0,0.8944991672612034,0.0,0.0,0.6666666666666666,0.0,0.0,-28.60713769369295,-28.60721685412871,1.0,3.704185430459802,55,1.0
BDNF-64,1,11.98439330530578,0.0,1.0,2.536189111262837,0.0,0.0,0.6666666666666666,0.0,0.0,-21.48102270590011,-21.48087208166793,0.999849387111072,12.3513795324879,56,1.0
BDNF-64,1,0.0001837190668527,1.506858750716972e-05,0.0007804834812518,12.89390209822849,0.9992195165187482,2.325831321187721,0.1527829485928235,0.0,0.0,-27.95321209784323,-27.95323141681115,1.0,0.000146809613955,57,1.0
BDNF-64,1,4.461075273296878,0.0,1.0,0.25889635013736,0.0,0.0,0.6666666666666666,0.0,0.0,-17.53398023368116,-17.53425993555206,1.0,4.518599760042104,58,1.0
BDNF-64,1,1.055590589598814,0.0,1.0,0.1097535157161889,0.0,0.0,0.6666666666666666,0.0,0.0,-19.33484513934769,-19.33500161392098,1.0,1.025627427627805,59,1.0
BDNF-64,1,1.576086995710159,0.0,0.9478847278218436,0.2175887667969335,0.0521152721781564,0.0,0.6666666666666666,0.0,0.0,-18.74703172428506,-18.74739178374016,1.0,1.568229918509563,60,1.0
BDNF-64,1,0.0002251667346983,1.083985202024984e-05,0.000706632155611,4.145082395771707,0.9992933678443888,2.048295922451665,0.177383842576686,1.0,0.0,-21.79052228567378,-21.79089682234432,1.0,4.776675338864646e-05,61,1.0
BDNF-64,1,9.41920779445843e-05,5.022573782753538e-06,0.0006788559879668,21.39896373590067,0.9993211440120332,1.226747587539876,0.2789697747601044,1.0,0.0,-33.7450009194513,-33.74508837649242,1.0,5.174806124077018e-05,62,1.0
BDNF-64,1,6.457575693047437,5.068991655302122,0.8736268709388215,5.265311781068898,0.1263731290611785,0.0,0.6666666666666666,0.0,0.0,-30.99195870637883,-30.9917679402924,0.9998092521082496,6.418093908621145,63,1.0
BDNF-64,1,7.513251719379341,0.0,1.0,3.630945809443643,0.0,0.0,0.6666666666666666,0.0,0.0,-26.59291044802453,-26.59279123174392,0.999880790825356,7.353869325312566,64,1.0
BDNF-64,1,0.0001450057035441,7.08313936504796e-06,0.0006788559879668,11.1975256819541,0.9993211440120332,1.69964678137994,0.2144467418988199,1.0,0.0,-34.34956948999944,-34.34975657430105,1.0,1.348812388524946e-05,65,1.0
BDNF-64,1,1.038600853736919,0.0438847225160926,0.0006719447687943,2.325264610676496,0.9993280552312056,0.2684144781062443,0.5019357751596535,1.0,0.0,-22.79236015658023,-22.7924333045899,1.0,1.047141937300803,66,1.0
BDNF-64,1,0.0,0.0,1.0,0.0,0.0,0.0,1.0,0.0,0.0,0.0,0.0,1.0,0.0,67,1.0
BDNF-64,1,0.0002976615485836,0.0001637138517209,0.4486910108529439,17.06366237234258,0.5513089891470562,-1.799261082346959e-05,0.6666666666666666,0.0,0.0,-6.596007874402018,-6.596007874402017,0.9999999999999992,0.0002976615485836,68,1.0
BDNF-64,1,0.0,0.0,1.0,0.0,0.0,0.0,1.0,0.0,0.0,0.0,0.0,1.0,0.0,69,1.0
BDNF-64,1,0.0,0.0,1.0,0.0,0.0,0.0,1.0,0.0,0.0,0.0,0.0,1.0,0.0,70,1.0
BDNF-64,1,0.1810053943249888,0.0962746956375174,0.5089190235744587,0.5823571582997761,0.4910809764255413,-0.0129962424257463,0.6666666666666666,0.0,0.0,-9.909343619223865,-9.904418114337552,0.9950866055211772,0.3559019509048413,71,1.0
BDNF-64,1,0.0,0.0,1.0,0.0,0.0,0.0,1.0,0.0,0.0,0.0,0.0,1.0,0.0,72,1.0
BDNF-64,1,0.0,0.0,1.0,0.0,0.0,0.0,1.0,0.0,0.0,0.0,0.0,1.0,0.0,73,1.0
BDNF-64,1,0.0,0.0,1.0,0.0,0.0,0.0,1.0,0.0,0.0,0.0,0.0,1.0,0.0,74,1.0
BDNF-64,1,0.0,0.0,1.0,0.0,0.0,0.0,1.0,0.0,0.0,0.0,0.0,1.0,0.0,75,1.0
BDNF-64,1,0.0,0.0,1.0,0.0,0.0,0.0,1.0,0.0,0.0,0.0,0.0,1.0,0.0,76,1.0
BDNF-64,1,0.0002160972277116,0.0001728777821693,0.7685612408234078,1.199931353354086,0.2314387591765922,-3.923245814085874e-05,0.6666666666666666,0.0,0.0,-6.807135769876361,-6.807135769876361,1.0,0.0002160972277116,77,1.0
BDNF-64,1,0.0,0.0,1.0,0.0,0.0,0.0,1.0,0.0,0.0,0.0,0.0,1.0,0.0,78,1.0
BDNF-64,1,0.0,0.0,1.0,0.0,0.0,0.0,1.0,0.0,0.0,0.0,0.0,1.0,0.0,79,1.0
BDNF-64,1,0.0,0.0,1.0,0.0,0.0,0.0,1.0,0.0,0.0,0.0,0.0,1.0,0.0,80,1.0
BDNF-64,1,0.0,0.0,1.0,0.0,0.0,0.0,1.0,0.0,0.0,0.0,0.0,1.0,0.0,81,1.0
BDNF-64,1,0.0,0.0,1.0,0.0,0.0,0.0,1.0,0.0,0.0,0.0,0.0,1.0,0.0,82,1.0
BDNF-64,1,7.692395104180279,4.445349797270028,0.8284785388344972,4.274658766288604,0.1715214611655028,0.0,0.6666666666666666,0.0,0.0,-20.68581257064612,-20.68630536586422,1.0,7.760682977581427,83,1.0
BDNF-64,1,1.262107192112928,0.9396348144049826,0.907360449412265,0.8263052039221718,0.0926395505877349,0.0,0.6666666666666666,0.0,0.0,-23.3580261236316,-23.3589171239833,1.0,1.275175370212469,84,1.0
BDNF-64,1,0.6730838271705757,0.0496548278286796,0.000762463345382,0.7789827616637526,0.999237536654618,0.0025736886681926,0.6540569614605454,0.0,0.0,-26.75053079663765,-26.75142330810983,1.0,0.6947269928270681,85,1.0
BDNF-64,1,4.843986713595362,0.7614428891735537,1.0,0.5658662570321404,0.0,0.0,0.6666666666666666,0.0,0.0,-29.49100420981611,-29.49114480997663,1.0,4.861929420767333,86,1.0
BDNF-64,1,1.193368533900023,0.0,1.0,0.472279971105625,0.0,0.0,0.6666666666666666,0.0,0.0,-26.62483808952488,-26.62499484546821,1.0,1.175037555429775,87,1.0
BDNF-64,1,0.7312010868774201,0.061244948159574,0.00078312791822,12.41591461112582,0.99921687208178,1.364696147976751,0.2581414743719123,0.0,0.0,-29.73279527126806,-29.73286355379931,1.0,0.7400618176796774,88,1.0
BDNF-64,1,1.426038312493245,1.052803402694046,0.9089212668532888,1.004229348067227,0.0910787331467113,0.0,0.6666666666666666,0.0,0.0,-24.88720502177674,-24.8871417410138,0.9999367212392376,1.395032338349909,89,1.0
BDNF-64,1,0.0002461490713861,1.312517513123025e-05,0.0007699275101323,2.990722339021336,0.9992300724898676,1.399945751095032,0.253106013152445,1.0,0.0,-23.16462743389082,-23.16484901613069,1.0,1.010072251662324e-06,90,1.0
BDNF-64,1,0.0001407802164638,7.513682410530477e-06,0.0007503622257029,1.116312224864444,0.9992496377742972,1.366377973918546,0.2578986748029771,1.0,0.0,-24.29432073599813,-24.29450421636243,1.0,2.411053827110258e-05,91,1.0
BDNF-64,1,3.593233811588108,1.129522480662455,0.9057006778989618,1.046231720336851,0.0942993221010382,0.0,0.6666666666666666,0.0,0.0,-27.7126542785338,-27.71305827871238,1.0,3.722806657917952,92,1.0
BDNF-64,1,4.797520145724653,2.533886795731155,0.8459785311736158,2.677448351211706,0.1540214688263842,0.0,0.6666666666666666,0.0,0.0,-34.23698352162314,-34.23716926964099,1.0,4.785081274045231,93,1.0
BDNF-64,1,0.5237168518800743,0.0,1.0,0.0387899606596342,0.0,0.0,0.6666666666666666,0.0,0.0,-27.80098994296669,-27.80107573036495,1.0,0.488431875677967,94,1.0
BDNF-64,1,3.676698282096583,0.2747290432282675,0.0006716880106585,11.94170881845257,0.9993283119893416,0.541034588883079,0.4183623409119389,0.0,0.0,-28.96407101853734,-28.96411926540341,1.0,3.660224366432025,95,1.0
BDNF-64,1,6.081195360658289,1.126568711916248,0.966132969582448,1.066677598058247,0.0338670304175521,0.0,0.6666666666666666,0.0,0.0,-31.85224014600526,-31.85268323692686,1.0,6.284744717778429,96,1.0
BDNF-64,1,9.169630011161964,0.7776492765575365,0.9772454155372966,0.7921925701922675,0.0227545844627034,0.0,0.6666666666666666,0.0,0.0,-25.08691865290113,-25.08708998909201,1.0,9.164733013955347,97,1.0
BDNF-64,1,1.287667489499025,0.9195003364606612,0.9261560902812628,0.8950163645079794,0.0738439097187372,0.0,0.6666666666666666,0.0,0.0,-24.46481957632122,-24.46557267085073,1.0,1.332939476031415,98,1.0
BDNF-64,1,3.516654822551033,2.848682681171078,0.8600546755125098,2.962344988516316,0.1399453244874902,0.0,0.6666666666666666,0.0,0.0,-23.883790773577,-23.88445624394539,1.0,3.481457103921399,99,1.0
BDNF-64,1,3.401119141894963,0.1199129577428802,0.0007607393131486,4.972355330835136,0.9992392606868514,0.0744459430831625,0.5887601938234572,1.0,0.0,-27.00008038248352,-27.00056080472056,1.0,3.26531807146022,100,1.0
BDNF-64,1,10.79054200094684,1.095578614745671,1.0,1.421410499876304,0.0,0.0,0.6666666666666666,0.0,0.0,-32.4303431867054,-32.43041917477056,1.0,10.95374548972867,101,1.0
BDNF-64,1,3.275533378149251,1.021350847411621,0.9152231394226948,1.132952954182181,0.0847768605773051,0.0,0.6666666666666666,0.0,0.0,-36.44505125645189,-36.44533031066863,1.0,3.264650645777341,102,1.0
BDNF-64,1,18.49768398464514,0.9505662770879474,1.0,5.5455194041062,0.0,0.0,0.6666666666666666,0.0,0.0,-41.12167567514814,-41.12217615778526,1.0,18.11827820707332,103,1.0
BDNF-64,1,0.0,0.0,1.0,0.0,0.0,0.0,1.0,0.0,0.0,0.0,0.0,1.0,0.0,104,1.0
BDNF-64,1,4.990623452413233,2.577947834246402,0.8576849791318496,2.429274528344869,0.1423150208681504,0.0,0.6666666666666666,0.0,0.0,-35.03382510205225,-35.03406881831715,1.0,4.955838141993511,105,1.0
BDNF-64,1,2.73040516428366,0.6204309979414103,0.94875075636341,0.6323185578497854,0.05124924363659,0.0,0.6666666666666666,0.0,0.0,-40.1299971137701,-40.13034391665431,1.0,2.720036419639793,106,1.0
BDNF-64,1,8.55680381828452,0.5679442797097677,0.000760303186447,37.76907681160365,0.999239696813553,1.648467325033963,0.2205596503702428,0.0,0.0,-41.70777008484312,-41.7083253967014,1.0,8.599017522799526,107,1.0
BDNF-64,1,5.268645962233747,3.309634171487252,0.8273805148397793,3.437666363429735,0.1726194851602207,0.0,0.6666666666666666,0.0,0.0,-38.15927769985727,-38.15938169217955,1.0,5.308067291949937,108,1.0
BDNF-64,2,0.0,0.0,1.0,0.0,0.0,0.0,1.0,0.0,0.0,0.0,0.0,1.0,0.0,1,1.0
BDNF-64,2,1.806185484415464,0.1472628998107151,0.0007059434983827,13.20242186183422,0.9992940565016172,0.4296254907526134,0.4494390751837872,0.0,0.0,-53.02923776322759,-53.02953612947142,1.0,1.821562982632554,2,0.7999999999999999
BDNF-64,2,12.88621335519881,0.4880739800119914,0.8371722800170568,5.395707972652686,0.1628277199829432,0.0,0.6666666666666666,0.0,0.0,-49.74531971666788,-49.74669541157802,1.0,12.70447353162709,3,0.7999999999999999
BDNF-64,2,13.75035480267341,0.0,1.0,3.736190627084055,0.0,0.0,0.6666666666666666,0.0,0.0,-46.00736115287503,-46.0076384580287,1.0,13.51932309444485,4,0.7999999999999999
BDNF-64,2,1.729025180671402,0.0,1.0,0.3199103425963641,0.0,0.0,0.6666666666666666,0.0,0.0,-40.63326193978274,-40.63496366565314,1.0,1.645584691328202,5,0.7999999999999999
BDNF-64,2,3.019324277511599,0.0,1.0,0.2879406559004103,0.0,0.0,0.6666666666666666,0.0,0.0,-24.41893429842109,-24.41932061541163,1.0,3.03036337370694,6,0.7999999999999999
BDNF-64,2,0.0,0.0,1.0,0.0,0.0,0.0,1.0,0.0,0.0,0.0,0.0,1.0,0.0,7,1.0
BDNF-64,2,0.0,0.0,1.0,0.0,0.0,0.0,1.0,0.0,0.0,0.0,0.0,1.0,0.0,8,1.0
BDNF-64,2,0.0,0.0,1.0,0.0,0.0,0.0,1.0,0.0,0.0,0.0,0.0,1.0,0.0,9,1.0
BDNF-64,2,0.0,0.0,1.0,0.0,0.0,0.0,1.0,0.0,0.0,0.0,0.0,1.0,0.0,10,1.0
BDNF-64,2,0.078577386971412,0.0,1.0,0.1247071472574502,0.0,0.0,0.6666666666666666,0.0,0.0,-7.570231715359713,-7.568941633407662,0.9987107498458688,0.2769208051522585,11,0.7999999999999999
BDNF-64,2,0.3754838263821494,0.0,0.9983727959431996,1.741748657507663,0.0016272040568005,-0.003445822754017,0.6666666666666666,0.0,0.0,-15.27004195331629,-15.27003806682444,0.9999961135157038,0.3754838263821494,12,0.7999999999999999
BDNF-64,2,2.577933645706582e-05,6.444834114266456e-06,0.24045084975,0.0740842612210416,0.75954915025,0.0010319339549766,0.6587895416616707,0.0,0.0,-11.67503946388956,-11.674596472992,0.9995571072083964,2.577933645706582e-05,13,0.7999999999999999
BDNF-64,2,0.0006414023642344,2.906010318893519e-05,0.0013910045767958,70.05523958751404,0.998608995423204,0.1826854785032062,0.5353810809571076,1.0,0.0,-12.23154340828224,-12.2340794209123,1.0,0.0006078842219755,14,0.7999999999999999
BDNF-64,2,0.0319567956871752,0.0006423315933122,0.0005907362903738,140.1183582171938,0.999409263709626,0.1739104587825224,0.5391278599984027,1.0,0.0,-11.85706482336181,-11.8572672437657,1.0,0.0229871013882031,15,0.7999999999999999
BDNF-64,2,0.0706901478407137,0.0013045868740994,0.0007222391226409,250.8336168733245,0.9992777608773592,0.1976108970663333,0.5291671409755226,1.0,0.0,-11.41190135213983,-11.41159118247777,0.9996898784355596,0.0918414646069299,16,0.7999999999999999
BDNF-64,2,0.0007615163082551,1.052424966144218e-05,0.0007221319012215,190.1782261734632,0.9992778680987784,0.6078315743489462,0.4012533982730313,1.0,0.0,-11.930432290236,-11.92848422298092,0.9980538289962956,0.0007199747175194,17,0.7999999999999999
BDNF-64,2,1.225589699126524e-06,9.191922743448932e-07,0.9999130219105704,0.0002720961763835,8.69780894297012e-05,-1.924478110026939e-05,0.6666666666666666,0.0,0.0,-42.51984569063582,-42.51982866508353,0.999982974592644,1.225589699126524e-06,18,0.7999999999999999
BDNF-64,2,8.625190316621078,0.0,1.0,2.604283006626893,0.0,0.0,0.6666666666666666,0.0,0.0,-44.19558534421061,-44.19593541747602,1.0,8.77615560706389,19,0.7999999999999999
BDNF-64,2,0.0001292679891825,6.887641180743666e-06,0.0007204149248877,1.599082345769395,0.9992795850751124,1.200044562080933,0.283220281244239,0.0,0.0,-51.46166527313494,-51.46170836190051,1.0,3.039395065764743e-05,20,0.7999999999999999
BDNF-64,2,1.697089706182388,0.5628745253229651,0.9212811088930556,0.5487063076382427,0.0787188911069444,0.0,0.6666666666666666,0.0,0.0,-43.80897030755894,-43.80910592362388,1.0,1.702838126560856,21,0.7999999999999999
BDNF-64,2,0.5312764479010955,0.0296576199578811,0.0006918418558455,0.90377634460907,0.9993081581441544,0.1000095692093907,0.5743278988091219,0.0,0.0,-39.29269994116574,-39.29286031072692,1.0,0.5237412907780925,22,0.7999999999999999
BDNF-64,2,0.6228487878494514,0.0520183858427878,0.0006918418558455,3.922935484286384,0.9993081581441544,1.873318781725658,0.1950381201940659,0.0,0.0,-48.88126070607927,-48.88163148322918,1.0,0.6370277133163527,23,0.7999999999999999
BDNF-64,2,4.325497583852698,0.7258804663515119,0.9393395677251936,0.7090779507831118,0.0606604322748064,0.0,0.6666666666666666,0.0,0.0,-45.35730032332317,-45.35749202273163,1.0,4.34937285662168,24,0.7999999999999999
BDNF-64,2,0.5865084418568647,0.0306772929862436,0.0007603033650489,11.37761997461645,0.999239696634951,3.927285568960002,0.0657128580342,0.0,0.0,-52.05407370250458,-52.05440255904643,1.0,0.5995368756787441,25,0.6571285803420002
BDNF-64,2,3.437967285827668,3.166860384640904,0.807906958426974,3.213260616628689,0.192093041573026,0.0,0.6666666666666666,0.0,0.0,-46.8739460539534,-46.87411892695819,1.0,3.415470894912999,26,0.7999999999999999
BDNF-64,2,1.497948995682195e-05,1.262306802060079e-06,8.8061900055536e-08,1.556129351669667,0.9999999119381,2.940625268379385,0.1101928455567794,0.0,0.0,-30.67874911449452,-30.67917894487426,1.0,1.543347218617522e-06,27,0.7999999999999999
BDNF-64,2,1.315541703473106e-05,6.411900512197729e-07,1.0004e-08,4.641821269444197,0.999999989996,7.469241713049769,0.0106396749426532,0.0,0.0,-35.07254507371429,-35.07258506776992,1.0,2.103555703650645e-06,28,0.3191902482795984
BDNF-64,2,0.360604303804942,0.0201109135380195,0.0007214117209988,11.01544712383771,0.9992785882790012,5.842027722087238,0.0244499807335658,1.0,0.0,-37.3093948807822,-37.30952343197305,1.0,0.3636284223383028,29,0.3667497110034879
BDNF-64,2,2.737038961791209,0.0,1.0,0.130429569305905,0.0,0.0,0.6666666666666666,0.0,0.0,-35.13780344736141,-35.13789333902015,1.0,2.701417974372068,30,0.7999999999999999
BDNF-64,3,0.0,0.0,1.0,0.0,0.0,0.0,1.0,0.0,0.0,0.0,0.0,1.0,0.0,1,1.0
BDNF-64,3,0.0033554188877038,0.0026627747207818,1.0,0.0460923068696273,0.0,-0.002893915829091,0.6666666666666666,0.0,0.0,-15.12059374438889,-15.12161549914029,1.0,0.0063885411263612,2,1.0
BDNF-64,3,0.0,0.0,1.0,0.0,0.0,0.0,1.0,0.0,0.0,0.0,0.0,1.0,0.0,3,1.0
BDNF-64,3,14.30758353775427,0.0,1.0,0.6166352922499447,0.0,0.0,0.6666666666666666,0.0,0.0,-8.759559729918234,-8.761144076153636,1.0,13.86582546222033,4,1.0
BDNF-64,3,0.0,0.0,1.0,0.0,0.0,0.0,1.0,0.0,0.0,0.0,0.0,1.0,0.0,5,1.0
BDNF-64,3,6.8770066579295,0.0,1.0,1.152433309149181,0.0,0.0,0.6666666666666666,0.0,0.0,-11.07057419597248,-11.07024607072917,0.9996719285838724,6.872489121690547,6,1.0
BDNF-64,3,0.0,0.0,1.0,0.0,0.0,0.0,1.0,0.0,0.0,0.0,0.0,1.0,0.0,7,1.0
BDNF-64,3,5.711411242468357e-05,4.532430073683282e-05,1.0,0.0460923068696273,0.0,-0.0013911567851998,0.6666666666666666,0.0,0.0,-10.54876062056806,-10.54917486404512,1.0,0.0007559638334442,8,1.0
BDNF-64,3,0.0,0.0,1.0,0.0,0.0,0.0,1.0,0.0,0.0,0.0,0.0,1.0,0.0,9,1.0
BDNF-64,3,0.0,0.0,1.0,0.0,0.0,0.0,1.0,0.0,0.0,0.0,0.0,1.0,0.0,10,1.0
BDNF-64,3,0.0,0.0,1.0,0.0,0.0,0.0,1.0,0.0,0.0,0.0,0.0,1.0,0.0,11,1.0
BDNF-64,3,0.0,0.0,1.0,0.0,0.0,0.0,1.0,0.0,0.0,0.0,0.0,1.0,0.0,12,1.0
BDNF-64,3,2.026889670659457e-05,1.520167252994593e-05,1.0,0.0004385542025608,0.0,-1.727531266837445e-05,0.6666666666666666,0.0,0.0,-10.51082394019028,-10.5107918537592,0.9999679140836822,2.026889670659457e-05,13,1.0
BDNF-64,3,11.38659826316645,0.0,1.0,0.9313087757544092,0.0,0.0,0.6666666666666666,0.0,0.0,-15.65676588029488,-15.65668433352772,0.99991845655768,11.35940235128486,14,1.0
BDNF-64,3,0.0,0.0,1.0,0.0,0.0,0.0,1.0,0.0,0.0,0.0,0.0,1.0,0.0,15,1.0
BDNF-64,3,0.0,0.0,1.0,0.0,0.0,0.0,1.0,0.0,0.0,0.0,0.0,1.0,0.0,16,1.0
BDNF-64,3,0.0,0.0,1.0,0.0,0.0,0.0,1.0,0.0,0.0,0.0,0.0,1.0,0.0,17,1.0
BDNF-64,3,0.0,0.0,1.0,0.0,0.0,0.0,1.0,0.0,0.0,0.0,0.0,1.0,0.0,18,1.0
BDNF-64,3,8.286259295521731,0.0,1.0,1.170639941643572,0.0,0.0,0.6666666666666666,0.0,0.0,-13.47140708574804,-13.47107144492359,0.9996644154966134,8.372021647275865,19,1.0
BDNF-64,3,0.0,0.0,1.0,0.0,0.0,0.0,1.0,0.0,0.0,0.0,0.0,1.0,0.0,20,1.0
BDNF-64,3,33.04596391201918,0.0,1.0,1.39983970341346,0.0,0.0,0.6666666666666666,0.0,0.0,-11.29504267074626,-11.29527532750189,1.0,32.63431744336675,21,1.0
BDNF-64,3,2.142444656027589e-05,1.705744647286549e-05,1.0,0.0427116330019694,0.0,-0.0021670227821282,0.6666666666666666,0.0,0.0,-10.27112306780972,-10.27210914822854,1.0,0.0004724138529956,22,1.0
BDNF-64,3,0.0,0.0,1.0,0.0,0.0,0.0,1.0,0.0,0.0,0.0,0.0,1.0,0.0,23,1.0
BDNF-64,3,0.0,0.0,1.0,0.0,0.0,0.0,1.0,0.0,0.0,0.0,0.0,1.0,0.0,24,1.0
BDNF-64,3,12.02515296054299,0.0,1.0,0.5402762596957125,0.0,0.0,0.6666666666666666,0.0,0.0,-7.856582859122268,-7.858801961010594,1.0,11.75105797326341,25,1.0
BDNF-64,3,12.24344713911138,0.0,1.0,1.136802914185617,0.0,0.0,0.6666666666666666,0.0,0.0,-14.20580400542385,-14.20610613115618,1.0,12.07917082604454,26,1.0
BDNF-64,3,12.38226023353531,0.0,1.0,0.3602338766581659,0.0,0.0,0.6666666666666666,0.0,0.0,-12.82480571215406,-12.82478867920516,0.9999829671961624,12.3601624569314,27,1.0
BDNF-64,3,12.95991955835772,0.0,1.0,0.6162284989349748,0.0,0.0,0.6666666666666666,0.0,0.0,-13.68242932893445,-13.68262291703553,1.0,13.10297991377169,28,1.0
BDNF-64,3,0.0,0.0,1.0,0.0,0.0,0.0,1.0,0.0,0.0,0.0,0.0,1.0,0.0,29,1.0
BDNF-64,3,13.75689215086419,0.0,1.0,0.973264386443923,0.0,0.0,0.6666666666666666,0.0,0.0,-11.19025711074715,-11.190294774948,1.0,13.87946077036844,30,1.0
BDNF-64,3,0.0,0.0,1.0,0.0,0.0,0.0,1.0,0.0,0.0,0.0,0.0,1.0,0.0,31,1.0
BDNF-64,3,11.12585549454816,0.4049117920306459,1e-08,11.11997895402204,0.99999999,0.0,0.6666666666666666,0.0,0.0,-33.65052597763719,-33.65060954499777,1.0,11.12527149883259,32,1.0
BDNF-64,3,48.87297677493118,0.2955467496165946,0.7301937070469446,48.60138279689297,0.2698062929530554,0.0,0.6666666666666666,0.0,0.0,-33.87544395145155,-33.85999548812926,0.9846702520767376,48.3228174733709,33,1.0
BDNF-64,4,0.0,0.0,1.0,0.0,0.0,0.0,1.0,0.0,0.0,0.0,0.0,1.0,0.0,1,1.0
BDNF-64,4,1.257699288604183,0.0,1.0,0.2355944543493887,0.0,0.0,0.6666666666666666,0.0,0.0,-23.59830668173439,-23.59848624663018,1.0,1.259215626269529,2,0.8156862745098039
BDNF-64,4,4.902913136910477,0.0,1.0,0.3004375248088307,0.0,0.0,0.6666666666666666,0.0,0.0,-30.54238773511211,-30.54249385801903,1.0,4.909323751506207,3,0.8156862745098039
BDNF-64,4,0.0,0.0,1.0,0.0,0.0,0.0,1.0,0.0,0.0,0.0,0.0,1.0,0.0,4,1.0
BDNF-64,4,2.842198592580893e-07,2.13164894443567e-07,0.9983727959431996,1.790639266684745e-05,0.0016272040568005,-9.86143194019462e-05,0.6666666666666666,0.0,0.0,-9.140009663504824,-9.140005368220317,0.9999957047247178,2.842198592580893e-07,5,0.8156862745098039
BDNF-64,4,2.772838017231552,0.0,1.0,0.0446884070167824,0.0,0.0,0.6666666666666666,0.0,0.0,-14.2413729234859,-14.24149812108926,1.0,2.774366978686577,6,0.8156862745098039
BDNF-64,4,0.0001731055123236,9.042748228049396e-06,0.0007222391226409,2.525541551791464,0.9992777608773592,1.394064938579717,0.2539383603400769,1.0,0.0,-26.82022468867737,-26.82027212467052,1.0,2.219590517615636e-05,7,0.8156862745098039
BDNF-64,4,0.0,0.0,1.0,0.0,0.0,0.0,1.0,0.0,0.0,0.0,0.0,1.0,0.0,8,1.0
BDNF-64,4,4.319190903670191,3.271871060418985,0.8934061733899704,3.037635355795026,0.1065938266100296,0.0,0.6666666666666666,0.0,0.0,-23.081488665348,-23.08247376829894,1.0,4.357886109980274,9,0.8156862745098039
BDNF-64,4,2.940283945013763,0.0,1.0,0.1967604782958731,0.0,0.0,0.6666666666666666,0.0,0.0,-8.230386737816902,-8.231519871450185,1.0,2.88210467019044,10,0.8156862745098039
BDNF-64,4,6.522279574000511,0.0,1.0,0.3684521017057327,0.0,0.0,0.6666666666666666,0.0,0.0,-20.69438879414653,-20.69467162680827,1.0,6.580773665443163,11,0.8156862745098039
BDNF-64,4,5.245617533320842,2.463472481652031,0.8076432284169028,123.4323493144057,0.1923567715830972,3.902363792260346,0.0665710058456005,1.0,0.0,-49.07716467019772,-47.51557071127472,0.2098013896990695,5.534372646848444,12,0.8156862745098039
BDNF-64,4,6.781837869152842e-05,0.0,1.0,0.0001856518077046,0.0,-0.0002635840019635,0.6666666666666666,0.0,0.0,-12.72637296294506,-12.72632652813694,0.99995356626995,6.781837869152842e-05,13,0.8156862745098039
BDNF-64,4,2.593708686016585,0.0,1.0,0.1657267287523753,0.0,0.0,0.6666666666666666,0.0,0.0,-16.13589678875252,-16.13587358004879,0.9999767915655884,2.58628083130396,14,0.8156862745098039
BDNF-64,4,4.319396354103915e-06,3.288406001131583e-06,1.0,8.220654492799366e-05,0.0,-0.0001169144288795,0.6666666666666666,0.0,0.0,-11.67368445603811,-11.67362244280645,0.9999379886911096,0.0001444105116633,15,0.8156862745098039
BDNF-64,4,4.751215302545901,0.0,1.0,0.3480861289254178,0.0,0.0,0.6666666666666666,0.0,0.0,-14.68643572900252,-14.68638272160889,0.9999469940112308,4.663496372799936,16,0.8156862745098039
BDNF-64,4,1.646386073246342,0.0,1.0,0.1417206292885375,0.0,0.0,0.6666666666666666,0.0,0.0,-8.270588553706371,-8.270618652905897,1.0,1.632576787297886,17,0.8156862745098039
BDNF-64,4,1.312608543161014,0.0,0.9921777440394804,0.047323959315333,0.0078222559605196,0.0,0.6666666666666666,0.0,0.0,-13.79226116911756,-13.79271636574491,1.0,1.322409151678955,18,0.8156862745098039
BDNF-64,4,0.0,0.0,1.0,0.0,0.0,0.0,1.0,0.0,0.0,0.0,0.0,1.0,0.0,19,1.0
BDNF-64,4,0.0007122173803553,0.0005440252951857,1.0,0.0060502913988274,0.0,-0.0013895605307894,0.6666666666666666,0.0,0.0,-10.07887007938442,-10.07923024122959,1.0,0.0011115352312286,20,0.8156862745098039
BDNF-64,4,16.32119369863336,0.0,0.7922149137146179,50.3710829974843,0.2077850862853821,0.164093582154365,0.5434084970095073,1.0,0.0,-31.68957160227309,-31.48238416321238,0.8128672726194867,16.48947171326871,21,0.8156862745098039
BDNF-64,4,4.497116953862733,0.0,1.0,0.5467257410602058,0.0,0.0,0.6666666666666666,0.0,0.0,-42.94569288053619,-42.94805184321785,1.0,4.282114927698066,22,0.8156862745098039
BDNF-64,4,11.01728750388207,0.0,1.0,0.5114509432951067,0.0,0.0,0.6666666666666666,0.0,0.0,-33.92927438784434,-33.92933722556487,1.0,11.00278558399211,23,0.8156862745098039
BDNF-64,4,1.839748646610488,0.0551292341792058,0.0006731308415582,3.489411085440716,0.9993268691584418,0.2024315352501631,0.5272001947399041,0.0,0.0,-15.9463217937117,-15.94638302823768,1.0,1.806155075449707,24,0.8156862745098039
BDNF-64,4,0.0,0.0,1.0,0.0,0.0,0.0,1.0,0.0,0.0,0.0,0.0,1.0,0.0,25,1.0
BDNF-64,4,3.570227168043142,0.0,1.0,0.8022978849706417,0.0,0.0,0.6666666666666666,0.0,0.0,-26.14531876169312,-26.1457266893723,1.0,3.665393318896098,26,0.8156862745098039
BDNF-64,4,6.400415578223115,0.0,1.0,2.426434167461343,0.0,0.0,0.6666666666666666,0.0,0.0,-34.85088579436004,-34.85098350086975,1.0,6.415668987843458,27,0.8156862745098039
BDNF-64,4,11.23944163908617,0.0,1.0,1.20626538950938,0.0,0.0,0.6666666666666666,0.0,0.0,-38.88808350660672,-38.88562975793746,0.9975492593110988,11.29838320687576,28,0.8156862745098039
BDNF-64,4,19.77002023560334,0.0,0.994631336501558,0.1850339396497082,0.005368663498442,0.0,0.6666666666666666,0.0,0.0,-50.77465819117323,-50.77452715050929,0.9998689679215012,19.93901857716924,29,0.8156862745098039
BDNF-64,4,10.56468048909489,0.0,1.0,0.6659521215993102,0.0,0.0,0.6666666666666666,0.0,0.0,-27.53974220005593,-27.53981817215325,1.0,10.58453046256096,30,0.8156862745098039
BDNF-64,4,6.186738884034233,0.0,0.6952786726446654,46.00277798755082,0.3047213273553346,0.4510890647782446,0.4431753588079442,2.0,0.0,-41.71475136769406,-41.4993753085699,0.8062381899232482,6.104423490920614,31,0.8156862745098039
BDNF-64,4,5.378764818229108,0.0,1.0,0.3240476729919053,0.0,0.0,0.6666666666666666,0.0,0.0,-32.13648157359295,-32.13643632720572,0.9999547546363692,5.397630224604266,32,0.8156862745098039
BDNF-64,4,29.24089925606357,15.96648544883112,0.8227284799879033,20.40845971358422,0.1772715200120967,0.0,0.6666666666666666,0.0,0.0,-14.97212548613101,-14.97213750889791,1.0,29.72359431693337,33,0.8156862745098039
BDNF-64,4,0.0001307767734097,3.44824773631432e-05,0.0009393074273599,102.7083105701156,0.99906069257264,1.571790404625563,0.2300783987308386,1.0,0.0,-7.365904607557994,-7.340518083343706,0.9749330039763332,0.5010134325093499,34,0.8156862745098039
BDNF-64,4,0.0,0.0,1.0,0.0,0.0,0.0,1.0,0.0,0.0,0.0,0.0,1.0,0.0,35,1.0
BDNF-64,4,0.0,0.0,1.0,0.0,0.0,0.0,1.0,0.0,0.0,0.0,0.0,1.0,0.0,36,1.0
BDNF-64,4,0.0,0.0,1.0,0.0,0.0,0.0,1.0,0.0,0.0,0.0,0.0,1.0,0.0,37,1.0
BDNF-64,4,24.43403356224068,0.0,0.828928078907532,64.3252797516173,0.171071921092468,0.2643684296388074,0.5034062674070006,1.0,0.0,-64.46261317617126,-64.0313447683349,0.6496845069390869,24.84028010855944,38,0.8156862745098039
BDNF-64,4,24.29352518441686,0.0,1.0,1.83124022362381,0.0,0.0,0.6666666666666666,0.0,0.0,-58.32112074490448,-58.3213278566235,1.0,24.21841807805541,39,0.8156862745098039
BDNF-64,4,36.7592855711069,0.0,1.0,2.192254533726643,0.0,0.0,0.6666666666666666,0.0,0.0,-19.75574106951611,-19.75579531282832,1.0,36.07719627481467,40,0.8156862745098039
BDNF-64,4,7.714466095093322,0.002918027857477,0.7202508413013343,11.57169914264,0.2797491586986657,-1.003522473652652e-05,0.6666666666666666,0.0,0.0,-12.84217345523308,-12.84217345523308,1.0,7.714466095093322,41,0.8156862745098039
BDNF-64,4,672.0184665333575,0.0010260147279706,0.75,0.8849913307792123,0.25,0.0,0.6666666666666666,0.0,0.0,-10.01363206001891,-10.01363206001891,0.9999999999999964,672.0184665333591,42,0.8156862745098039
BDNF-64,4,0.0,0.0,1.0,0.0,0.0,0.0,1.0,0.0,0.0,0.0,0.0,1.0,0.0,43,1.0
BDNF-64,4,0.0,0.0,1.0,0.0,0.0,0.0,1.0,0.0,0.0,0.0,0.0,1.0,0.0,44,1.0
BDNF-64,4,0.0,0.0,1.0,0.0,0.0,0.0,1.0,0.0,0.0,0.0,0.0,1.0,0.0,45,1.0
BDNF-64,4,0.0,0.0,1.0,0.0,0.0,0.0,1.0,0.0,0.0,0.0,0.0,1.0,0.0,46,1.0
BDNF-64,4,0.0,0.0,1.0,0.0,0.0,0.0,1.0,0.0,0.0,0.0,0.0,1.0,0.0,47,1.0
BDNF-64,4,5.461888807404019,0.0,1.0,0.4714206449467188,0.0,0.0,0.6666666666666666,0.0,0.0,-19.12953618128264,-19.12989126242278,1.0,5.487980553195403,48,0.8156862745098039
BDNF-64,4,6.623827772793958,0.0,1.0,0.1598449932507393,0.0,0.0,0.6666666666666666,0.0,0.0,-21.76300306008453,-21.76314825182805,1.0,6.573424510677857,49,0.8156862745098039
BDNF-64,4,2.883461576561803,0.0,1.0,0.2053333005408236,0.0,0.0,0.6666666666666666,0.0,0.0,-7.825966257922224,-7.825997480611143,1.0,2.866956961890952,50,0.8156862745098039
BDNF-64,4,7.100049798283181,0.0,1.0,0.333109382187857,0.0,0.0,0.6666666666666666,0.0,0.0,-22.66558599095985,-22.66567866180462,1.0,7.125333570830198,51,0.8156862745098039
BDNF-64,4,16.90277827293237,0.0,1.0,0.3861968695821876,0.0,0.0,0.6666666666666666,0.0,0.0,-21.63427955716444,-21.6344952648059,1.0,16.68208218237113,52,0.8156862745098039
BDNF-64,4,6.039866410524409,0.0,1.0,0.8605369136153175,0.0,0.0,0.6666666666666666,0.0,0.0,-13.755962260893,-13.75601041650668,1.0,6.035123632956164,53,0.8156862745098039
BDNF-64,4,27.43040777262823,0.0,1.0,0.5150658344376795,0.0,0.0,0.6666666666666666,0.0,0.0,-21.34884487003058,-21.34837502250274,0.999530262833205,27.76208557953451,54,0.8156862745098039
BDNF-64,4,6.134831435635983,0.0,1.0,0.3042303687680327,0.0,0.0,0.6666666666666666,0.0,0.0,-19.55033209761027,-19.55072598920793,1.0,6.263054596795166,55,0.8156862745098039
BDNF-64,4,29.55505747880645,0.0,1.0,0.569173693365919,0.0,0.0,0.6666666666666666,0.0,0.0,-30.30281855839174,-30.30293603756672,1.0,29.7230939138295,56,0.8156862745098039
BDNF-64,4,12.32208369113483,0.0,1.0,0.5043532292646273,0.0,0.0,0.6666666666666666,0.0,0.0,-18.71359585852702,-18.71381826671625,1.0,12.2611938998507,57,0.8156862745098039
BDNF-64,4,1.716432162832283e-05,9.121078189998344e-07,0.0007218252110729,3.565175312809934,0.999278174788927,1.346369263030194,0.2608040631860074,1.0,0.0,-8.113081667747274,-8.112668854120422,0.999587271568948,0.0004714067627491,58,0.8156862745098039
BDNF-64,4,6.732773445533593,0.0,1.0,0.5029064254851311,0.0,0.0,0.6666666666666666,0.0,0.0,-25.28730702097399,-25.28745858397903,1.0,6.811326283987951,59,0.8156862745098039
BDNF-64,4,7.389254974875167,0.0,1.0,0.8211987849317294,0.0,0.0,0.6666666666666666,0.0,0.0,-29.17280377586512,-29.17247313205929,0.9996694108507866,7.395320180056243,60,0.8156862745098039
BDNF-64,4,22.9480156234562,0.0,1.0,1.212743986483744,0.0,0.0,0.6666666666666666,0.0,0.0,-37.57935730512557,-37.57909398345662,0.999736712997141,23.21758549562605,61,0.8156862745098039
BDNF-64,4,13.23935671797397,0.0,1.0,0.1204634129106843,0.0,0.0,0.6666666666666666,0.0,0.0,-12.56429970858465,-12.56441082953075,1.0,13.17348516271728,62,0.8156862745098039
BDNF-64,4,0.000128240988202,6.86410813814044e-06,0.0007222391226409,3.138475725302761,0.9992777608773592,1.517478034071758,0.2370945190925742,1.0,0.0,-7.869946137401191,-7.869979437333145,1.0,2.825199730435704e-05,63,0.8156862745098039
BDNF-64,4,6.287772488804037e-06,0.0,1.0,2.609946981678087e-05,0.0,-2.105207201452686e-05,0.6666666666666666,0.0,0.0,-12.6715384395858,-12.67153318540678,0.9999947458347856,6.287772488804034e-06,64,0.8156862745098039
BDNF-64,4,8.800247374387258,2.779240582299419,0.4328262598691396,2.794940443722014,0.5671737401308603,0.0,0.6666666666666666,0.0,0.0,-28.32090793860553,-28.32151438951126,1.0,8.951333278931921,65,0.8156862745098039
BDNF-64,4,5.616745652407782,0.0,1.0,1.090472897539155,0.0,0.0,0.6666666666666666,0.0,0.0,-37.52781758023876,-37.51958675839084,0.991802958621924,5.625741570989392,66,0.8156862745098039
BDNF-64,4,9.672334454069013,0.0,1.0,0.1276465946863542,0.0,0.0,0.6666666666666666,0.0,0.0,-35.15974502936839,-35.16010742336343,1.0,9.811017466491736,67,0.8156862745098039
BDNF-64,4,1.638638126677508,0.0,1.0,0.0931112706200124,0.0,0.0,0.6666666666666666,0.0,0.0,-11.0325613766713,-11.03276766559054,1.0,1.608378017425045,68,0.8156862745098039
BDNF-64,4,15.17657359701118,5.65664410216143,0.8416077779251903,6.466113580914298,0.1583922220748097,0.0,0.6666666666666666,0.0,0.0,-66.5674556501954,-66.5679618609497,1.0,15.27823652978582,69,0.8156862745098039
BDNF-64,4,11.91078355637007,0.0,1.0,0.5017649745434749,0.0,0.0,0.6666666666666666,0.0,0.0,-18.99922850570073,-18.99953680330929,1.0,11.82171793941716,70,0.8156862745098039
BDNF-64,4,20.39664975439157,0.0,1.0,1.01470804426343,0.0,0.0,0.6666666666666666,0.0,0.0,-22.31432981901489,-22.31393130107901,0.9996015614618264,20.20992935577158,71,0.8156862745098039
BDNF-64,4,13.18886198727427,2.618173602195682,0.8585422329074469,2.682572518461372,0.1414577670925531,0.0,0.6666666666666666,0.0,0.0,-35.04414657864672,-35.04429446439689,1.0,13.27094198810978,72,0.8156862745098039
BDNF-64,4,14.09078686607713,5.596131940138127,0.8751207599280117,4.987391089924872,0.1248792400719883,0.0,0.6666666666666666,0.0,0.0,-51.07620853841084,-51.07707466717889,1.0,14.01385459556217,73,0.8156862745098039
BDNF-64,4,8.481349054685635,0.0,1.0,0.3736148123864966,0.0,0.0,0.6666666666666666,0.0,0.0,-12.37429181533605,-12.3742021561096,0.9999103447928224,8.479438912861518,74,0.8156862745098039
BDNF-64,4,9.03260404067796,0.0,1.0,0.51658506883686,0.0,0.0,0.6666666666666666,0.0,0.0,-12.52005680856559,-12.52023907241987,1.0,9.237175634703464,75,0.8156862745098039
BDNF-64,4,3.679432774718101,0.0,1.0,0.5026629203518467,0.0,0.0,0.6666666666666666,0.0,0.0,-13.9110827823459,-13.91108898129559,1.0,3.696174684379886,76,0.8156862745098039
BDNF-64,4,0.0,0.0,1.0,0.0,0.0,0.0,1.0,0.0,0.0,0.0,0.0,1.0,0.0,77,1.0
BDNF-64,4,5.914722408917903,0.0,1.0,1.692836834100047,0.0,0.0,0.6666666666666666,0.0,0.0,-31.79990612786244,-31.79745087054707,0.9975477543634268,5.88266369778319,78,0.8156862745098039
BDNF-64,4,86.03981049729266,0.0,1.0,2.059359386044119,0.0,0.0,0.6666666666666666,0.0,0.0,-26.91531456905246,-26.8967365557724,0.9815934942755592,85.2655907156736,79,0.8156862745098039
BDNF-64,4,19.12064158317075,0.0,0.7963905964378633,42.75642912641471,0.2036094035621367,0.1317584805015883,0.558274149175194,1.0,0.0,-50.03469341002096,-49.79622442825127,0.787833125056436,18.97905885130788,80,0.8156862745098039
BDNF-64,4,4.299893095824569,0.0,1.0,0.1656391626948916,0.0,0.0,0.6666666666666666,0.0,0.0,-16.36068066706978,-16.36081618323535,1.0,4.279105782355395,81,0.8156862745098039
BDNF-64,4,14.8597756355245,0.0,1.0,0.5713841811455204,0.0,0.0,0.6666666666666666,0.0,0.0,-30.05775277712959,-30.05800887140811,1.0,14.76174858326081,82,0.8156862745098039
BDNF-64,4,3.93585631261106,0.0,1.0,0.1582525968072166,0.0,0.0,0.6666666666666666,0.0,0.0,-13.50829517463058,-13.50931583058212,1.0,3.784322329093129,83,0.8156862745098039
BDNF-64,4,0.0,0.0,1.0,0.0,0.0,0.0,1.0,0.0,0.0,0.0,0.0,1.0,0.0,84,1.0
BDNF-64,4,4.268935652409515,0.0,1.0,0.216619034465637,0.0,0.0,0.6666666666666666,0.0,0.0,-15.67658931150049,-15.67673546108919,1.0,4.21012082337456,85,0.8156862745098039
BDNF-64,4,5.979910029186768,0.0,1.0,0.348125755149191,0.0,0.0,0.6666666666666666,0.0,0.0,-15.73389494407141,-15.7340402748136,1.0,5.961347338750495,86,0.8156862745098039
BDNF-64,4,10.97239937198112,0.0,1.0,1.468030650143034,0.0,0.0,0.6666666666666666,0.0,0.0,-15.83276259095048,-15.83308916654361,1.0,10.84049907510889,87,0.8156862745098039
BDNF-64,4,3.888282364752791,0.0,1.0,0.4867419599357713,0.0,0.0,0.6666666666666666,0.0,0.0,-11.81680572755448,-11.81685160479704,1.0,3.864031682478385,88,0.8156862745098039
BDNF-64,4,0.0,0.0,1.0,0.0,0.0,0.0,1.0,0.0,0.0,0.0,0.0,1.0,0.0,89,1.0
BDNF-64,4,2.759564745419069,0.0,1.0,0.193805389184627,0.0,0.0,0.6666666666666666,0.0,0.0,-12.40816619613727,-12.40898541453608,1.0,2.680566664228752,90,0.8156862745098039
BDNF-64,4,2.806255058662775,0.0,1.0,0.1067156172689072,0.0,0.0,0.6666666666666666,0.0,0.0,-12.91334204002428,-12.91374899646499,1.0,2.767037439968973,91,0.8156862745098039
BDNF-64,4,3.113292667707297,0.0,1.0,0.1965775996204519,0.0,0.0,0.6666666666666666,0.0,0.0,-6.9147275673932,-6.914679732742451,0.9999521664933072,3.032657973084957,92,0.8156862745098039
BDNF-64,4,12.17896237309483,0.0,1.0,0.5125007344839221,0.0,0.0,0.6666666666666666,0.0,0.0,-30.5829361319647,-30.58301570687804,1.0,12.20190145810823,93,0.8156862745098039
BDNF-64,4,11.54446010810476,0.0,1.0,0.4747521121036283,0.0,0.0,0.6666666666666666,0.0,0.0,-28.02564039936626,-28.02574253929516,1.0,11.61707613858709,94,0.8156862745098039
BDNF-64,4,14.38715811150772,0.0,1.0,0.7456757518839002,0.0,0.0,0.6666666666666666,0.0,0.0,-39.50277113478939,-39.50313876123741,1.0,14.21208345490188,95,0.8156862745098039
BDNF-64,4,2.817015448383443,0.0,1.0,0.0894694801875091,0.0,0.0,0.6666666666666666,0.0,0.0,-13.67219590236654,-13.67218783679026,0.9999919344562412,2.773765294920002,96,0.8156862745098039
BDNF-64,4,17.16254135721264,0.0,0.999934569997619,1.318260527035868,6.543000238101726e-05,0.0,0.6666666666666666,0.0,0.0,-21.07642914654907,-21.07593370532788,0.9995046814895162,17.32248007827166,97,0.8156862745098039
BDNF-64,4,1.214910042932562,0.0,1.0,0.0658223227230944,0.0,0.0,0.6666666666666666,0.0,0.0,-9.191446121079366,-9.191442837075716,0.9999967160017418,1.240747062605704,98,0.8156862745098039
BDNF-64,4,28.53345819594682,0.0,1.0,2.509564866019363,0.0,0.0,0.6666666666666666,0.0,0.0,-46.20114127111191,-46.17986888722371,0.9789522774216772,28.40571763438836,99,0.8156862745098039
BDNF-64,4,0.0,0.0,1.0,0.0,0.0,0.0,1.0,0.0,0.0,0.0,0.0,1.0,0.0,100,1.0
BDNF-64,4,3.95024618119248,0.0,1.0,0.3518747105129046,0.0,0.0,0.6666666666666666,0.0,0.0,-10.63590537261193,-10.63590420115863,0.9999988285473892,3.914151848756563,101,0.8156862745098039
BDNF-64,4,0.0,0.0,1.0,0.0,0.0,0.0,1.0,0.0,0.0,0.0,0.0,1.0,0.0,102,1.0
BDNF-64,4,0.0,0.0,1.0,0.0,0.0,0.0,1.0,0.0,0.0,0.0,0.0,1.0,0.0,103,1.0
BDNF-64,4,2.101509378091175,0.0,1.0,0.1558411819372819,0.0,0.0,0.6666666666666666,0.0,0.0,-13.21327303410567,-13.21351403380014,1.0,2.122076864190281,104,0.8156862745098039
BDNF-64,5,0.0,0.0,1.0,0.0,0.0,0.0,1.0,0.0,0.0,0.0,0.0,1.0,0.0,1,1.0
BDNF-64,5,4.549185196654104,0.0,1.0,0.4135479237540807,0.0,0.0,0.6666666666666666,0.0,0.0,-22.15175169644382,-22.15270988362053,1.0,4.598075032081007,2,0.926315789473684
BDNF-64,5,3.161588321596692,0.0,1.0,0.2073538433241335,0.0,0.0,0.6666666666666666,0.0,0.0,-9.030182088365253,-9.032803208556372,1.0,3.148099235077542,3,0.926315789473684
BDNF-64,5,12.69960592633749,0.0,1.0,0.798343909507127,0.0,0.0,0.6666666666666666,0.0,0.0,-25.82133399918143,-25.82114558139079,0.9998115999588648,12.7442174850153,4,0.926315789473684
BDNF-64,5,13.64344683810045,0.0,1.0,1.003342774266887,0.0,0.0,0.6666666666666666,0.0,0.0,-27.46304757971864,-27.46115111895013,0.9981053363768634,13.56750512938044,5,0.926315789473684
BDNF-64,5,12.12620413826907,0.0,1.0,1.522365141357539,0.0,0.0,0.6666666666666666,0.0,0.0,-11.41834880657489,-11.41664221746589,0.9982948662860734,11.92628993845655,6,0.926315789473684
BDNF-64,5,0.0,0.0,1.0,0.0,0.0,0.0,1.0,0.0,0.0,0.0,0.0,1.0,0.0,7,1.0
BDNF-64,5,12.87133974096362,0.0,1.0,0.90690314546998,0.0,0.0,0.6666666666666666,0.0,0.0,-25.42522956226328,-25.42376675538092,0.9985382624980608,12.96221246165772,8,0.926315789473684
BDNF-64,5,0.0068358224408379,0.0033271973315651,0.8725036332742193,131.10014289495,0.1274963667257807,0.8846108443125438,0.3396854695840993,1.0,0.0,-9.78828270847311,-9.349917560217168,0.6450901862711793,0.002124480309208,9,0.926315789473684
BDNF-64,5,10.02943130278804,0.0,1.0,1.193103927388322,0.0,0.0,0.6666666666666666,0.0,0.0,-18.05110371686671,-18.05175833732331,1.0,10.11981938843038,10,0.926315789473684
BDNF-64,5,5.683529398864819,0.0,1.0,0.9221843351360228,0.0,0.0,0.6666666666666666,0.0,0.0,-14.2067783014579,-14.20701104206317,1.0,5.786974022163253,11,0.926315789473684
BDNF-64,5,3.920337080514847,0.0,1.0,0.1542187682299213,0.0,0.0,0.6666666666666666,0.0,0.0,-14.29864082880109,-14.29923736051497,1.0,3.862858498470613,12,0.926315789473684
BDNF-64,5,0.0,0.0,1.0,0.0,0.0,0.0,1.0,0.0,0.0,0.0,0.0,1.0,0.0,13,1.0
BDNF-64,5,11.848781926676,0.0,1.0,0.5521171664756964,0.0,0.0,0.6666666666666666,0.0,0.0,-12.06555585417683,-12.0635985449081,0.9980446050118008,12.01317680007105,14,0.926315789473684
BDNF-64,5,23.39866748724641,0.0,1.0,1.283447786511026,0.0,0.0,0.6666666666666666,0.0,0.0,-32.16291944980747,-32.16249605924492,0.9995766990545686,23.6188871918895,15,0.926315789473684
BDNF-64,5,0.0,0.0,1.0,0.0,0.0,0.0,1.0,0.0,0.0,0.0,0.0,1.0,0.0,16,1.0
BDNF-64,5,28.63736923751309,0.0,1.0,1.47795200076634,0.0,0.0,0.6666666666666666,0.0,0.0,-42.3306210994019,-42.32765289834299,0.9970361996945124,28.53053609733288,17,0.926315789473684
BDNF-64,5,5.526495791820329,0.0,1.0,0.8876969267417656,0.0,0.0,0.6666666666666666,0.0,0.0,-13.56548297063716,-13.56566232250336,1.0,5.578154371555446,18,0.926315789473684
BDNF-64,5,4.967763737152112,0.0,1.0,0.3125478997924701,0.0,0.0,0.6666666666666666,0.0,0.0,-12.49663743729079,-12.49663936911754,1.0,4.988149947526037,19,0.926315789473684
BDNF-64,5,28.78889993874451,0.0,1.0,0.8343712878463965,0.0,0.0,0.6666666666666666,0.0,0.0,-39.89853109176738,-39.89571086689116,0.997183748221925,28.88470401029004,20,0.926315789473684
BDNF-64,5,2.35634911403855,0.0,1.0,0.1963120992663728,0.0,0.0,0.6666666666666666,0.0,0.0,-9.432723445260145,-9.43260357946425,0.999880141387718,2.438986007871819,21,0.926315789473684
BDNF-64,5,0.0,0.0,1.0,0.0,0.0,0.0,1.0,0.0,0.0,0.0,0.0,1.0,0.0,22,1.0
BDNF-64,5,1.446186689651122,0.0,1.0,0.2348422800012349,0.0,0.0,0.6666666666666666,0.0,0.0,-11.042461704876,-11.04293635055362,1.0,1.523183435924101,23,0.926315789473684
BDNF-64,5,5.65895490400893,0.0,1.0,0.2756334698141442,0.0,0.0,0.6666666666666666,0.0,0.0,-8.276596964265002,-8.278175444934725,1.0,5.468730191128667,24,0.926315789473684
BDNF-64,5,11.77956249836226,0.0,1.0,0.8381453567947276,0.0,0.0,0.6666666666666666,0.0,0.0,-23.06018379556271,-23.05841322341398,0.9982309943893498,11.88978016845511,25,0.926315789473684
BDNF-64,5,20.66025630949063,0.0,1.0,0.7695897377991717,0.0,0.0,0.6666666666666666,0.0,0.0,-25.80120231038312,-25.8009960139076,0.999793724802122,20.44978093102881,26,0.926315789473684
BDNF-64,5,0.0,0.0,1.0,0.0,0.0,0.0,1.0,0.0,0.0,0.0,0.0,1.0,0.0,27,1.0
BDNF-64,5,11.52747526972962,0.0,0.6191305653230109,132.7061521236189,0.3808694346769891,0.6560718678730026,0.3895086630230706,1.0,0.0,-23.50685580117154,-23.10496813752241,0.669055900750168,11.92055126619426,28,0.926315789473684
BDNF-64,5,11.44824411752628,0.0,1.0,1.148250494350838,0.0,0.0,0.6666666666666666,0.0,0.0,-24.41032945597748,-24.41042873504126,1.0,11.52686237185922,29,0.926315789473684
BDNF-64,5,120.871991841083,0.0,1.0,2.060425889448583,0.0,0.0,0.6666666666666666,0.0,0.0,-26.3350922544525,-26.31568830667302,0.9807830970577592,120.2946925347821,30,0.926315789473684
BDNF-64,5,16.87783276857617,0.0,1.0,1.054932328365874,0.0,0.0,0.6666666666666666,0.0,0.0,-16.36885331829504,-16.36921284499036,1.0,17.11981741279326,31,0.926315789473684
BDNF-64,5,0.0,0.0,1.0,0.0,0.0,0.0,1.0,0.0,0.0,0.0,0.0,1.0,0.0,32,1.0
BDNF-64,5,28.87803823407894,0.0,1.0,1.073531611888963,0.0,0.0,0.6666666666666666,0.0,0.0,-33.53454454649975,-33.53120411631402,0.9966651428438504,29.15843737443432,33,0.926315789473684
BDNF-64,5,27.99136887455979,0.0,1.0,0.523720414609927,0.0,0.0,0.6666666666666666,0.0,0.0,-33.62638052902322,-33.62514181048803,0.9987620483598678,28.09671513513246,34,0.926315789473684
BDNF-64,5,10.62721909252388,0.0,1.0,0.642450404022603,0.0,0.0,0.6666666666666666,0.0,0.0,-21.16605299243213,-21.16601688215745,0.9999638903772884,10.56025924713937,35,0.926315789473684
BDNF-64,5,17.15743536787775,0.0,1.0,0.7849036731453842,0.0,0.0,0.6666666666666666,0.0,0.0,-30.87274143273041,-30.87267093284672,0.9999295026013638,17.15010941011924,36,0.926315789473684
BDNF-64,5,8.737332756378649,0.0,1.0,1.185716862341099,0.0,0.0,0.6666666666666666,0.0,0.0,-21.11933102723429,-21.11975816652276,1.0,8.908798596137656,37,0.926315789473684
BDNF-64,5,5.307581761600683,0.0,1.0,0.1296986353185359,0.0,0.0,0.6666666666666666,0.0,0.0,-11.12053694506199,-11.1204138322782,0.9998768947942628,5.26900897195849,38,0.926315789473684
BDNF-64,5,0.0,0.0,1.0,0.0,0.0,0.0,1.0,0.0,0.0,0.0,0.0,1.0,0.0,39,1.0
BDNF-64,5,10.6541295624782,0.0,1.0,1.0607438800353,0.0,0.0,0.6666666666666666,0.0,0.0,-25.86971433997092,-25.86977947365251,1.0,10.62742310185208,40,0.926315789473684
BDNF-64,5,5.851031843449155,0.0,1.0,0.4186145030301359,0.0,0.0,0.6666666666666666,0.0,0.0,-19.44459326970613,-19.44448266834186,0.99988940475183,5.819007420111935,41,0.926315789473684
BDNF-64,5,0.0,0.0,1.0,0.0,0.0,0.0,1.0,0.0,0.0,0.0,0.0,1.0,0.0,42,1.0
BDNF-64,5,0.0,0.0,1.0,0.0,0.0,0.0,1.0,0.0,0.0,0.0,0.0,1.0,0.0,43,1.0
BDNF-64,5,0.0,0.0,1.0,0.0,0.0,0.0,1.0,0.0,0.0,0.0,0.0,1.0,0.0,44,1.0
BDNF-64,5,22.51040078327676,0.0,1.0,1.268347066224973,0.0,0.0,0.6666666666666666,0.0,0.0,-34.05595736575413,-34.05300436262157,0.9970513526923932,22.44378621425724,45,0.926315789473684
BDNF-64,5,19.08788284230425,0.0,1.0,1.357782235267451,0.0,0.0,0.6666666666666666,0.0,0.0,-34.12488487518247,-34.12501827708034,1.0,19.26741621657114,46,0.926315789473684
BDNF-64,5,13.85984791271504,0.0,1.0,1.193809278578321,0.0,0.0,0.6666666666666666,0.0,0.0,-26.38096274405154,-26.37884060643725,0.9978801125276384,13.86471810313996,47,0.926315789473684
BDNF-64,5,26.7811984849287,0.0,1.0,1.882921969785113,0.0,0.0,0.6666666666666666,0.0,0.0,-31.69712194312113,-31.6945963374041,0.9974775809416394,26.82762336467339,48,0.926315789473684
BDNF-64,5,0.0,0.0,1.0,0.0,0.0,0.0,1.0,0.0,0.0,0.0,0.0,1.0,0.0,49,1.0
BDNF-64,5,36.93306241621792,0.0,1.0,1.034987775300646,0.0,0.0,0.6666666666666666,0.0,0.0,-42.12560841919207,-42.12223819915391,0.9966354527785511,36.73391598845014,50,0.926315789473684
BDNF-64,5,0.0,0.0,1.0,0.0,0.0,0.0,1.0,0.0,0.0,0.0,0.0,1.0,0.0,51,1.0
BDNF-64,5,12.0461056727933,0.0,1.0,1.676273811799469,0.0,0.0,0.6666666666666666,0.0,0.0,-32.22082084912306,-32.21954305317321,0.9987230200837128,12.20321423823184,52,0.926315789473684
BDNF-64,5,17.25183931372816,0.0,1.0,0.4412273854864177,0.0,0.0,0.6666666666666666,0.0,0.0,-18.39080304941152,-18.39082653865278,1.0,17.21791900949303,53,0.926315789473684
BDNF-64,5,21.56862479165006,0.0,1.0,0.7829652829785706,0.0,0.0,0.6666666666666666,0.0,0.0,-19.86129283845311,-19.85986832215765,0.998576497846188,21.48935435261868,54,0.926315789473684
BDNF-64,5,0.0,0.0,1.0,0.0,0.0,0.0,1.0,0.0,0.0,0.0,0.0,1.0,0.0,55,1.0
BDNF-64,5,20.2341317992937,0.0,1.0,0.941076078309153,0.0,0.0,0.6666666666666666,0.0,0.0,-33.06564494277102,-33.06362179683385,0.9979788992429984,20.25495877398354,56,0.926315789473684
BDNF-64,5,13.13160262905492,0.0,1.0,0.9328380584524204,0.0,0.0,0.6666666666666666,0.0,0.0,-22.68555220408108,-22.68363261522519,0.9980822523763722,13.16181312140385,57,0.926315789473684
BDNF-64,5,52.08529838371192,0.0,1.0,1.691589904428418,0.0,0.0,0.6666666666666666,0.0,0.0,-57.70414863090303,-57.70428889549854,1.0,51.5207208956048,58,0.926315789473684
BDNF-64,5,0.0,0.0,1.0,0.0,0.0,0.0,1.0,0.0,0.0,0.0,0.0,1.0,0.0,59,1.0
BDNF-64,5,0.0,0.0,1.0,0.0,0.0,0.0,1.0,0.0,0.0,0.0,0.0,1.0,0.0,60,1.0
BDNF-64,5,13.27496384848659,0.0,1.0,0.3347639715058667,0.0,0.0,0.6666666666666666,0.0,0.0,-16.93050758323202,-16.92897489642698,0.9984684871594494,13.31243459635662,61,0.926315789473684
BDNF-64,5,0.0,0.0,1.0,0.0,0.0,0.0,1.0,0.0,0.0,0.0,0.0,1.0,0.0,62,1.0
BDNF-64,5,4.704067036104793,0.0,1.0,0.1154742709947112,0.0,0.0,0.6666666666666666,0.0,0.0,-9.687023517245407,-9.686997582269264,0.9999740653601636,4.756741313388135,63,0.926315789473684
BDNF-64,5,29.98367356036276,0.0,1.0,1.545775470231527,0.0,0.0,0.6666666666666666,0.0,0.0,-25.11747080288249,-25.11468150816319,0.9972145917487332,29.718613544703,64,0.926315789473684
BDNF-64,5,17.33545937682309,0.0,1.0,0.7680266590566419,0.0,0.0,0.6666666666666666,0.0,0.0,-14.3673443654887,-14.36788634355639,1.0,16.76116543792323,65,0.926315789473684
BDNF-64,5,0.0,0.0,1.0,0.0,0.0,0.0,1.0,0.0,0.0,0.0,0.0,1.0,0.0,66,1.0
BDNF-64,5,10.84689838729233,0.0,1.0,0.7901660537767813,0.0,0.0,0.6666666666666666,0.0,0.0,-13.70384015509977,-13.70407182053965,1.0,11.05998289532186,67,0.926315789473684
BDNF-64,5,4.724720336208148,0.0,1.0,0.4007360316001986,0.0,0.0,0.6666666666666666,0.0,0.0,-8.711329886477179,-8.7112862845883,0.9999563990616682,4.756741313388135,68,0.926315789473684
BDNF-64,5,0.0,0.0,1.0,0.0,0.0,0.0,1.0,0.0,0.0,0.0,0.0,1.0,0.0,69,1.0
BDNF-64,5,4.749778104707442,0.0,1.0,0.2466954519600867,0.0,0.0,0.6666666666666666,0.0,0.0,-7.586553367996288,-7.5867261589959,1.0,4.586894977199138,70,0.926315789473684
BDNF-64,5,14.22489403691866,0.0,1.0,0.8631828082033866,0.0,0.0,0.6666666666666666,0.0,0.0,-13.88002816804495,-13.87995483134522,0.9999266659893346,14.2203549096409,71,0.926315789473684
BDNF-64,5,5.735912807096905,0.0,1.0,0.6602017273494879,0.0,0.0,0.6666666666666666,0.0,0.0,-11.94367658942047,-11.94363134823534,0.9999547598382412,5.683100343095104,72,0.926315789473684
BDNF-64,5,2.843262409080038,0.0,1.0,0.4490468684065688,0.0,0.0,0.6666666666666666,0.0,0.0,-9.737256560992702,-9.739468709845854,1.0,2.742644820443796,73,0.926315789473684
BDNF-64,5,0.0,0.0,1.0,0.0,0.0,0.0,1.0,0.0,0.0,0.0,0.0,1.0,0.0,74,1.0
BDNF-64,5,7.351977596147287,0.0,1.0,0.4494962065130407,0.0,0.0,0.6666666666666666,0.0,0.0,-20.49398774540932,-20.49426910462464,1.0,7.282475527289366,75,0.926315789473684
BDNF-64,5,4.878740358614902,0.0,1.0,0.2331363267198701,0.0,0.0,0.6666666666666666,0.0,0.0,-7.742148194056662,-7.742365110762676,1.0,4.779380400694068,76,0.926315789473684
BDNF-64,5,33.35672649084125,0.0,1.0,2.783004522560165,0.0,0.0,0.6666666666666666,0.0,0.0,-34.09531660686768,-34.09200401398633,0.99669288770096,33.29197859488946,77,0.926315789473684
BDNF-64,5,10.92676045980908,0.0,1.0,0.6002707566113697,0.0,0.0,0.6666666666666666,0.0,0.0,-14.22316610616524,-14.2232097136324,1.0,10.99094302918739,78,0.926315789473684
BDNF-64,5,21.52994961169431,0.0,1.0,1.544971053119192,0.0,0.0,0.6666666666666666,0.0,0.0,-24.76775008981769,-24.76787487005011,1.0,21.75462064745117,79,0.926315789473684
BDNF-64,5,9.26267285036342,0.0,1.0,0.7489119237101658,0.0,0.0,0.6666666666666666,0.0,0.0,-18.85153248804941,-18.85143194814361,0.9998994651481564,9.252059194894496,80,0.926315789473684
BDNF-64,5,0.0,0.0,1.0,0.0,0.0,0.0,1.0,0.0,0.0,0.0,0.0,1.0,0.0,81,1.0
BDNF-64,5,10.95668333110541,0.0,1.0,0.6013310846445251,0.0,0.0,0.6666666666666666,0.0,0.0,-17.37821459616405,-17.37825270399522,1.0,11.02108904822502,82,0.926315789473684
BDNF-64,5,5.924152662736963,0.0,1.0,0.7479194978136932,0.0,0.0,0.6666666666666666,0.0,0.0,-14.25222813628976,-14.25222937892061,1.0,6.052295296453086,83,0.926315789473684
BDNF-64,5,6.533267121777756,0.0,1.0,0.4177492744016323,0.0,0.0,0.6666666666666666,0.0,0.0,-8.73818896514555,-8.738312972580106,1.0,6.395324936999614,84,0.926315789473684
BDNF-64,5,0.0,0.0,1.0,0.0,0.0,0.0,1.0,0.0,0.0,0.0,0.0,1.0,0.0,85,1.0
BDNF-64,5,9.961856953762684,0.0,1.0,0.3606634057125713,0.0,0.0,0.6666666666666666,0.0,0.0,-14.86577800509647,-14.86558359969525,0.9998056134942764,9.954186441653416,86,0.926315789473684
BDNF-64,5,3.79410128099965,0.0,1.0,1.605965189304963,0.0,0.0,0.6666666666666666,0.0,0.0,-18.07918213760729,-18.07786859330957,0.998687318023909,3.815520625395823,87,0.926315789473684
BDNF-64,5,38.11155484071335,0.0,1.0,1.25905131383129,0.0,0.0,0.6666666666666666,0.0,0.0,-24.06216882987998,-24.05794335578024,0.9957834406549484,38.53558455999374,88,0.926315789473684
BDNF-64,5,0.0,0.0,1.0,0.0,0.0,0.0,1.0,0.0,0.0,0.0,0.0,1.0,0.0,89,1.0
BDNF-64,5,12.74005010159677,0.0,1.0,0.7512231727573224,0.0,0.0,0.6666666666666666,0.0,0.0,-12.42944136327613,-12.4275344969293,0.998094950567648,12.89585162563454,90,0.926315789473684
BDNF-64,5,16.40349794788758,0.0,1.0,1.37021456831737,0.0,0.0,0.6666666666666666,0.0,0.0,-25.89668658229134,-25.89724920974806,1.0,16.27936214529846,91,0.926315789473684
BDNF-64,5,9.713606598299425,0.0,1.0,0.7348360644074037,0.0,0.0,0.6666666666666666,0.0,0.0,-12.95084484796857,-12.94997392235991,0.9991294535369264,9.466352796493895,92,0.926315789473684
BDNF-64,5,9.63157161438578,0.0,1.0,0.0354995750273774,0.0,0.0,0.6666666666666666,0.0,0.0,-10.65683032609659,-10.65676043384015,0.9999301101859586,9.662504823184545,93,0.926315789473684
BDNF-64,5,0.0,0.0,1.0,0.0,0.0,0.0,1.0,0.0,0.0,0.0,0.0,1.0,0.0,94,1.0
BDNF-64,5,0.0,0.0,1.0,0.0,0.0,0.0,1.0,0.0,0.0,0.0,0.0,1.0,0.0,95,1.0
BDNF-64,5,2.815936419125865,0.0,1.0,0.1946316494451424,0.0,0.0,0.6666666666666666,0.0,0.0,-9.375614934511376,-9.374932037647222,0.9993173362568052,2.838211232569304,96,0.926315789473684
BDNF-64,5,15.6798895181173,0.0,1.0,0.4953654240033037,0.0,0.0,0.6666666666666666,0.0,0.0,-15.22117035515933,-15.22101838354418,0.9998480399319484,15.64589192133398,97,0.926315789473684
BDNF-64,5,15.58477955834234,0.0,1.0,0.7598743677055626,0.0,0.0,0.6666666666666666,0.0,0.0,-23.82337705171127,-23.82275454548399,0.9993776874894936,15.3125635219461,98,0.926315789473684
BDNF-64,5,186.1303217962311,0.0,1.0,3.875757138434263,0.0,0.0,0.6666666666666666,0.0,0.0,-33.15980689193005,-33.15924485280286,0.999438118787186,186.1754551068043,99,0.926315789473684
BDNF-64,5,4.88514953228694,0.0,1.0,0.5753303400777875,0.0,0.0,0.6666666666666666,0.0,0.0,-14.49260471403742,-14.49274694541645,1.0,4.828842269601814,100,0.926315789473684
BDNF-64,5,1.872318711596963,0.0,1.0,0.0644935887663172,0.0,0.0,0.6666666666666666,0.0,0.0,-9.787389694758271,-9.787074012644595,0.999684367708663,1.873927697806878,101,0.926315789473684
BDNF-64,5,19.57589880222841,0.0,1.0,1.470676721730237,0.0,0.0,0.6666666666666666,0.0,0.0,-29.63554938512808,-29.63554053353882,0.9999911484499212,19.63662250517541,102,0.926315789473684
BDNF-64,5,19.50093260535487,0.0,1.0,1.053494890922547,0.0,0.0,0.6666666666666666,0.0,0.0,-33.30336899748438,-33.30093834954918,0.9975723036974228,19.31252317615796,103,0.926315789473684
BDNF-64,5,5.198703139001664,0.0,1.0,0.3434495102764804,0.0,0.0,0.6666666666666666,0.0,0.0,-12.87956702605757,-12.87967301269223,1.0,5.229745354423604,104,0.926315789473684
BDNF-64,5,0.0,0.0,1.0,0.0,0.0,0.0,1.0,0.0,0.0,0.0,0.0,1.0,0.0,105,1.0
BDNF-64,5,0.0,0.0,1.0,0.0,0.0,0.0,1.0,0.0,0.0,0.0,0.0,1.0,0.0,106,1.0
BDNF-64,5,4.857138547363343,0.0,1.0,0.5044635162101894,0.0,0.0,0.6666666666666666,0.0,0.0,-12.19982858816358,-12.1987781574585,0.9989501208040726,4.804673205618344,107,0.926315789473684
BDNF-64,5,0.0,0.0,1.0,0.0,0.0,0.0,1.0,0.0,0.0,0.0,0.0,1.0,0.0,108,1.0
BDNF-64,5,0.0,0.0,1.0,0.0,0.0,0.0,1.0,0.0,0.0,0.0,0.0,1.0,0.0,109,1.0
BDNF-64,5,34.53164042525439,0.0,1.0,1.607551072581816,0.0,0.0,0.6666666666666666,0.0,0.0,-45.52356392471393,-45.51994178110017,0.9963844084350154,34.39415889676731,110,0.926315789473684
BDNF-64,5,11.52252454502346,0.0,1.0,0.851772883468018,0.0,0.0,0.6666666666666666,0.0,0.0,-23.95336125234001,-23.95333968983903,0.9999784377314884,11.41854010781796,111,0.926315789473684
BDNF-64,5,8.365075529704312,0.0,1.0,0.7235894667532481,0.0,0.0,0.6666666666666666,0.0,0.0,-19.3613682484922,-19.36120478069259,0.9998365455605148,8.42007556665929,112,0.926315789473684
BDNF-64,5,0.0,0.0,1.0,0.0,0.0,0.0,1.0,0.0,0.0,0.0,0.0,1.0,0.0,113,1.0
BDNF-64,5,23.5206232400567,0.0,1.0,1.535245333259024,0.0,0.0,0.6666666666666666,0.0,0.0,-41.87215939816941,-41.87013504275698,0.997977692212949,23.58841279504177,114,0.926315789473684
BDNF-64,5,0.0,0.0,1.0,0.0,0.0,0.0,1.0,0.0,0.0,0.0,0.0,1.0,0.0,115,1.0
BDNF-64,5,19.36443373857046,0.0,1.0,1.89462845784044,0.0,0.0,0.6666666666666666,0.0,0.0,-18.50644787527166,-18.50382774670384,0.9973833009729705,19.44185394095991,116,0.926315789473684
BDNF-64,5,10.32064664357559,0.0,1.0,0.6768376010832428,0.0,0.0,0.6666666666666666,0.0,0.0,-17.2084399082254,-17.2083195312631,0.9998796302827164,10.22585320404819,117,0.926315789473684
BDNF-64,5,0.0,0.0,1.0,0.0,0.0,0.0,1.0,0.0,0.0,0.0,0.0,1.0,0.0,118,1.0
BDNF-64,5,0.0,0.0,1.0,0.0,0.0,0.0,1.0,0.0,0.0,0.0,0.0,1.0,0.0,119,1.0
BDNF-64,5,1.596102053229199,0.0,1.0,0.1338073288548886,0.0,0.0,0.6666666666666666,0.0,0.0,-8.950008631283506,-8.950035024212877,1.0,1.602253145069373,120,0.926315789473684
BDNF-64,5,10.24523116484568,0.0,1.0,0.6037598964016643,0.0,0.0,0.6666666666666666,0.0,0.0,-19.55550796850019,-19.55552808542438,1.0,10.13164648066731,121,0.926315789473684
BDNF-64,5,0.0,0.0,1.0,0.0,0.0,0.0,1.0,0.0,0.0,0.0,0.0,1.0,0.0,122,1.0
BDNF-64,5,7.71708035538448,0.0,1.0,0.7304925206726488,0.0,0.0,0.6666666666666666,0.0,0.0,-18.44273693876513,-18.44195894806246,0.9992223118535898,7.692576482132473,123,0.926315789473684
BDNF-64,5,0.0,0.0,1.0,0.0,0.0,0.0,1.0,0.0,0.0,0.0,0.0,1.0,0.0,124,1.0
BDNF-64,5,3.895060339927498,0.0,1.0,0.1532015096639583,0.0,0.0,0.6666666666666666,0.0,0.0,-18.13590770421177,-18.13627159744248,1.0,3.838012111263967,125,0.926315789473684
BDNF-64,5,12.46972400878433,0.0,1.0,2.109591308643215,0.0,0.0,0.6666666666666666,0.0,0.0,-28.37841167369266,-28.37863992441691,1.0,12.38768605404924,126,0.926315789473684
BDNF-64,5,2.754818831749961,0.0,1.0,0.3097610769759856,0.0,0.0,0.6666666666666666,0.0,0.0,-9.091258128346087,-9.09066572628493,0.9994077733742688,2.710236192733603,127,0.926315789473684
BDNF-64,5,0.0,0.0,1.0,0.0,0.0,0.0,1.0,0.0,0.0,0.0,0.0,1.0,0.0,128,1.0
BDNF-64,5,20.90266788113134,0.0,1.0,0.6955457466945668,0.0,0.0,0.6666666666666666,0.0,0.0,-21.36688829627537,-21.36689442533869,1.0,20.84011490915112,129,0.926315789473684
BDNF-64,5,12.21392884465641,0.0,1.0,2.065928714878924,0.0,0.0,0.6666666666666666,0.0,0.0,-18.32419471717104,-18.32223000401126,0.998037215625649,12.17993169422027,130,0.926315789473684
BDNF-64,5,3.80418366079212,0.0,1.0,0.2501984024311943,0.0,0.0,0.6666666666666666,0.0,0.0,-13.57636782772686,-13.57622437456317,0.9998565571252092,3.764615472954774,131,0.926315789473684
BDNF-64,5,0.0,0.0,1.0,0.0,0.0,0.0,1.0,0.0,0.0,0.0,0.0,1.0,0.0,132,1.0
