Sample,Partition,alpha,beta,alpha=beta,LRT,p-value,Total branch length,dN/dS LB,dN/dS MLE,dN/dS UB,CodonSite,adjusted_p-value
BDNF-64,1,0.0,0.0,0.0,0.0,1.0,0.0,0.0,0.0,0.0,1,1.0
BDNF-64,1,0.4942497230354833,0.7726603021562083,0.6965367071640077,0.1564658737827571,0.6924313665044689,3.648522969285455,0.4712939862200629,1.563299413524886,3.879275200771641,2,1.0
BDNF-64,1,0.3061606208949525,1.064158890745575,0.8552594764848406,0.2722320035745867,0.6018384402508457,4.479927349929672,1.009450162770264,3.475818959456257,8.829000177381232,3,0.983727892297567
BDNF-64,1,0.9462006771133368,0.9212798752425856,0.93199509220028,0.0008807346385708,0.976324516655829,4.881875522395652,0.2867784100290365,0.9736622447293322,2.606136125008749,4,1.0
BDNF-64,1,0.92493153816364,1.063825257142093,1.02212739453282,0.0159559423152373,0.8994811321367305,5.353996764467422,0.3444564887224681,1.150166486110111,3.039627093554037,5,1.0
BDNF-64,1,1.734594842246946,0.9282396467627254,1.162659841600732,0.4761620582798898,0.4901659089130044,6.090118573675158,0.1563268235904018,0.5351334064618282,1.398921870785195,6,0.8783491088440399
BDNF-64,1,1.064462295618574e-07,1.286578475361642,1.108093636398623,1.938236503423326,0.1638601398612289,5.804295800834903,7258.627385076805,10000.0,10000.0,7,0.3725758487347495
BDNF-64,1,0.4465021641205261,0.9435790588519554,0.7726841430462457,0.4673555630346939,0.494206255344681,4.047390201997022,0.6286891743690063,2.113268724487641,5.375288928503871,8,0.8783491088440399
BDNF-64,1,3.462456677659059,1.459400350758622,1.766519466857396,0.6275555679403624,0.4282533678369226,9.253190512760026,0.1547630319406477,0.4214927395843438,0.9147446476159596,9,0.8052785200708604
BDNF-64,1,4.272558711266318e-07,1.549787825010953,1.056082050614943,4.16049300798187,0.0413773586831721,5.531854358124209,7254.270823901559,10000.0,10000.0,10,0.1220332245221092
BDNF-64,1,0.667787765311566,2.594644694272529,2.192584305409266,1.423765374464935,0.2327846339158195,11.4849571000382,1.713252860890555,3.885433110715887,8.183035899910923,11,0.5012875449933256
BDNF-64,1,2.821834427586197,1.943731437992198,2.127202330975001,0.1072321848877493,0.7433175288023289,11.14248033887523,0.2533118563096695,0.6888183867169237,1.689080785548783,12,1.0
BDNF-64,1,3.242419027769439,4.211456932867613,3.934291767470662,0.0190338083183405,0.8902696053119432,20.60818006265889,0.4825883005914484,1.298862638295337,3.175747591374291,13,1.0
BDNF-64,1,0.244361509584387,1.499866289410079,1.242923585384804,0.6245811671062427,0.4293499726176332,6.510547403606266,1.955291515798445,6.137899098598095,16.35054428969666,14,0.8052785200708604
BDNF-64,1,0.0,0.0,0.0,0.0,1.0,0.0,0.0,0.0,0.0,15,1.0
BDNF-64,1,6.316096718266807e-06,0.5058981288819085,0.3030314920343609,0.8337526503606938,0.3611896508080823,1.58730666701802,1260.848507155569,10000.0,10000.0,16,0.713612562518881
BDNF-64,1,10.21951712502007,0.4877288773900635,0.7415745380094204,2.056047908467789,0.1516029219460523,3.884435245890843,0.0024334017669961,0.0477252370560615,0.8957987515750806,17,0.3525850813259616
BDNF-64,1,0.0,0.0,0.0,0.0,1.0,0.0,0.0,0.0,0.0,18,1.0
BDNF-64,1,0.0,0.0,0.0,0.0,1.0,0.0,0.0,0.0,0.0,19,1.0
BDNF-64,1,0.0,0.0,0.0,0.0,1.0,0.0,0.0,0.0,0.0,20,1.0
BDNF-64,1,0.0,0.0,0.0,0.0,1.0,0.0,0.0,0.0,0.0,21,1.0
BDNF-64,1,0.0,0.0,0.0,0.0,1.0,0.0,0.0,0.0,0.0,22,1.0
BDNF-64,1,0.0,0.0,0.0,0.0,1.0,0.0,0.0,0.0,0.0,23,1.0
BDNF-64,1,0.0,0.0,0.0,0.0,1.0,0.0,0.0,0.0,0.0,24,1.0
BDNF-64,1,0.0,0.0,0.0,0.0,1.0,0.0,0.0,0.0,0.0,25,1.0
BDNF-64,1,0.0,0.0,0.0,0.0,1.0,0.0,0.0,0.0,0.0,26,1.0
BDNF-64,1,0.0,0.0,0.0,0.0,1.0,0.0,0.0,0.0,0.0,27,1.0
BDNF-64,1,0.0,0.0,0.0,0.0,1.0,0.0,0.0,0.0,0.0,28,1.0
BDNF-64,1,0.0,0.0,0.0,0.0,1.0,0.0,0.0,0.0,0.0,29,1.0
BDNF-64,1,0.0,0.0,0.0,0.0,1.0,0.0,0.0,0.0,0.0,30,1.0
BDNF-64,1,0.0,0.0,0.0,0.0,1.0,0.0,0.0,0.0,0.0,31,1.0
BDNF-64,1,0.0,0.0,0.0,0.0,1.0,0.0,0.0,0.0,0.0,32,1.0
BDNF-64,1,0.0,0.0,0.0,0.0,1.0,0.0,0.0,0.0,0.0,33,1.0
BDNF-64,1,0.0,0.0,0.0,0.0,1.0,0.0,0.0,0.0,0.0,34,1.0
BDNF-64,1,0.0,0.0,0.0,0.0,1.0,0.0,0.0,0.0,0.0,35,1.0
BDNF-64,1,0.0,0.0,0.0,0.0,1.0,0.0,0.0,0.0,0.0,36,1.0
BDNF-64,1,0.0,0.0,0.0,0.0,1.0,0.0,0.0,0.0,0.0,37,1.0
BDNF-64,1,0.0,0.0,0.0,0.0,1.0,0.0,0.0,0.0,0.0,38,1.0
BDNF-64,1,0.0,0.0,0.0,0.0,1.0,0.0,0.0,0.0,0.0,39,1.0
BDNF-64,1,0.0,0.0,0.0,0.0,1.0,0.0,0.0,0.0,0.0,40,1.0
BDNF-64,1,0.0,0.0,0.0,0.0,1.0,0.0,0.0,0.0,0.0,41,1.0
BDNF-64,1,0.0,0.0,0.0,0.0,1.0,0.0,0.0,0.0,0.0,42,1.0
BDNF-64,1,0.0,0.0,0.0,0.0,1.0,0.0,0.0,0.0,0.0,43,1.0
BDNF-64,1,0.0,0.0,0.0,0.0,1.0,0.0,0.0,0.0,0.0,44,1.0
BDNF-64,1,0.0,0.0,0.0,0.0,1.0,0.0,0.0,0.0,0.0,45,1.0
BDNF-64,1,0.0,0.0,0.0,0.0,1.0,0.0,0.0,0.0,0.0,46,1.0
BDNF-64,1,0.0,0.0,0.0,0.0,1.0,0.0,0.0,0.0,0.0,47,1.0
BDNF-64,1,0.0,0.0,0.0,0.0,1.0,0.0,0.0,0.0,0.0,48,1.0
BDNF-64,1,0.0,0.0,0.0,0.0,1.0,0.0,0.0,0.0,0.0,49,1.0
BDNF-64,1,1.694995427480126,1.459459853107075,1.51038345093521,0.0186617695189852,0.8913405836953685,7.911526638133364,0.311373337373771,0.861040584207822,1.955190214921311,50,1.0
BDNF-64,1,3.506469971712329,1.207005654823542,1.692654187918957,1.688159054255799,0.1938438242633547,8.866277426819648,0.1180296072854136,0.3442224415325935,0.8192071090335932,51,0.4264564133793803
BDNF-64,1,0.8020750244994371,3.154666574469875,2.084915117520217,2.819593648694976,0.0931199752141892,10.92097604770149,1.647880665418193,3.933131537712017,9.320852956311452,52,0.2310965238547257
BDNF-64,1,11.3268192251734,1.654104470472137,2.366132981194019,3.161889366663772,0.0753759007377892,12.39402093454571,0.0552930891882069,0.1460343312265422,0.3371217333324692,53,0.1929433433979887
BDNF-64,1,1.184655371822682,2.241598347593766,1.757810929981089,0.5846085611074798,0.4445115605708398,9.20757440022025,0.7092129970410774,1.89219447352431,4.457936351346576,54,0.826101393389643
BDNF-64,1,1.237470038314983,2.360462375714566,2.128492818814963,0.2656341685406431,0.6062755600411996,11.14924003219399,0.7839796484881028,1.907490527147405,4.191962185570739,55,0.9870166117470732
BDNF-64,1,3.023406239469293,1.00488546768121,1.357307954422555,1.291371127482179,0.2557954230884731,7.109703188892384,0.0968397277440536,0.3323686557773328,0.8693875378835252,56,0.5422330062344195
BDNF-64,1,7.235133133789455e-06,3.030028605546686,1.585130946509568,5.088600793101953,0.0240836155174701,8.303060855489967,8195.020846751067,10000.0,10000.0,57,0.0810085249223997
BDNF-64,1,2.135350453761343,0.8872985468901936,1.071915752307813,0.5377177254562184,0.4633801171045958,5.614792735557991,0.1248871348309813,0.415528301374254,1.062486814333009,58,0.849530214691759
BDNF-64,1,0.808344932100598,0.8076900811063262,0.8082589700995152,-2.276988070093466e-06,1.0,4.233734399362706,0.2939638911208739,0.9991898866829412,2.600953280090447,59,1.0
BDNF-64,1,1.046403792657602,0.8298723936144814,0.9245359741947192,0.0613843792574115,0.8043211022826093,4.842803980158194,0.1871669864353911,0.7930708961851282,2.346754851483222,60,1.0
BDNF-64,1,2.454251690337691e-06,1.74063488732248,1.412028827808775,2.896105639040655,0.0887938363294522,7.396336127825173,7569.977789331319,10000.0,10000.0,61,0.2217122170925587
BDNF-64,1,1.958192219733591,2.185393127847685,2.129695926723199,0.0105985199769378,0.9180033577938288,11.15554202143961,0.4857761113272679,1.116025845585784,2.36471809252717,62,1.0
BDNF-64,1,1.422087865829094,1.685210808714141,1.617459665463389,0.0243161053457043,0.8760832934804886,8.472401641779383,0.4439343199991769,1.185025798480914,2.737533661954877,63,1.0
BDNF-64,1,4.295200976583635,0.6996195230280565,1.405866394181322,3.53753303492072,0.0599946301546566,7.364056736939936,0.0390646944136117,0.1628840016665594,0.463374748702275,64,0.1575342869222275
BDNF-64,1,4.179164441155504e-06,1.558240757017034,1.282110412768056,3.00403643799936,0.0830573490429628,6.715811589012007,7808.911532157025,10000.0,10000.0,65,0.2099648513073655
BDNF-64,1,1.335128380099179,1.215526005365649,1.249932000209037,0.0079217444470884,0.9290785864133506,6.547258121363845,0.3064346826351904,0.9104188207544162,2.239970182648686,66,1.0
BDNF-64,1,0.0,0.0,0.0,0.0,1.0,0.0,0.0,0.0,0.0,67,1.0
BDNF-64,1,2.571466153878161e-06,5.395796670748819,3.920220760541306,0.6271651586255764,0.4283970629950721,20.53447484159199,1458.722186422291,10000.0,10000.0,68,0.8052785200708604
BDNF-64,1,0.0,0.0,0.0,0.0,1.0,0.0,0.0,0.0,0.0,69,1.0
BDNF-64,1,0.0,0.0,0.0,0.0,1.0,0.0,0.0,0.0,0.0,70,1.0
BDNF-64,1,0.0002703099748178,15.43339053363336,9.22633091979903,2.024715311331637,0.1547579230699466,48.32836509101469,3295.669892433947,10000.0,10000.0,71,0.3578776970992515
BDNF-64,1,0.0,0.0,0.0,0.0,1.0,0.0,0.0,0.0,0.0,72,1.0
BDNF-64,1,0.0,0.0,0.0,0.0,1.0,0.0,0.0,0.0,0.0,73,1.0
BDNF-64,1,0.0,0.0,0.0,0.0,1.0,0.0,0.0,0.0,0.0,74,1.0
BDNF-64,1,0.0,0.0,0.0,0.0,1.0,0.0,0.0,0.0,0.0,75,1.0
BDNF-64,1,0.0,0.0,0.0,0.0,1.0,0.0,0.0,0.0,0.0,76,1.0
BDNF-64,1,0.000158209510459,5.012479696918576,3.460950621099927,0.7240666096690731,0.3948132185308915,18.12877585168327,1085.648866936979,10000.0,10000.0,77,0.7677465957136306
BDNF-64,1,0.0,0.0,0.0,0.0,1.0,0.0,0.0,0.0,0.0,78,1.0
BDNF-64,1,0.0,0.0,0.0,0.0,1.0,0.0,0.0,0.0,0.0,79,1.0
BDNF-64,1,0.0,0.0,0.0,0.0,1.0,0.0,0.0,0.0,0.0,80,1.0
BDNF-64,1,0.0,0.0,0.0,0.0,1.0,0.0,0.0,0.0,0.0,81,1.0
BDNF-64,1,0.0,0.0,0.0,0.0,1.0,0.0,0.0,0.0,0.0,82,1.0
BDNF-64,1,4.966252978822557,0.5801230119467626,1.062425690965068,4.604319300331838,0.0318915116501912,5.565082926393863,0.0291986237745328,0.1168130206859304,0.3123887591533782,83,0.0983321609214229
BDNF-64,1,1.485138181857083,1.224168714303685,1.313710509881629,0.0556840847876429,0.8134522599959546,6.881335787470909,0.2797656986173634,0.8242793359288161,2.032399302867067,84,1.0
BDNF-64,1,1.157744112919167,1.473110454649678,1.386106629666043,0.0808102272994233,0.7762024040254598,7.260553283410257,0.520344113583403,1.272397275193512,2.712056592682957,85,1.0
BDNF-64,1,2.207872077175685,1.579917895429376,1.75852134770576,0.2045519445388067,0.6510714659126959,9.211295633228636,0.294217871973393,0.7155839832217139,1.53531908248696,86,1.0
BDNF-64,1,1.267212191530293,1.173537865685778,1.201282174659708,0.007809404323126,0.9295819415891144,6.292425886188251,0.3222381324572509,0.9260784212221056,2.230454631125049,87,1.0
BDNF-64,1,1.211594484193121,2.268953894553381,1.994678867654959,0.4694582340858915,0.4932365118537301,10.4483103189475,0.8397072418689941,1.872700746128293,3.906444039157521,88,0.8783491088440399
BDNF-64,1,1.691114728414101,1.198148988543093,1.297595633223297,0.083776779978443,0.7722430148372221,6.79692458985504,0.2350306608170871,0.7084965723565645,1.777438599391575,89,1.0
BDNF-64,1,0.8690150422700477,1.556612976524889,1.30574211137951,0.3075077459501117,0.5792135739108664,6.839596587419593,0.6321048733182572,1.791238241928118,4.048309955094696,90,0.9811136035440776
BDNF-64,1,0.0853642577700543,1.51764091868417,1.357191421274733,0.5308796884695042,0.4662372548985321,7.109092777607324,7.222756571808182,17.77841169511764,38.49881259884438,91,0.8500348084568939
BDNF-64,1,1.436120411076927,0.9017207651302076,1.069183107058971,0.2871184809164475,0.5920730203459837,5.600478889848549,0.1873884464778665,0.6278866021088158,1.63656148666239,92,0.9811136035440776
BDNF-64,1,1.458356094616154,2.21263569058165,1.974630152628471,0.2757515445919552,0.5994994226963335,10.34329331621606,0.6586874960778363,1.517212221864116,3.133138723032968,93,0.983727892297567
BDNF-64,1,1.445965957200003,2.06200484675746,1.873591803867366,0.1268389915313719,0.7217322618699904,9.814045205611071,0.5653517733797696,1.426039690969189,3.258372242747741,94,1.0
BDNF-64,1,2.985051759960907,2.468937848089876,2.554157740551567,0.0220180686135336,0.8820390426319836,13.37891181862206,0.3475156561146268,0.8271005150417254,1.729539221893687,95,1.0
BDNF-64,1,3.344321872528282,2.151470940987721,2.411404045829896,0.3012682790362931,0.583088414127104,12.6311549110744,0.2680091000528384,0.6433205364175146,1.415635647623187,96,0.9811136035440776
BDNF-64,1,1.849530447334945,1.567440779369939,1.598561752999883,0.01723139110711,0.8955629938215743,8.373412648111866,0.3287797552505124,0.847480387050952,1.833804974295624,97,1.0
BDNF-64,1,1.79394886530512,1.365394644841677,1.456228957055103,0.0748712858733426,0.7843719135601153,7.627860446848095,0.2798478558547417,0.7611112397060696,1.667709201766088,98,1.0
BDNF-64,1,1.347837365118264,0.8448906616617735,1.010264135215768,0.2926769017932784,0.5885101934258203,5.291855927288741,0.1855055472955854,0.6268491166125518,1.654999147766392,99,0.9811136035440776
BDNF-64,1,2.461593695867283,1.878587667143647,2.052104918228523,0.1307286918866311,0.7176776995366525,10.7491132233717,0.3130484524909855,0.7631591152908654,1.618348480369827,100,1.0
BDNF-64,1,5.258031498722458,2.265378001338007,2.733818533258679,0.9222849305342748,0.3368757385523401,14.31999148051212,0.1882422828850715,0.4308414664097058,0.8781721441735909,101,0.6787545821326852
BDNF-64,1,1.184838410974851,3.583638955834081,3.202488808597575,0.6558631737989629,0.4180242087001647,16.77492924187934,1.501450735533792,3.02458033318279,6.026041341138704,102,0.7950273501914348
BDNF-64,1,6.929186822717938,2.802924967831437,3.617439840799417,1.129731417562965,0.2878326353050917,18.94848069515637,0.1764245483506159,0.4045099431641538,0.8878555714284057,103,0.597569833312541
BDNF-64,1,0.0,0.0,0.0,0.0,1.0,0.0,0.0,0.0,0.0,104,1.0
BDNF-64,1,2.564245905012763,2.485130715916563,2.508078844379044,0.001750422210236,0.9666278041175846,13.13754634662952,0.4568365096388207,0.9691468010374747,1.987576301800621,105,1.0
BDNF-64,1,3.731978401767818,2.289946565254489,2.561703627080342,0.3239433406751431,0.5692474231892266,13.41843786231895,0.2867879043762985,0.6136012373945555,1.227097290227483,106,0.9802624197856048
BDNF-64,1,2.538477279285151,3.561329801475179,3.258357234893341,0.1616100096821356,0.687678525334156,17.0675731678942,0.6543114609263004,1.402939404081674,2.906364471462477,107,1.0
BDNF-64,1,4.040232552926945,3.609351719937791,3.67909840371201,0.0169241512225681,0.8964929620605082,19.27145388626884,0.4419648961944673,0.8933524673778982,1.818021654137281,108,1.0
BDNF-64,1,12.73088012131321,1.367014475548616,2.068804674849357,3.243813234409856,0.0716935936486179,10.83658807571748,0.0405892744400667,0.1073778452488959,0.2372440435006035,109,0.1846790671834652
BDNF-64,1,3.44364099395619,7.879708935799755,6.367390307182962,0.7661590927537532,0.3814078967535474,33.35297271661586,1.05553847996925,2.288191176034072,5.650545808839549,110,0.749917941926057
BDNF-64,1,6.306815880871172,2.68910281645431,3.541907887627181,1.446787181232281,0.2290441769408875,18.5528374171647,0.1945603600022408,0.4263804219511891,0.9296484602279532,111,0.4965719123121649
BDNF-64,1,6.192463934472281,3.455178497702057,4.171494504958716,0.4263667487164327,0.5137771358812122,21.85066969342974,0.2448984777572775,0.5579650578936324,1.341667052442937,112,0.9052263822668978
BDNF-64,1,3.954391342420998,2.212682348176443,2.736661292160371,0.5270910292306752,0.4678324252932291,14.33488211160492,0.2189635578425443,0.5595506758372003,1.281161943404402,113,0.8500348084568939
BDNF-64,1,3.910241043605787,1.789721876460886,2.390365811769458,0.572595352882665,0.4492294315860967,12.5209547171532,0.1399070200409389,0.4577011638163648,1.502102220005534,114,0.8273139305680605
BDNF-64,1,0.0,0.0,0.0,0.0,1.0,0.0,0.0,0.0,0.0,115,1.0
BDNF-64,1,0.0,0.0,0.0,0.0,1.0,0.0,0.0,0.0,0.0,116,1.0
BDNF-64,1,0.0,0.0,0.0,0.0,1.0,0.0,0.0,0.0,0.0,117,1.0
BDNF-64,1,0.0,0.0,0.0,0.0,1.0,0.0,0.0,0.0,0.0,118,1.0
BDNF-64,1,2.524305649924636e-05,0.9898585075803958,0.866687207323262,0.4795451275661016,0.4886284274450511,4.539786849108909,3090.171703129488,10000.0,10000.0,119,0.8783491088440399
BDNF-64,1,6.139864847683695e-06,4.454642939996114,3.010313053334694,1.793479925264702,0.1805027430914322,15.76829506164897,6153.292789106469,10000.0,10000.0,120,0.4058818587746569
BDNF-64,1,1.469309749307185e-06,1.89276065692649,1.048905412560123,2.896753126933142,0.0887581699849492,5.494262471701067,5238.618894971464,10000.0,10000.0,121,0.2217122170925587
BDNF-64,1,4.938677375576693,4.126611859611155,4.25036115558571,0.0053865785469682,0.9414931378698828,22.26378042164216,0.1850736430692745,0.8355702439723122,3.322685136009845,122,1.0
BDNF-64,1,5.259234174089301,3.440246475488239,3.76979790618311,0.024095206240517,0.876642910034891,19.74654617453593,0.0478336652903015,0.6541344921352468,3.019202221667831,123,1.0
BDNF-64,1,4.579153548459245,4.614801438704617,4.610140336911788,3.611964674732349e-05,0.995204772743861,24.14833667465501,0.2163488119445209,1.007784820899349,3.876204957397993,124,1.0
BDNF-64,1,3.414928373348056,4.270265456871367,3.996572972963044,0.0189849844486573,0.8904095416010488,20.93441471254395,0.1176598646815153,1.250469992342687,5.679693266394848,125,1.0
BDNF-64,1,1.195229642437248,2.48889067032437,2.077142141682673,0.9750622481866033,0.3234209055918582,10.88026048943831,1.058407289261186,2.082353534379517,4.057230452958388,126,0.6601133287852756
BDNF-64,1,3.927489426750669,2.562533428734937,2.866663494473487,0.3338015625722051,0.5634291183554747,15.0158455358131,0.3285276230176428,0.6524609363124367,1.245305414558242,127,0.9758112815773542
BDNF-64,1,1.55955249580116,4.825477684793951,3.992792188677166,0.9384412840655898,0.3326790261942997,20.91461061870788,1.587217145987732,3.094142517027006,6.013914656123664,128,0.6736336500551242
BDNF-64,1,4.548267705951233,2.189730360338418,2.579700600275227,1.123148924609822,0.289241418089854,13.51270765370798,0.2448663069321126,0.4814427166354435,0.8916904628807932,129,0.597569833312541
BDNF-64,1,1.777208564156361,2.436271958274189,2.271269281638605,0.1576771010986562,0.6913042201721593,11.89711620114186,0.6815152967524593,1.370841896336846,2.643019197959199,130,1.0
BDNF-64,1,3.095154283353295,2.810719909805046,2.896765022185266,0.0245338302162849,0.8755342605561797,15.17352009070364,0.454901095412648,0.9081033294275423,1.725783883130858,131,1.0
BDNF-64,1,1.863382537257509,2.771341651758608,2.519659266321225,0.2944627632479495,0.5873747778365996,13.1982056557736,0.7610528733744962,1.487263938749483,2.804402911479423,132,0.9811136035440776
BDNF-64,1,0.7726993508977771,5.714232576134235,3.618278200976693,3.974764567766016,0.0461869095600295,18.95287210243164,3.851456146845145,7.395156433734587,14.47417683393175,133,0.1296418771788416
BDNF-64,1,4.959942484210335,2.809256139631038,3.180554820508078,0.5770109483884625,0.4474863245488628,16.66003700643866,0.2889538760588731,0.5663888540187972,1.058822763958645,134,0.8273139305680605
BDNF-64,1,1.1155059941178611e-08,2.219634419498754,1.695632297200925,4.342578791549613,0.0371705832764682,8.8818770355819,8717.884544543042,10000.0,10000.0,135,0.1128987118919596
BDNF-64,1,1.154301114181866,2.629634762937118,1.95580026602346,1.209636850393764,0.2714040547273188,10.2446606482162,1.044931706578305,2.278118534781908,5.024675311254069,136,0.5693889189382411
BDNF-64,1,1.216245578291925,3.357053393870487,2.836437548190723,1.444734429373426,0.2293747408223268,14.85751926506986,1.426936116767101,2.760177265010145,5.299161914429325,137,0.4965719123121649
BDNF-64,1,2.896395043996915,2.437573013829079,2.559326143359369,0.0485939308919256,0.8255282535056871,13.40598438517144,0.4000784298064265,0.8415885874688286,1.678331345661883,138,1.0
BDNF-64,1,0.7323713272103338,2.278571631480641,2.080190191800298,1.198947104498814,0.2735322198205774,10.8962264546937,1.825337654502676,3.11122452070853,5.094720202286537,139,0.5709108382921795
BDNF-64,1,2.101776429066863e-07,0.0806288204253203,0.0690488897910554,0.3155655178280128,0.5742848735882531,0.3616843991353449,1432.643757439795,10000.0,10000.0,140,0.9811136035440776
BDNF-64,1,0.0,0.0,0.0,0.0,1.0,0.0,0.0,0.0,0.0,141,1.0
BDNF-64,1,0.6438198694508307,1.186926972801309e-08,0.0870774140218709,3.943019705669681,0.0470662193447732,0.4561194577358698,0.0,1.843569962843398e-08,0.3028947958497281,142,0.1299052307356012
BDNF-64,1,0.0,0.0,0.0,0.0,1.0,0.0,0.0,0.0,0.0,143,1.0
BDNF-64,1,0.240161491126497,5.115971765095411e-08,0.0681643240274111,2.512482811299812,0.1129478577904394,0.3570509627732613,0.0,2.130221519319575e-07,0.7638270785669242,144,0.2752681324593343
BDNF-64,1,0.0,0.0,0.0,0.0,1.0,0.0,0.0,0.0,0.0,145,1.0
BDNF-64,1,6.267411117011433e-06,0.1023092958919163,0.0712273968136091,0.7141819621462488,0.3980589878913802,0.3730956181404405,832.0345599327336,10000.0,10000.0,146,0.7678199434682074
BDNF-64,1,0.0,0.0,0.0,0.0,1.0,0.0,0.0,0.0,0.0,147,1.0
BDNF-64,1,0.0,0.0,0.0,0.0,1.0,0.0,0.0,0.0,0.0,148,1.0
BDNF-64,1,0.0,0.0,0.0,0.0,1.0,0.0,0.0,0.0,0.0,149,1.0
BDNF-64,1,0.0,0.0,0.0,0.0,1.0,0.0,0.0,0.0,0.0,150,1.0
BDNF-64,1,1.723816223281551e-06,0.0725540862761457,0.0625304979592794,0.3003699760524938,0.5836505719902597,0.3275404666240641,1187.973939827417,10000.0,10000.0,151,0.9811136035440776
BDNF-64,1,0.3112930245544509,3.147265771191955e-07,0.1136395774544982,4.024794929645793,0.0448360703956218,0.5952544988630497,0.0,1.011029969494687e-06,0.5535355222207695,152,0.1274726901235314
BDNF-64,1,0.0,0.0,0.0,0.0,1.0,0.0,0.0,0.0,0.0,153,1.0
BDNF-64,1,0.0,0.0,0.0,0.0,1.0,0.0,0.0,0.0,0.0,154,1.0
BDNF-64,1,0.0,0.0,0.0,0.0,1.0,0.0,0.0,0.0,0.0,155,1.0
BDNF-64,1,0.0,0.0,0.0,0.0,1.0,0.0,0.0,0.0,0.0,156,1.0
BDNF-64,1,0.3511362000652806,1.6186849380942e-07,0.1382771948313777,3.706464547417248,0.0542020846322144,0.7243085917535845,0.0,4.609849220311852e-07,0.6268932495491966,157,0.1441846303615115
BDNF-64,1,0.0,0.0,0.0,0.0,1.0,0.0,0.0,0.0,0.0,158,1.0
BDNF-64,1,0.9519835940253252,2.667387728113147e-07,0.1250687697219939,7.961443920135935,0.0047784278738149,0.6551216531414227,0.0,2.801926151725455e-07,0.1462601577472421,159,0.0211393493982902
BDNF-64,1,8.25837282915696e-06,0.0881657809753595,0.0560740258516988,0.9128972442594828,0.3393468615091655,0.2937208752905785,609.1069376298025,10000.0,10000.0,160,0.6803653824346323
BDNF-64,1,0.0,0.0,0.0,0.0,1.0,0.0,0.0,0.0,0.0,161,1.0
BDNF-64,1,0.0,0.0,0.0,0.0,1.0,0.0,0.0,0.0,0.0,162,1.0
BDNF-64,1,0.5733705785811466,3.190841691267575e-07,0.0748107966898175,4.032760792701612,0.0446248583287361,0.3918657943881698,0.0,5.56506003353639e-07,0.2897389896498085,163,0.1274726901235314
BDNF-64,1,0.4906330854002244,6.968409617718298e-08,0.169985460178107,6.299061959443044,0.0120801879918295,0.8903993853095655,0.0,1.420289382244565e-07,0.3415840767676866,164,0.0448858728428192
BDNF-64,1,0.4271560263144565,7.91339738627244e-07,0.1233793748692299,4.926729216177748,0.0264443244505726,0.6462724484102057,0.0,1.852577723074633e-06,0.3923454775707018,165,0.0854193654871672
BDNF-64,1,0.419131397501003,1.6847447927361663e-08,0.120017836081315,4.969433117719682,0.025799101754863,0.6286644008317975,0.0,4.019610085956717e-08,0.3872920457756427,166,0.0846793097921713
BDNF-64,1,0.0,0.0,0.0,0.0,1.0,0.0,0.0,0.0,0.0,167,1.0
BDNF-64,1,0.617020052319824,4.849734664914317e-05,0.137391440175357,5.990061076668063,0.0143867042318449,0.7196689278645109,0.0,7.859930397206155e-05,0.2752822324653635,168,0.0509164228031382
BDNF-64,1,0.0,0.0,0.0,0.0,1.0,0.0,0.0,0.0,0.0,169,1.0
BDNF-64,1,1.093405849708526,0.4574185096220139,0.6450446343864147,1.76552404094285,0.1839369857249793,3.378802783209274,0.1488570399041165,0.4183428410813332,0.913341420505435,170,0.4113316109344317
BDNF-64,1,1.424335558699206,0.4099333184053972,0.5605340669195359,2.310235585244641,0.1285245693518837,2.936128702462437,0.1026635432590473,0.2878067010977206,0.6309535834413785,171,0.3023670504405587
BDNF-64,1,1.14677846032671e-07,0.9172395055571728,0.6076060817296227,7.251525435559316,0.0070840807728719,3.182696220697637,8076.157362638982,10000.0,10000.0,172,0.028546741332266
BDNF-64,1,0.4504045490679002,0.1456743175579271,0.2750627502238461,0.8913884966244936,0.3451013157601222,1.440803839718137,0.0189323522364554,0.3234299428356043,1.377287080583622,173,0.6885109584037732
BDNF-64,1,0.724538693873042,0.0980684278884766,0.31850672418939,4.173154078259358,0.0410692776988416,1.668367348231127,0.00770204748907,0.1353529200272923,0.6006325765365759,174,0.1220087300980185
BDNF-64,1,0.0,0.0,0.0,0.0,1.0,0.0,0.0,0.0,0.0,175,1.0
BDNF-64,1,1.740599866283556e-07,0.0944804339657876,0.0697786074811332,0.6073624994223117,0.4357826075002609,0.3655067271274801,1442.060163896572,10000.0,10000.0,176,0.8135941341862669
BDNF-64,1,0.6318682705457453,1.007126177381107e-06,0.1851624328572883,7.267651391055502,0.0070207548545564,0.9698977561128324,0.0,1.593886296128228e-06,0.2672870123245742,177,0.028546741332266
BDNF-64,1,5.82523265263899e-07,0.6210635555728489,0.5233017062415043,2.703839655665206,0.10010689402353,2.741102192391471,7849.166002283371,10000.0,10000.0,178,0.2469303385913739
BDNF-64,1,0.0,0.0,0.0,0.0,1.0,0.0,0.0,0.0,0.0,179,1.0
BDNF-64,1,0.6464870739769325,0.0876065847706389,0.2483650307576017,3.571140290645388,0.0587919264908438,1.30095874369049,0.0077023674359881,0.1355117345683618,0.6000341640284022,180,0.1553786628686587
BDNF-64,1,0.4596522965164441,4.892193153605864e-07,0.0806419134399903,3.469388686794975,0.0625144097036343,0.4224097171718126,0.0,1.064324749529636e-06,0.4107231063218035,181,0.1630984919831997
BDNF-64,1,0.8026914723347149,1.679229095169929e-06,0.2379986061472641,9.692164592756583,0.0018505541338404,1.246658463588701,0.0,2.09199817494723e-06,0.202226407649204,182,0.0096560965701677
BDNF-64,1,0.6707245867703278,0.4624904038771382,0.5379298888111907,0.2833867540800696,0.5944899616355949,2.817725950415233,0.246192618750793,0.6895384677996098,1.513343095067711,183,0.9811136035440776
BDNF-64,1,8.494965612988576e-06,0.1790547799062553,0.1315177338010882,1.242515859063094,0.264986736840233,0.6889019167351,2704.587732212974,10000.0,10000.0,184,0.5588062274299214
BDNF-64,1,0.3235275380359073,1.100675995472624e-07,0.1232937491617953,3.845599565026653,0.0498766861724252,0.6458239331243304,0.0,3.40210914395319e-07,0.5926876875778148,185,0.1344358362395832
BDNF-64,1,1.210496159214937e-06,0.0906820251873185,0.0619334638382569,0.7570756452639529,0.3842452442588303,0.3244131473003393,1303.513931392845,10000.0,10000.0,186,0.7518644923718457
BDNF-64,1,0.6176105696909402,0.0756763864933399,0.182563215277166,3.058213530386148,0.0803299430829951,0.9562828167338888,0.0069853250496113,0.1225309122076866,0.5438364098343785,187,0.2043392927173688
BDNF-64,1,0.2132124418026519,8.076046705650597e-07,0.0626253046745404,2.442218246809066,0.1181090988929286,0.3280370728685225,0.0,3.78779335641479e-06,0.8023975518023719,188,0.2827670779377761
BDNF-64,1,0.1546016430011063,0.0903184130059557,0.1139992102508911,0.1439168886774596,0.704417732415769,0.5971382883383957,0.0332210320373716,0.5842008613408425,2.588175799315033,189,1.0
BDNF-64,1,0.0,0.0,0.0,0.0,1.0,0.0,0.0,0.0,0.0,190,1.0
BDNF-64,1,3.985441833849633e-08,0.0863200620494006,0.0747568376124473,0.289630527925727,0.5904573940024631,0.391583151806433,1459.246047741085,10000.0,10000.0,191,0.9811136035440776
BDNF-64,1,1.655382531377607,0.1468694369749372,0.3214169103382911,6.217979711522631,0.0126459333335123,1.683611169410909,0.0147328853525744,0.0887223552206466,0.2766573359259776,192,0.0455477421835357
BDNF-64,1,0.4696875372676603,0.7980973399667955,0.7008806157476632,0.4774939659772599,0.4895596452006974,3.671276759690088,0.7665710793683302,1.699209105290747,3.234799816432649,193,0.8783491088440399
BDNF-64,1,1.55616991375429,0.2545396887874311,0.534062630169645,5.974773028143687,0.0145119490936044,2.797468895996238,0.0404610328340414,0.1635680567640259,0.4299805085451037,194,0.0509169248370431
BDNF-64,1,0.2304407619364889,0.0886181213990845,0.1277775355252297,0.4363639123372209,0.508882681395608,0.6693104161310431,0.021870652637248,0.3845592275185599,1.703676150688241,195,0.900501092730489
BDNF-64,1,0.0,0.0,0.0,0.0,1.0,0.0,0.0,0.0,0.0,196,1.0
BDNF-64,1,0.5351666849714238,0.441035108566263,0.4538873925736941,0.0281891056379208,0.8666650060541348,2.37750366957226,0.2926938687273,0.8241079292703223,1.801312227031985,197,1.0
BDNF-64,1,0.7981555046160086,0.2708658954222694,0.4367238511354538,1.98073006618975,0.1593135170160085,2.287599469940528,0.0839294817096727,0.3393648153220249,0.8905459993159655,198,0.364273041716379
BDNF-64,1,1.29170969114718,0.0910631739172452,0.4883310100246689,10.03414737552721,0.0015366465850014,2.557922487593825,0.0040118958744446,0.0704981734993186,0.312759826836314,199,0.0084515562175077
BDNF-64,1,2.657764779131217,0.2243124866905837,0.9366143408532568,13.71474414424451,0.0002127774763887,4.906071569262795,0.013980738244479,0.0843989236564072,0.2637551336997995,200,0.0018041756852125
BDNF-64,1,1.868273073446117,3.653333610591068e-07,0.5421646248812699,19.30791980892184,1.112439684225475e-05,2.839907885210103,0.0,1.955460185406581e-07,0.0966462338125163,201,0.0001410833200613
BDNF-64,1,0.6092729678938859,0.3782306036580415,0.4502837818383618,0.3679368608907794,0.5441310090372566,2.35862762699619,0.1902054244815871,0.6207900622367938,1.461200226596405,202,0.950477771150916
BDNF-64,1,0.4668814505538262,0.116032865444701,0.2661583393720962,1.697283920290459,0.1926435645623386,1.394161721382636,0.0141917534177773,0.2485274694615945,1.106448359752713,203,0.4261191890047381
BDNF-64,1,1.308247723248508,0.3042778570726457,0.5186930754851914,0.9712042977359304,0.3243800141450986,2.716961763038042,0.0128672058951635,0.2325842817575053,1.187927210468009,204,0.6601133287852756
BDNF-64,1,5.984462967847137e-07,0.4510784847694725,0.2922496123570093,0.8496500234697315,0.3566513633279108,1.530830195282517,1447.127953140483,10000.0,10000.0,205,0.7080834384119985
BDNF-64,1,0.0,0.0,0.0,0.0,1.0,0.0,0.0,0.0,0.0,206,1.0
BDNF-64,1,0.0,0.0,0.0,0.0,1.0,0.0,0.0,0.0,0.0,207,1.0
BDNF-64,1,0.0,0.0,0.0,0.0,1.0,0.0,0.0,0.0,0.0,208,1.0
BDNF-64,1,3.444209389261951,0.3744781553700375,1.149711476553407,16.59989825891108,4.615349722159046e-05,6.022293853450134,0.0336100354141808,0.1087268841835087,0.2571195818852443,209,0.0004696118342296
BDNF-64,1,4.272337386156351,0.2087426891819611,1.222188311108418,24.04404225049302,9.415714480320858e-07,6.401934140739107,0.0080972133810338,0.048859130334217,0.1525602579459287,210,1.8248551397574236e-05
BDNF-64,1,10.95495803606144,0.3817377032010305,1.263854889311995,5.946733386796801,0.0147445845392656,6.620187487710934,0.0019425773421547,0.0348461127778335,0.1709828314738162,211,0.0512909906622317
BDNF-64,1,1.694925749536968,0.682928593908926,0.962343111346658,0.3439839778122398,0.5575385720010029,5.040841221961865,0.022386830862194,0.4029253754009539,2.025226800529434,212,0.9697358923265308
BDNF-64,1,46.27669384635871,1.643857911296191e-06,1.375879798754412,9.182913804287985,0.0024428481123416,7.206984207867912,0.0,3.5522371514998336e-08,0.0316025067253706,213,0.0122644279417295
BDNF-64,1,0.0,0.0,0.0,0.0,1.0,0.0,0.0,0.0,0.0,214,1.0
BDNF-64,1,0.0,0.0,0.0,0.0,1.0,0.0,0.0,0.0,0.0,215,1.0
BDNF-64,1,0.0,0.0,0.0,0.0,1.0,0.0,0.0,0.0,0.0,216,1.0
BDNF-64,1,0.0,0.0,0.0,0.0,1.0,0.0,0.0,0.0,0.0,217,1.0
BDNF-64,1,0.0,0.0,0.0,0.0,1.0,0.0,0.0,0.0,0.0,218,1.0
BDNF-64,1,1.10469859120914,8.913662567405057e-08,0.352840706372119,11.06398657057421,0.0008802068604774,1.848211886691651,0.0,8.068863885893684e-08,0.1821452984437173,219,0.005268296944328
BDNF-64,1,0.6724617528363809,6.758668951516821e-08,0.2284198444898003,8.5046665889857,0.0035423681369169,1.196484034064576,0.0,1.005063696635442e-07,0.2492219379224933,220,0.0167644631595955
BDNF-64,1,0.4640643907385293,1.83404441960231e-08,0.066104612352108,3.864712428261559,0.0493116435677329,0.3462620046607071,0.0,3.952133488810773e-08,0.3204888707054565,221,0.1337989262137821
BDNF-64,1,0.8141207374160997,3.497714563005494e-08,0.2898464017928924,10.22373181018246,0.0013864503969548,1.518241958577935,0.0,4.29630938293837e-08,0.2128065866908992,222,0.007847435655417
BDNF-64,1,2.405635601617019,6.836443584433235e-07,0.4148173120968444,23.46391190372634,1.272789862172274e-06,2.172851015138568,0.0,2.841845032488677e-07,0.0578651710164692,223,2.3546612450187063e-05
BDNF-64,1,1.355205283920735,4.858643941885433e-09,0.2797031700103606,12.40963909797387,0.0004271234055011,1.465110782918819,0.0,3.585171928955977e-09,0.1244670229287544,224,0.0031042718935526
BDNF-64,1,5.710207474644679,1.5698676616166718e-11,0.4684691147755699,30.95882654673561,2.63560718805067e-08,2.453884063940702,0.0,2.7492305114786697e-12,0.0253126577169776,225,9.751746595787478e-07
BDNF-64,1,0.7147820612289367,6.089718619335679e-09,0.1990991104705797,7.562250582883991,0.0059603512879025,1.042899347937981,0.0,8.519685859023273e-09,0.2490157607190044,226,0.0248071323507546
BDNF-64,1,2.476926547497449,2.6297500719672407e-11,0.3880550925335052,21.27852020707677,3.971569547789322e-06,2.032668061703908,0.0,1.061698852000354e-11,0.0597580253936907,227,5.986773355371312e-05
BDNF-64,1,1.951142224375791,4.802070125537623e-09,0.3606092321355048,16.64380722761332,4.509730250445987e-05,1.888904135059439,0.0,2.461158425841509e-09,0.0863381503081421,228,0.0004696118342296
BDNF-64,1,6.539169156102245e-09,0.0858429469231576,0.0746938992123024,0.2819624423880143,0.5954178380230644,0.3912534747108591,1464.07679913297,10000.0,10000.0,229,0.9811136035440776
BDNF-64,1,0.7824618550217971,2.401298866773387e-09,0.3216702047572421,8.704278840873975,0.0031746398348949,1.684937948740741,0.0,3.068902146937877e-09,0.2717608828693565,230,0.0155672097927982
BDNF-64,1,1.518812336817018,0.1065398263145663,0.5678551816335069,9.76005890713293,0.0017834419584626,2.97447737083837,0.0039909170013585,0.0701468007152498,0.312177827729496,231,0.0094267646375885
BDNF-64,1,2.322209695520104,0.1598310443026484,0.5294492631319034,12.18394158017438,0.0004820268176151,2.773303657567561,0.0113821121140899,0.0688271367615882,0.2143503395691629,232,0.0032697485794891
BDNF-64,1,1.301754394209593,1.149106692467211e-09,0.1508186301094006,8.373166967981994,0.0038080144418173,0.7900017766339319,0.0,8.827369414527175e-10,0.1271569364382231,233,0.0176120667934051
BDNF-64,1,1.005538918864619e-06,0.0777917199850037,0.0660759211422847,0.3213187501750738,0.5708162002191359,0.3461117174798877,1308.443320578019,10000.0,10000.0,234,0.9802624197856048
BDNF-64,1,1.497324880815617e-07,0.1877990811378256,0.1594298232746409,0.656468133473286,0.4178096010486673,0.8351079939132106,3808.551384226647,10000.0,10000.0,235,0.7950273501914348
BDNF-64,1,2.361174545385877,0.1759914749656419,0.5176643699825034,10.17820047145882,0.0014211080913243,2.7115733095415,0.0123367126280028,0.0745355633744054,0.232679171109249,236,0.0079231642899863
BDNF-64,1,0.6636768234098293,0.476721240373037,0.5444708066841767,0.2309524824826497,0.6308184747808445,2.851987876390341,0.2552127755712955,0.7183032818951632,1.569516412764277,237,1.0
BDNF-64,1,1.083861378801156,0.2012907042855147,0.4809368663047965,4.453550473095106,0.03482876326601,2.519191286606595,0.0307134184201332,0.1857162809031536,0.5810185070604521,238,0.1065812530020006
BDNF-64,1,0.4221608926639612,3.0580432002535195e-08,0.1202157516525983,4.979662926062307,0.0256469797318283,0.6297011006932399,0.0,7.243786085812815e-08,0.3845096499668715,239,0.0846793097921713
BDNF-64,1,2.246494516586723,1.129687451210898,1.308131791047414,1.301173559569605,0.2539989707526752,6.852113948052436,0.2711406845346263,0.5028667743766949,0.8514271377473462,240,0.5412438800855435
BDNF-64,1,1.45364607024835,1.054123945198443e-07,0.2820490163501894,12.85414203607223,0.0003367330601087,1.477398540570712,0.0,7.251585972494325e-08,0.1158786277160674,241,0.0025858557634764
BDNF-64,1,3.385867945576527,4.1679730516823797e-08,0.5159961228113198,24.87674685129922,6.111517252271881e-07,2.702834878300322,0.0,1.2309910246581331e-08,0.0495531669750609,242,1.3818819564859195e-05
BDNF-64,1,2.062699452427554,0.3242031036316031,0.558554065251114,5.53489407593645,0.0186408937832799,2.92575727265528,0.0485869308883275,0.1571741841740706,0.3710026807423166,243,0.0632236980816244
BDNF-64,1,1.635044883202979,0.9588678905339972,1.112552816640903,0.6860669946130145,0.4075053720515088,5.827653394728819,0.2788364104694246,0.5864474427488611,1.083251673563261,244,0.7823334265328494
BDNF-64,1,1.216498246660773,6.770565144198989e-07,0.1502011145048057,8.123612469164819,0.0043692410311113,0.7867671734262559,0.0,5.565618497834955e-07,0.1367940357621592,245,0.0195415505457398
BDNF-64,1,1.428238781178684,1.097922457138776e-06,0.1986821803489645,11.50184182881401,0.0006952726126845,1.040715429833373,0.0,7.687247199888328e-07,0.1041331198259822,246,0.0043534762055785
BDNF-64,1,0.6902766546202378,4.036967913528532e-07,0.1886917799721467,7.656873437346498,0.0056556430937928,0.9883847990535716,0.0,5.84833325378722e-07,0.2427898191347335,247,0.0239775701997259
BDNF-64,1,0.0,0.0,0.0,0.0,1.0,0.0,0.0,0.0,0.0,248,1.0
BDNF-64,1,0.8832802098515741,0.1987821370630478,0.3718072843657121,2.598631928490477,0.106956005153296,1.947560556685111,0.0373724743129805,0.2250499160356497,0.7054532562679474,249,0.262235506610792
BDNF-64,1,8.231478884949079,7.464469079984816e-08,0.7927676445149674,38.41976518171253,5.705164118907645e-10,4.152589419294062,0.0,9.068199268096638e-09,0.0229333461444843,250,7.740005987984706e-08
BDNF-64,1,2.160559385976315,0.1832598216715326,0.7306045544486659,13.34198980902111,0.00025952882001,3.826973468812275,0.0140612679371617,0.0848205436337594,0.2649844741267572,251,0.0021125645948815
BDNF-64,1,0.5958349260891589,1.725207192860148e-06,0.1799618890798849,7.130992378313998,0.0075762784483232,0.9426568322254384,0.0,2.895444891395965e-06,0.2783289210388785,252,0.0299373332860926
BDNF-64,1,2.151089786562704,1.273465649503773e-07,0.4701495986482026,20.25883328113495,6.76404353816551e-06,2.462686592143097,0.0,5.9200952812791945e-08,0.0774227680559942,253,9.213772018187663e-05
BDNF-64,1,0.4574941076740723,2.016035956706935e-09,0.1313621443137519,4.952466028244942,0.0260534803025244,0.6880869247720248,0.0,4.4066927265065435e-09,0.3890403258074333,254,0.0848301318650194
BDNF-64,1,0.0,0.0,0.0,0.0,1.0,0.0,0.0,0.0,0.0,255,1.0
BDNF-64,1,0.5974835791776434,1.5065935043725813e-08,0.1875677178595445,6.870394170245277,0.0087635320079838,0.982496858914091,0.0,2.5215647038303663e-08,0.2950493966652887,256,0.0336486559174474
BDNF-64,1,1.912556049446227,2.144139069784973e-07,0.2493539961888257,15.8068218557226,7.014912943192897e-05,1.306139035058538,0.0,1.121085612317506e-07,0.0723898221156509,257,0.0006507935331489
BDNF-64,1,1.418381161709067,9.872103295331823e-08,0.2407028693474648,14.04943020202748,0.0001780677759044,1.260823641531869,0.0,6.960120143894546e-08,0.0976162906934635,258,0.0015419911658109
BDNF-64,1,0.6496897911646763,5.753031066879227e-08,0.1468042359323937,5.919850497246166,0.0149712288540812,0.768974012824886,0.0,8.85504304533702e-08,0.2807336074696147,259,0.0516380520645004
BDNF-64,1,0.0,0.0,0.0,0.0,1.0,0.0,0.0,0.0,0.0,260,1.0
BDNF-64,1,0.3139664812757713,1.956352340441968e-07,0.1094677991525886,4.181071410545414,0.0408778508721706,0.5734023426152385,0.0,6.231086619477745e-07,0.5170183990283647,261,0.1220087300980185
BDNF-64,1,0.4894859448977312,4.13215694868283e-07,0.1422189084547396,4.88963181293181,0.0270184475151755,0.7449556481761184,0.0,8.441829620963203e-07,0.3959813454254836,262,0.0865866782572949
BDNF-64,1,0.5191892645046802,1.056358975339032e-07,0.0738785406613956,3.872718507832406,0.0490769689165112,0.3869825520579824,0.0,2.034631776038022e-07,0.3196477850022292,263,0.1337989262137821
BDNF-64,1,1.484072809871283,2.022135214142875e-06,0.4621224027416529,18.22732205153538,1.960462539918328e-05,2.420639405910449,0.0,1.362557955844672e-06,0.1093808161447415,264,0.0002279737867847
BDNF-64,1,1.27398461754063,2.737703425678816e-08,0.4016520893491089,15.80124876483556,7.035605763772157e-05,2.103890374447507,0.0,2.148929734303881e-08,0.1274158268188542,265,0.0006507935331489
BDNF-64,1,2.089462388852484,1.078683845645558e-08,0.6530347061918585,21.88125270257795,2.900538139671838e-06,3.420655510005391,0.0,5.1624946751875395e-09,0.0896611495693077,266,4.540457780178608e-05
BDNF-64,1,0.4049037065324637,1.660837950172358e-09,0.1239956533891312,4.70307718639696,0.0301086641224998,0.6495005716551272,0.0,4.101809697904551e-09,0.4259923159536959,267,0.0935437121973848
BDNF-64,1,2.609701153965099,6.097186909862435e-07,0.4220213731931655,24.35465052298012,8.013305687892824e-07,2.210586545960885,0.0,2.33635445215578e-07,0.0533432035242613,268,1.7165344289328315e-05
BDNF-64,1,0.1498751239684382,1.333544142843486e-07,0.0635600262058259,1.709148884714324,0.191095835664308,0.3329332297281752,0.0,8.897701683464918e-07,1.42269112317345,269,0.4250054924337341
BDNF-64,1,3.793992417092615,2.043707483585482e-07,1.046140181733179,36.1836234189086,1.795732784692916e-09,5.479777939753628,0.0,5.386693643293047e-08,0.0487890696110959,270,1.827158108425042e-07
BDNF-64,1,0.0,0.0,0.0,0.0,1.0,0.0,0.0,0.0,0.0,271,1.0
BDNF-64,1,0.6393368419403319,1.01611329641775e-07,0.1378679000238593,6.09762795330721,0.0135363462650107,0.7221646681224522,0.0,1.589323858349746e-07,0.2642604829608569,272,0.0483271309636788
BDNF-64,1,0.0,0.0,0.0,0.0,1.0,0.0,0.0,0.0,0.0,273,1.0
BDNF-64,1,0.0,0.0,0.0,0.0,1.0,0.0,0.0,0.0,0.0,274,1.0
BDNF-64,1,0.2790739803607247,0.080355798453169,0.1245893187617653,0.7200283589043934,0.3961346071249691,0.6526102451667273,0.0163633540744578,0.2879372643386636,1.275876608797752,275,0.7677465957136306
BDNF-64,1,0.4713969500584703,0.0979879305252463,0.1620592470097988,1.102825973051502,0.2936467568674966,0.8488811558945347,0.0118589029678974,0.2078671287820007,0.9238223453277046,276,0.6036072224498541
BDNF-64,1,0.4477194733779,1.933867943600162e-07,0.192881684416775,4.973163233898767,0.0257435249044644,1.01033190169455,0.0,4.319374203247734e-07,0.4903386781136818,277,0.0846793097921713
BDNF-64,1,0.6008139211760307,5.89469437671062e-08,0.1227754702665046,6.25984890749254,0.012350473647716,0.6431091408750271,0.0,9.811181413993155e-08,0.2475695759185791,278,0.0452850700416254
BDNF-64,1,1.496361200987105,8.799099817111678e-10,0.4743989213862057,17.93652464177906,2.283956979132196e-05,2.48494493323848,0.0,5.880331440902887e-10,0.1119994717079452,279,0.0002582140251407
BDNF-64,1,1.117437548734622,1.026001726864026e-07,0.3560122524289156,13.53627545916389,0.0002339963051043,1.864824734969932,0.0,9.181736626139541e-08,0.1499796914424845,280,0.0019436019628054
BDNF-64,1,0.9827424930062942,1.25841071577578e-07,0.1362923643735153,7.733363025039388,0.0054209686852526,0.713911868305752,0.0,1.28050911070935e-07,0.1558407147517478,281,0.0234716410095514
BDNF-64,1,0.0,0.0,0.0,0.0,1.0,0.0,0.0,0.0,0.0,282,1.0
BDNF-64,1,1.539674012140259,1.004904999296366e-07,0.4333299932064914,17.36054338488151,3.091782814934607e-05,2.26982213174578,0.0,6.526738721136659e-08,0.1082128023741348,283,0.0003400961096428
BDNF-64,1,7.549938509574897e-05,0.0663644997531385,0.0665550896698322,0.0009346161824801,0.97561127683473,0.348621646046372,50.25634050131929,879.00715574007,3908.280857219203,284,1.0
BDNF-64,1,1.394101486703481,1.595417870481831e-07,0.2643087262822753,12.99413368670489,0.0003124683841347,1.384473278874015,0.0,1.144405831066421e-07,0.1119194554224754,285,0.0024456660065934
BDNF-64,1,0.6239000406736835,2.192397315513396e-07,0.1914740635086669,7.006349325121363,0.0081221133195085,1.002958654653214,0.0,3.514020151603226e-07,0.2852821727990655,286,0.0314828582956187
BDNF-64,1,0.3281081971994945,3.196452785603627e-07,0.1220724895620503,3.936881661774372,0.0472382657220368,0.639426863658642,0.0,9.742069271314603e-07,0.571557897667493,287,0.1299052307356012
BDNF-64,1,0.0,0.0,0.0,0.0,1.0,0.0,0.0,0.0,0.0,288,1.0
BDNF-64,1,1.073628087521439,1.531999217960095e-06,0.1312992393349401,8.258714275749433,0.004055684159016,0.6877574227404499,0.0,1.426936604738839e-06,0.1346398281920459,289,0.0183407050302169
BDNF-64,1,2.455651802753371,9.435488726753366e-08,0.6520395728159292,26.16651548751159,3.132067833977459e-07,3.415442910378927,0.0,3.8423561174975754e-08,0.0685339109966832,290,7.96719755268016e-06
BDNF-64,1,0.0,0.0,0.0,0.0,1.0,0.0,0.0,0.0,0.0,291,1.0
BDNF-64,1,3.231932993118583,6.180002372104762e-07,0.7574375526978708,32.40466654088911,1.2518549308282452e-08,3.967527167476098,0.0,1.912169090529783e-07,0.0502256834761412,292,6.368811960588697e-07
BDNF-64,1,0.4060112970198321,5.3464365103207036e-08,0.1215283291755433,4.792489224215402,0.0285840890677188,0.636576501791527,0.0,1.316819642597174e-07,0.4127773046424782,293,0.0908398542628466
BDNF-64,1,0.3933825464664394,4.681384699525093e-07,0.1184683472615238,4.766712128364006,0.0290151868652827,0.620548036695474,0.0,1.190033655935082e-06,0.4157407869110393,294,0.0908398542628466
BDNF-64,1,2.909727615847043,1.304530253420221e-07,0.7571230105652585,29.98539792174675,4.353120797162546e-08,3.965879567021103,0.0,4.483341486383296e-08,0.058520522643659,295,1.4764334703709636e-06
BDNF-64,1,0.219358447088232,8.019653795468125e-08,0.0626048917195699,2.501846276888045,0.113712918849907,0.3279301479436554,0.0,3.655958501676665e-07,0.7703849653485993,296,0.2754830831661438
BDNF-64,1,0.0,0.0,0.0,0.0,1.0,0.0,0.0,0.0,0.0,297,1.0
BDNF-64,1,0.1454959700034373,4.7841182976040376e-08,0.0634289062575069,1.659476465777352,0.1976740252843868,0.3322464114481722,0.0,3.288144886412328e-07,1.490101696588475,298,0.4325447757566958
BDNF-64,1,0.4550923205547069,4.7127575433412496e-08,0.0619236877091567,3.949133600350621,0.0468955066216686,0.3243619390421011,0.0,1.035560770965531e-07,0.3042062307894169,299,0.1299052307356012
BDNF-64,1,0.9935432189677588,1.137591206975219e-09,0.2669425861922989,10.22134714676623,0.00138824414543,1.398269677944967,0.0,1.144984118715157e-09,0.1791553383927852,300,0.007847435655417
BDNF-64,1,3.366711067189303,7.801366634327916e-07,0.5094046843521008,29.62615964767407,5.2393062000000163e-08,2.6683083208745,0.0,2.317207054195144e-07,0.0421550481536803,301,1.6403058641538511e-06
BDNF-64,1,0.0,0.0,0.0,0.0,1.0,0.0,0.0,0.0,0.0,302,1.0
BDNF-64,1,1.58319487229912,0.0721503564165567,0.3047674118507053,9.963233081286162,0.0015969736616595,1.596399573763105,0.0025971010752312,0.0455726314422555,0.2019438850351286,303,0.0085522142144137
BDNF-64,1,1.27429070800757,0.0805920704487737,0.3679134031509703,9.161968810065131,0.0024709658260978,1.927164050793126,0.0035948132201161,0.0632446504885719,0.2801345735800612,304,0.0122644279417295
BDNF-64,1,5.228324271333091,7.551446973226585e-08,0.5116223900721076,33.7483987328897,6.2720649784964175e-09,2.679924866241513,0.0,1.4443340889606211e-08,0.0264768843817021,305,5.105460892496084e-07
BDNF-64,1,1.255915713139032,6.532925660116378e-12,0.1502639660477856,8.279593419325714,0.0040093105599225,0.7870963955560573,0.0,5.201723007181749e-12,0.1317984289243912,306,0.0183347123358258
BDNF-64,1,0.0,0.0,0.0,0.0,1.0,0.0,0.0,0.0,0.0,307,1.0
BDNF-64,1,2.429756162533755,8.324547219297444e-08,0.6083685913232691,23.27851346379809,1.40157057104684e-06,3.186690315679432,0.0,3.4260833855100044e-08,0.0732526752662593,308,2.480170532243756e-05
BDNF-64,1,2.147670677439235,4.961675955105729e-07,0.5947216635070544,22.83334282846234,1.76673882723577e-06,3.115206459788523,0.0,2.310259206510078e-07,0.0806688660017578,309,2.99609459452066e-05
BDNF-64,1,0.7009309019223079,6.388057716202335e-08,0.1896546543111253,7.742199596545589,0.0053945051271577,0.9934284228944495,0.0,9.113676824182017e-08,0.2390996624650123,310,0.0234716410095514
BDNF-64,1,1.733353733904515,3.417113813200992e-07,0.4958345214124124,19.48286087466518,1.0150639168649e-05,2.59722656642686,0.0,1.971388612931116e-07,0.0966881532351473,311,0.0001332680690851
BDNF-64,1,1.554049044801093,0.0774382965684991,0.3241260816749442,9.428992604450286,0.0021358158344376,1.697802056621654,0.0028434937191102,0.0498300210199676,0.2214494635989868,312,0.0108659630577016
BDNF-64,1,0.5995372261226242,9.255009117675616e-07,0.1364619141925252,5.892771384941462,0.0152031561884592,0.7147999857627836,0.0,1.543692153618277e-06,0.2834063626949263,313,0.0519973493168311
BDNF-64,1,0.0,0.0,0.0,0.0,1.0,0.0,0.0,0.0,0.0,314,1.0
BDNF-64,1,1.002402320038011,1.444274986142073e-06,0.3505718281798936,12.41811107065456,0.0004251900906537,1.836327295235517,0.0,1.440813690542243e-06,0.1728348668267165,315,0.0031042718935526
BDNF-64,1,0.5246552365331848,3.712497463410502e-06,0.1739137196567328,6.537784552364698,0.0105606785910495,0.9109759676916118,0.0,7.076070540993607e-06,0.3194411975073921,316,0.0397981128384924
BDNF-64,1,0.0,0.0,0.0,0.0,1.0,0.0,0.0,0.0,0.0,317,1.0
BDNF-64,1,0.0,0.0,0.0,0.0,1.0,0.0,0.0,0.0,0.0,318,1.0
BDNF-64,1,0.0,0.0,0.0,0.0,1.0,0.0,0.0,0.0,0.0,319,1.0
BDNF-64,1,2.17151200969205,2.246588015154582e-07,0.5701641701352933,20.25108932180243,6.791478146084273e-06,2.986572063764009,0.0,1.034573147708808e-07,0.087720654944286,320,9.213772018187663e-05
BDNF-64,1,1.739965635409337,1.6115730914781293e-08,0.4951032526808253,19.25464237819396,1.143918811308264e-05,2.593396113937459,0.0,9.262097243081452e-09,0.0972470317001716,321,0.0001410833200613
BDNF-64,1,1.263220978581639,7.078931305900347e-07,0.3235644574109902,13.14638758076714,0.0002880741005799,1.694860217367428,0.0,5.603874085315352e-07,0.1345838590395205,322,0.0022989442928636
BDNF-64,1,1.656105183466879,7.428544546608348e-09,0.4037150359353567,16.34651110126482,5.275318754427438e-05,2.114696277319417,0.0,4.485551171971748e-09,0.1046136966689203,323,0.0005236718861102
BDNF-64,1,0.0,0.0,0.0,0.0,1.0,0.0,0.0,0.0,0.0,324,1.0
BDNF-64,1,3.437351103878958,5.123978142200273e-09,0.8438236255600713,33.0938055868789,8.781805060920078e-09,4.420025316995579,0.0,1.490676392184087e-09,0.0504013781824481,325,5.471942015690599e-07
BDNF-64,1,0.0,0.0,0.0,0.0,1.0,0.0,0.0,0.0,0.0,326,1.0
BDNF-64,1,1.894993077294394,3.090226510759373e-07,0.6447249600162712,20.44552429045298,6.135286526487427e-06,3.377128299624755,0.0,1.63073234820018e-07,0.1016990242087844,327,8.918077201001367e-05
BDNF-64,1,1.768900019714711,1.141892824737686e-07,0.2925545052567362,14.14737431116818,0.0001690328521091,1.53242725217325,0.0,6.45538363961266e-08,0.0949892208329207,328,0.0014955732784437
BDNF-64,1,4.138654599501339,9.528050880912757e-09,0.6089083759310332,29.4108196624053,5.854984408415476e-08,3.189517756817332,0.0,2.30220972826792e-09,0.0407136076496743,329,1.7021276101607848e-06
BDNF-64,1,0.0,0.0,0.0,0.0,1.0,0.0,0.0,0.0,0.0,330,1.0
BDNF-64,1,1.963217559340716,1.939003201349753e-06,0.5403446231834068,22.21035353024631,2.443525644935107e-06,2.83037454988047,0.0,9.87665983387447e-07,0.0826830470837959,331,3.978059749954354e-05
BDNF-64,1,1.069269743394918,1.556993564681776e-06,0.3226996766268931,11.80614740283536,0.0005903546727553,1.690330416537517,0.0,1.456127954895966e-06,0.1664598764286185,332,0.0037542867470536
BDNF-64,1,5.328083542340971,0.0986166653836237,1.116161693408986,31.84163940972775,1.672681104736284e-08,5.846557021266007,0.0010553088410679,0.0185088436770822,0.0821529721612975,333,7.097777207976109e-07
BDNF-64,1,0.0,0.0,0.0,0.0,1.0,0.0,0.0,0.0,0.0,334,1.0
BDNF-64,1,0.0,0.0,0.0,0.0,1.0,0.0,0.0,0.0,0.0,335,1.0
BDNF-64,1,1.365484008410343,1.07806886697298e-07,0.2965772541710378,12.00335706159067,0.0005310480529854,1.553498778860273,0.0,7.895140919504697e-08,0.1332744932189298,336,0.0034307390089693
BDNF-64,1,0.0,0.0,0.0,0.0,1.0,0.0,0.0,0.0,0.0,337,1.0
BDNF-64,1,0.5798719913839867,2.685279832447731e-06,0.0748367155840623,4.059456657457311,0.0439246305314965,0.3920015599264646,0.0,4.630814856290514e-06,0.2863362214114315,338,0.1267895363568729
BDNF-64,1,5.454435425718255,2.452133645540071e-07,0.71950090717557,32.95922696656221,9.411202483988744e-09,3.768811548985133,0.0,4.495669036575252e-08,0.0331364196992645,339,5.471942015690599e-07
BDNF-64,1,0.8906553951704079,1.923632916989166e-08,0.1596363866078946,6.740935241491279,0.0094225215066775,0.8361899915426779,0.0,2.159794829088886e-08,0.2119654351000524,340,0.0358408061048389
BDNF-64,1,0.0,0.0,0.0,0.0,1.0,0.0,0.0,0.0,0.0,341,1.0
BDNF-64,1,1.172173423516149,2.297617986799555e-07,0.1658786606633523,7.558364925856559,0.0059732161434249,0.8688875938910766,0.0,1.960134857781905e-07,0.1610578713908703,342,0.0248071323507546
BDNF-64,1,0.5929299200529369,2.296580156773368e-07,0.0747846827226629,4.095039124222261,0.0430092345519533,0.3917290070401331,0.0,3.873274191608224e-07,0.2790157501100879,343,0.1259335141197483
BDNF-64,1,0.0,0.0,0.0,0.0,1.0,0.0,0.0,0.0,0.0,344,1.0
BDNF-64,1,0.5852517393635742,2.23589780472864e-07,0.074938154138399,4.062286572187713,0.0438510832237811,0.3925329043504725,0.0,3.820403519278804e-07,0.2838109108388976,345,0.1267895363568729
BDNF-64,1,0.812464383976253,1.021621946753799e-07,0.1251364155493431,7.379545557638608,0.0065969837687837,0.6554759881711799,0.0,1.257435977382683e-07,0.1757612763741117,346,0.0271209332716663
BDNF-64,1,0.6067660963206438,2.900879146282282e-07,0.1260511457831089,6.242655024890745,0.0124709384776362,0.6602674287862522,0.0,4.780885359074711e-07,0.2523485352152244,347,0.0453184996464103
BDNF-64,1,0.2037382090320788,2.009248507847216e-08,0.0595127183338327,2.449030293550873,0.1175974962946558,0.3117330609748864,0.0,9.861913076554324e-08,0.796738542412856,348,0.2827670779377761
BDNF-64,1,0.0,0.0,0.0,0.0,1.0,0.0,0.0,0.0,0.0,349,1.0
BDNF-64,1,0.6796189463305294,1.937349859986774e-07,0.230964414089528,8.535726815296243,0.0034824224095922,1.209812722324742,0.0,2.850641334305229e-07,0.2485051867360419,350,0.0167496648807302
BDNF-64,1,0.4338971113045303,3.821664474504563e-07,0.079694414311256,3.359957282202583,0.0667998012382905,0.4174466300882323,0.0,8.807766576307836e-07,0.4351027094392932,351,0.1731689114903455
BDNF-64,1,3.541331380984043,1.436047400306984e-06,0.776146847278514,31.76062558273524,1.743925603925334e-08,4.065528163424371,0.0,4.055105963870412e-07,0.0489217024374771,352,7.097777207976109e-07
BDNF-64,1,2.216532224494034,7.487299096910998e-08,0.2995688130318822,15.43653004925359,8.5322904638363e-05,1.569168837746618,0.0,3.37793378962497e-08,0.0756276845365607,353,0.0007716982708403
BDNF-64,1,1.94927497623019,0.0868295695835187,0.3693224999003545,10.00355370515172,0.0015623844283765,1.93454502842603,0.0025449954527829,0.0445445463786967,0.1984644448497863,354,0.0084785394979899
BDNF-64,1,1.089664712120361,1.124188017130573e-06,0.311420474916064,12.27026894444531,0.0004602319390534,1.631248926511359,0.0,1.031682502540651e-06,0.1550037253457172,355,0.0031748203253346
BDNF-64,1,0.0,0.0,0.0,0.0,1.0,0.0,0.0,0.0,0.0,356,1.0
BDNF-64,1,1.686954358626763,2.040215405894032e-07,0.3265382871033948,16.03778978098445,6.209073631635587e-05,1.710437409248181,0.0,1.209407590348108e-07,0.0920164317649589,357,0.0006016888019227
BDNF-64,1,0.4060112970198321,5.3464365103207036e-08,0.1223618749654012,4.768450406358987,0.0289859040283624,0.6409426908652232,0.0,1.316819642597174e-07,0.4159570535669701,358,0.0908398542628466
BDNF-64,1,0.396348127731003,1.850188730447551e-06,0.0610309529118721,3.744339707977758,0.0529866585487168,0.3196857125347648,0.0,4.668089997143251e-06,0.3493576836329988,359,0.1418787501929458
BDNF-64,1,0.0,0.0,0.0,0.0,1.0,0.0,0.0,0.0,0.0,360,1.0
BDNF-64,1,0.6812834380076036,8.815677184129877e-09,0.1396935732824503,6.291575494904585,0.0121313169845457,0.7317277116058318,0.0,1.2939808444354831e-08,0.248300582959699,361,0.0448858728428192
BDNF-64,1,0.3537246128811884,0.1594267956804389,0.1947889545284028,0.3685598358439321,0.5437903293927794,1.020322356956037,0.0745606533309776,0.4507087996559299,1.404652716604417,362,0.950477771150916
BDNF-64,1,7.818311779548036,1.910988766974875e-07,0.6352629476762087,40.71968893202557,1.7570789268006587e-10,3.327565413701714,0.0,2.4442473271197e-08,0.0184862824497288,363,3.5756556160393416e-08
BDNF-64,1,0.0,0.0,0.0,0.0,1.0,0.0,0.0,0.0,0.0,364,1.0
BDNF-64,1,1.694629379135836,6.306181921903956e-07,0.2067907682017861,12.07777729160049,0.0005102639448041,1.083188954523755,0.0,3.721274987643462e-07,0.0903680537504238,365,0.0033496358957303
BDNF-64,1,1.145039882120213,9.118662227580805e-08,0.3223143034360181,12.36985231087257,0.0004363221191742,1.688311796521956,0.0,7.96361975680378e-08,0.1523428875304595,366,0.0031154930263843
BDNF-64,1,1.640109510552383,1.96663421499816e-08,0.2369020522519599,11.24801317076147,0.0007970829096322,1.240914614007011,0.0,1.19908713555097e-08,0.1091695747283637,367,0.0049153446093986
BDNF-64,1,0.8933497530715279,4.683757131015906e-09,0.1272522920366217,7.670874528935908,0.0056119251368542,0.6665591427050436,0.0,5.242915347446109e-09,0.1603680544294582,368,0.0239775701997259
BDNF-64,1,0.0,0.0,0.0,0.0,1.0,0.0,0.0,0.0,0.0,369,1.0
BDNF-64,1,0.0,0.0,0.0,0.0,1.0,0.0,0.0,0.0,0.0,370,1.0
BDNF-64,1,0.2005827421548564,6.466865372554328e-07,0.0620353141755046,2.341401112129557,0.1259762009286444,0.3249466486808923,0.0,3.224038769776961e-06,0.8637108696962912,371,0.2988221228801629
BDNF-64,1,2.051584926841497,2.801735199999273e-07,0.2438505278492265,12.32474213621544,0.0004469936807797,1.277311364612399,0.0,1.365644270116891e-07,0.0870678886705495,372,0.0031366625530576
BDNF-64,1,1.311765343138094,3.038703808318492e-07,0.3585714339125257,12.79362575517656,0.0003478023804108,1.878229961614107,0.0,2.316499535693707e-07,0.1443834475908824,373,0.0026213994227264
BDNF-64,1,22.17412629001749,1.32299459191939e-06,1.00916375979554,53.4111710697573,2.705613511011506e-13,5.286092060210025,0.0,5.966388820086158e-08,0.0085128780884951,374,1.1011846989816829e-10
BDNF-64,1,0.6394701643530061,1.603012899008459e-07,0.1928782611449832,7.101929777089673,0.0077001004277349,1.010313970283852,0.0,2.506782940577584e-07,0.2783424021236249,375,0.0301340468662319
BDNF-64,1,0.1600246031886602,3.345229982747188e-07,0.0613877162476815,1.911236104061622,0.1668260149248115,0.321554471513167,0.0,2.09044729128517e-06,1.200805576449859,376,0.3772121559688793
BDNF-64,1,1.814102348117579,4.066781184014645e-09,0.4483444821474051,18.53072786009436,1.671871042929762e-05,2.348469397869124,0.0,2.241759506146156e-09,0.0923829629198345,377,0.0002001327983742
BDNF-64,1,2.286641254032994,5.922550961130497e-07,0.6227660964738391,24.11447663907421,9.077530584988835e-07,3.262105764286781,0.0,2.590065647895042e-07,0.0758782297360263,378,1.8248551397574236e-05
BDNF-64,1,0.1904843154281649,4.6083627379473685e-09,0.0609769091966444,2.266444332985841,0.1322029077234159,0.3194026266121911,0.0,2.4192872403110093e-08,0.9094965415251244,379,0.3092332381806337
BDNF-64,1,0.0,0.0,0.0,0.0,1.0,0.0,0.0,0.0,0.0,380,1.0
BDNF-64,1,0.0,0.0,0.0,0.0,1.0,0.0,0.0,0.0,0.0,381,1.0
BDNF-64,1,0.4346999478367814,0.0727600225386946,0.1252142071371724,1.386346172239008,0.2390231141167218,0.6558834676221454,0.009589269358761,0.1673798740965437,0.7465394227096382,382,0.5120126707658199
BDNF-64,1,0.0,0.0,0.0,0.0,1.0,0.0,0.0,0.0,0.0,383,1.0
BDNF-64,1,0.0,0.0,0.0,0.0,1.0,0.0,0.0,0.0,0.0,384,1.0
BDNF-64,1,2.810458081870136,8.140274641595241e-06,0.7323087637949924,28.57530357460081,9.012434665223169e-08,3.835900273215535,0.0,2.896422719878653e-06,0.0610264190495246,385,2.4453739391638864e-06
BDNF-64,1,1.157075173023841,0.0816997733922498,0.3627992214942679,8.427612360954875,0.0036956530213201,1.900375499591641,0.0040196777835953,0.0706088725235887,0.3131083066783227,386,0.0172888595365206
BDNF-64,1,0.6149186518270813,2.575072439409227e-08,0.1837951625073395,7.164380109422339,0.0074365384814633,0.9627358689851286,0.0,4.1876635742923484e-08,0.2746506904193561,387,0.0296732466858388
BDNF-64,1,0.0,0.0,0.0,0.0,1.0,0.0,0.0,0.0,0.0,388,1.0
BDNF-64,1,2.604667185045961,1.192913137384298e-09,0.8002288291694872,25.84283546288223,3.703769047014305e-07,4.19167178682776,0.0,4.5799061939011147e-10,0.0749601575997479,389,8.867258836087188e-06
BDNF-64,1,0.0,0.0,0.0,0.0,1.0,0.0,0.0,0.0,0.0,390,1.0
BDNF-64,1,1.232447311041596,3.92645238940856e-07,0.1873770919007516,11.2164431102116,0.0008107573824125,0.9814983427094964,0.0,3.185898783851571e-07,0.114075765752685,391,0.0049250485767448
BDNF-64,1,0.975963650811986,1.97928802539167e-07,0.1941877280091783,9.540650080529794,0.0020097054984377,1.017173077467142,0.0,2.02803457254267e-07,0.1584798308881454,392,0.0103537992134702
BDNF-64,1,0.0,0.0,0.0,0.0,1.0,0.0,0.0,0.0,0.0,393,1.0
BDNF-64,1,0.0,0.0,0.0,0.0,1.0,0.0,0.0,0.0,0.0,394,1.0
BDNF-64,1,0.1546419639061837,3.923118443461892e-07,0.0568493804580679,1.999246684725872,0.1573774059129504,0.2977822536236702,0.0,2.536904178119414e-06,1.120297036033757,395,0.3618791198111346
BDNF-64,1,1.050810654332714,8.047460928628271e-07,0.3035589040107575,12.14957094974204,0.0004909915831754,1.590069299181362,0.0,7.658335871878431e-07,0.157739904466376,396,0.0032759602352853
BDNF-64,1,0.0,0.0,0.0,0.0,1.0,0.0,0.0,0.0,0.0,397,1.0
BDNF-64,1,0.7147820612289367,6.089718619335679e-09,0.2436231513323073,8.527558081460349,0.0034980872601033,1.276120345623559,0.0,8.519685859023273e-09,0.2490127750248807,398,0.0167496648807302
BDNF-64,1,0.0,0.0,0.0,0.0,1.0,0.0,0.0,0.0,0.0,399,1.0
BDNF-64,1,0.3448289552760531,9.273902106719106e-06,0.1177238244450393,4.240452238470745,0.0394716515295942,0.6166481580973154,0.0,2.68942093313912e-05,0.5024415197264939,400,0.1189997197966284
BDNF-64,1,0.9984810675065532,8.148774625792759e-09,0.3493109883238398,10.28646458852197,0.0013400960806655,1.829722900767732,0.0,8.161170893447387e-09,0.2075683144828374,401,0.007847435655417
BDNF-64,1,0.2005827421548564,6.466865372554328e-07,0.0619843099188179,2.337605330958151,0.1262835507011991,0.3246794837201101,0.0,3.224038769776961e-06,0.8637111692995029,402,0.2988221228801629
BDNF-64,1,0.0,0.0,0.0,0.0,1.0,0.0,0.0,0.0,0.0,403,1.0
BDNF-64,1,2.074502082053775,2.524649058863304e-05,0.360807739227787,16.89065540223387,3.959603544023693e-05,1.889943933361967,0.0,1.216990371185301e-05,0.0813198764289282,404,0.0004240943795835
BDNF-64,1,1.115622187592126,2.578567608096327e-07,0.1951393522673597,10.25215059239714,0.001365253465218,1.022157772356003,0.0,2.311326931980182e-07,0.1361985349452322,405,0.007847435655417
BDNF-64,1,0.3399835590920751,1.742435419488754e-07,0.1247520361480465,4.014862430495434,0.045100902648129,0.6534625737163111,0.0,5.125057882627977e-07,0.5568787619058875,406,0.1274726901235314
BDNF-64,1,0.0,0.0,0.0,0.0,1.0,0.0,0.0,0.0,0.0,407,1.0
