Sample,Partition,alpha,beta,alpha=beta,LRT,p-value,Total branch length,dN/dS LB,dN/dS MLE,dN/dS UB,CodonSite,adjusted_p-value
BDNF-64,1,0.0,0.0,0.0,0.0,1.0,0.0,0.0,0.0,0.0,1,1.0
BDNF-64,1,0.1458497211653892,2.448562392773403e-06,0.1428617886083103,0.0362870716064662,0.8489238798036447,0.4468646416694705,0.0,1.678825556338779e-05,119.167850428155,2,1.0
BDNF-64,1,0.3407888176386414,8.517016089512295e-07,0.3109463491153255,0.0619552219152765,0.8034319011680552,0.4346163271170492,0.0,2.499206443605609e-06,71.83502028162488,3,1.0
BDNF-64,1,0.4469420979619484,11.9906296970997,0.9780482506170126,3.312774840635157,0.068743324605252,0.9599189864371404,0.9691412411196636,26.82815011558959,179.2919506465591,4,1.0
BDNF-64,1,0.8213784640244782,1.197556920741446e-05,0.7798085594348045,0.1473962390002441,0.7010361278253583,0.9178473241528556,0.0,1.457984319279349e-05,29.77995888731084,5,1.0
BDNF-64,1,0.5451722777273833,7.239315644068503e-05,0.5089855754590813,0.1269890546637527,0.7215745478656814,0.925717743491197,0.0,0.000132789504159,32.98961075754881,6,1.0
BDNF-64,1,1.56908266217505e-07,2.685464124903202e-06,1.02429483851428e-08,-2.016717431274628e-06,1.0,0.834010907882076,0.0,17.11486711082916,10000.0,7,1.0
BDNF-64,1,0.1539738922079055,6.415830400810485e-05,0.1508443614270986,0.0316269958664463,0.858848786568268,0.502158811371445,0.0,0.0004166830044243,139.1157834284529,8,1.0
BDNF-64,1,2.369771955151088,1.420744747135085e-05,1.735768831645368,0.4640184579304503,0.4957519055044777,1.988109671026757,0.0,5.995280449019e-06,7.938478343672294,9,1.0
BDNF-64,1,8.987138876470865e-09,13.0124634956401,0.0,6.307548860608073,0.0120224940635348,1.427306144733244,0.0,10000.0,10000.0,10,1.0
BDNF-64,1,2.247191117606832,20.03878008016789,7.14593765914543,2.182898960116901,0.1395513841422638,7.114105363146156,0.9934668520416776,8.917256713576004,49.59440073325575,11,1.0
BDNF-64,1,2.081653076982587,43.32741532824831,8.384019542291078,3.219051216163159,0.0727858064811339,5.727619714801164,2.298804093914091,20.8139462849653,10000.0,12,1.0
BDNF-64,1,3.682128557336696,1.302476590589818e-05,2.270852571436915,0.6871725706739085,0.4071277624735263,4.056468028230831,0.0,3.537292547797155e-06,4.951729889480728,13,1.0
BDNF-64,1,0.6927806487740539,1.831046433782262e-05,0.6214889067693087,0.0893156506102954,0.765048973458662,2.283245857601508,0.0,2.643039231858577e-05,47.34020793194356,14,1.0
BDNF-64,1,0.0,0.0,0.0,0.0,1.0,0.0,0.0,0.0,0.0,15,1.0
BDNF-64,1,5.064009140416487e-09,0.6869379133094677,0.0,-2.695439711430936e-07,1.0,0.7838888835029861,0.0,10000.0,10000.0,16,1.0
BDNF-64,1,6.680217642808204,0.5946396644567636,6.667057251557583,-6.729918982983918e-06,1.0,4.943632423250458,0.0,0.0890150136196447,10000.0,17,1.0
BDNF-64,1,0.0,0.0,0.0,0.0,1.0,0.0,0.0,0.0,0.0,18,1.0
BDNF-64,1,0.0,0.0,0.0,0.0,1.0,0.0,0.0,0.0,0.0,19,1.0
BDNF-64,1,0.0,0.0,0.0,0.0,1.0,0.0,0.0,0.0,0.0,20,1.0
BDNF-64,1,0.0,0.0,0.0,0.0,1.0,0.0,0.0,0.0,0.0,21,1.0
BDNF-64,1,0.0,0.0,0.0,0.0,1.0,0.0,0.0,0.0,0.0,22,1.0
BDNF-64,1,0.0,0.0,0.0,0.0,1.0,0.0,0.0,0.0,0.0,23,1.0
BDNF-64,1,0.0,0.0,0.0,0.0,1.0,0.0,0.0,0.0,0.0,24,1.0
BDNF-64,1,0.0,0.0,0.0,0.0,1.0,0.0,0.0,0.0,0.0,25,1.0
BDNF-64,1,0.0,0.0,0.0,0.0,1.0,0.0,0.0,0.0,0.0,26,1.0
BDNF-64,1,0.0,0.0,0.0,0.0,1.0,0.0,0.0,0.0,0.0,27,1.0
BDNF-64,1,0.0,0.0,0.0,0.0,1.0,0.0,0.0,0.0,0.0,28,1.0
BDNF-64,1,0.0,0.0,0.0,0.0,1.0,0.0,0.0,0.0,0.0,29,1.0
BDNF-64,1,0.0,0.0,0.0,0.0,1.0,0.0,0.0,0.0,0.0,30,1.0
BDNF-64,1,0.0,0.0,0.0,0.0,1.0,0.0,0.0,0.0,0.0,31,1.0
BDNF-64,1,0.0,0.0,0.0,0.0,1.0,0.0,0.0,0.0,0.0,32,1.0
BDNF-64,1,0.0,0.0,0.0,0.0,1.0,0.0,0.0,0.0,0.0,33,1.0
BDNF-64,1,0.0,0.0,0.0,0.0,1.0,0.0,0.0,0.0,0.0,34,1.0
BDNF-64,1,0.0,0.0,0.0,0.0,1.0,0.0,0.0,0.0,0.0,35,1.0
BDNF-64,1,0.0,0.0,0.0,0.0,1.0,0.0,0.0,0.0,0.0,36,1.0
BDNF-64,1,0.0,0.0,0.0,0.0,1.0,0.0,0.0,0.0,0.0,37,1.0
BDNF-64,1,0.0,0.0,0.0,0.0,1.0,0.0,0.0,0.0,0.0,38,1.0
BDNF-64,1,0.0,0.0,0.0,0.0,1.0,0.0,0.0,0.0,0.0,39,1.0
BDNF-64,1,0.0,0.0,0.0,0.0,1.0,0.0,0.0,0.0,0.0,40,1.0
BDNF-64,1,0.0,0.0,0.0,0.0,1.0,0.0,0.0,0.0,0.0,41,1.0
BDNF-64,1,0.0,0.0,0.0,0.0,1.0,0.0,0.0,0.0,0.0,42,1.0
BDNF-64,1,0.0,0.0,0.0,0.0,1.0,0.0,0.0,0.0,0.0,43,1.0
BDNF-64,1,0.0,0.0,0.0,0.0,1.0,0.0,0.0,0.0,0.0,44,1.0
BDNF-64,1,0.0,0.0,0.0,0.0,1.0,0.0,0.0,0.0,0.0,45,1.0
BDNF-64,1,0.0,0.0,0.0,0.0,1.0,0.0,0.0,0.0,0.0,46,1.0
BDNF-64,1,0.0,0.0,0.0,0.0,1.0,0.0,0.0,0.0,0.0,47,1.0
BDNF-64,1,0.0,0.0,0.0,0.0,1.0,0.0,0.0,0.0,0.0,48,1.0
BDNF-64,1,0.0,0.0,0.0,0.0,1.0,0.0,0.0,0.0,0.0,49,1.0
BDNF-64,1,0.5096194101533021,4.725747904090132e-06,0.4863589185329863,0.1184331941867427,0.7307400686621719,1.025896634745151,0.0,9.273092448869927e-06,35.57481671919361,50,1.0
BDNF-64,1,3.413872843385839,4.640776871949035e-08,2.932369103681229,0.644459229812739,0.4221006432996869,2.433187106980369,0.0,1.3593877349416352e-08,6.286333608714567,51,1.0
BDNF-64,1,0.2304568322735601,9.514951293318813,0.1338977804815052,1.850855115738597,0.1736839721530747,8.053196322242338,0.0,41.28734739365088,333.4833842552405,52,1.0
BDNF-64,1,15.33113325726915,15.80648661390873,15.52496083305447,0.0004055150135968,0.983933762632758,11.52559184548309,0.0255996801465646,1.031005754673367,7.815536090711587,53,1.0
BDNF-64,1,0.2354447840071141,28.2568890639943,0.1972330616669488,5.419528462592275,0.0199127370571916,4.085564633029245,12.91983220383031,120.0149291187547,838.8944604770782,54,1.0
BDNF-64,1,1.280739131073648,7.846284779845517e-05,1.162505900804288,0.1764646547641533,0.6744292312784346,4.821345866629454,0.0,6.126372334128616e-05,24.08519479345407,55,1.0
BDNF-64,1,4.637343376628334,6.36947433142624e-06,3.418525038277607,0.8769573435934035,0.3490363949070121,3.196684423154361,0.0,1.373517942088921e-06,4.354692219873177,56,1.0
BDNF-64,1,3.480697266212333e-06,11.15818780113292,0.0,2.338724075164677,0.1261928778411898,4.131835807901657,0.0,10000.0,10000.0,57,1.0
BDNF-64,1,1.52510006997049,2.689158076254471e-06,1.325090590469092,0.3339025189592704,0.563370129251396,1.196761619123978,0.0,1.763266640140214e-06,12.06406091703155,58,1.0
BDNF-64,1,0.4428694370361589,4.458379271648312e-05,6.729018073549164e-06,0.0594779975957209,0.8073228967452155,1.253023215561108,0.0,0.0001006702856147,36.3964191210926,59,1.0
BDNF-64,1,0.5434157746496187,0.0001230426636892,0.5272768501656865,0.0786312220235316,0.7791609770534844,1.123532444022086,0.0,0.0002264245342685,56.72787972479752,60,1.0
BDNF-64,1,1.812609815616546e-12,3.564837747390952,2.116910421070128,2.781625717330911,0.0953513355866918,2.75492271159206,5271.609356823959,10000.0,10000.0,61,1.0
BDNF-64,1,1.75137382988989e-07,18.33444357398453,1.535112568201663,2.131094721234334,0.1443376401294211,3.281112608045535,4713.125783913868,10000.0,10000.0,62,1.0
BDNF-64,1,2.206635988704022,4.653635404116311,3.170548902002958,0.3702924001426737,0.5428449281865955,3.486990443841604,0.3759066956435475,2.108927538542247,13.9987984791452,63,1.0
BDNF-64,1,3.315268503512044,7.772923931655469e-08,1.924517714847703,3.964975177877569,0.0464562068608808,2.202571988649049,0.0,2.3445835302393122e-08,0.596499342135961,64,1.0
BDNF-64,1,9.863090902731325e-06,9.75769386330211,1.325180154645169,2.656130121333675,0.103151422424113,3.729166343666204,3671.12715244582,10000.0,10000.0,65,1.0
BDNF-64,1,0.5832360680372789,2.06662454950219,1.179600446308631,0.6311463485963813,0.4269351373387518,1.913491112393467,0.4501380465611517,3.543375766277364,42.93549288742687,66,1.0
BDNF-64,1,0.0,0.0,0.0,0.0,1.0,0.0,0.0,0.0,0.0,67,1.0
BDNF-64,1,9.9233104849621e-09,4.521286912656162,4.570598972566414e-05,2.535946894255403e-06,0.9987293967694088,6.738537370269257,0.0,10000.0,10000.0,68,1.0
BDNF-64,1,0.0,0.0,0.0,0.0,1.0,0.0,0.0,0.0,0.0,69,1.0
BDNF-64,1,0.0,0.0,0.0,0.0,1.0,0.0,0.0,0.0,0.0,70,1.0
BDNF-64,1,8.486889589807391e-06,2.982127062736232,3.904395726437316e-05,5.98301380350108e-06,0.9980483603588768,16.09992664003236,0.0,10000.0,10000.0,71,1.0
BDNF-64,1,0.0,0.0,0.0,0.0,1.0,0.0,0.0,0.0,0.0,72,1.0
BDNF-64,1,0.0,0.0,0.0,0.0,1.0,0.0,0.0,0.0,0.0,73,1.0
BDNF-64,1,0.0,0.0,0.0,0.0,1.0,0.0,0.0,0.0,0.0,74,1.0
BDNF-64,1,0.0,0.0,0.0,0.0,1.0,0.0,0.0,0.0,0.0,75,1.0
BDNF-64,1,0.0,0.0,0.0,0.0,1.0,0.0,0.0,0.0,0.0,76,1.0
BDNF-64,1,8.439871340607265e-06,9.134944209978103,2.084878852370104e-06,-3.522688626311776e-05,1.0,7.049928790336209,0.0,10000.0,10000.0,77,1.0
BDNF-64,1,0.0,0.0,0.0,0.0,1.0,0.0,0.0,0.0,0.0,78,1.0
BDNF-64,1,0.0,0.0,0.0,0.0,1.0,0.0,0.0,0.0,0.0,79,1.0
BDNF-64,1,0.0,0.0,0.0,0.0,1.0,0.0,0.0,0.0,0.0,80,1.0
BDNF-64,1,0.0,0.0,0.0,0.0,1.0,0.0,0.0,0.0,0.0,81,1.0
BDNF-64,1,0.0,0.0,0.0,0.0,1.0,0.0,0.0,0.0,0.0,82,1.0
BDNF-64,1,2.998701950727122,4.042450129577863,3.54479390021983,0.041651348941663,0.8382858090841017,2.435903037519239,0.205732083741872,1.348066662176164,8.974496419608586,83,1.0
BDNF-64,1,0.4050804448104529,0.5418463698545627,0.4052993510789675,0.0023105858766285,0.9616616075575868,1.979385741043376,0.0,1.337626579599778,71.4445587052782,84,1.0
BDNF-64,1,0.2920885202170639,0.6612731451505321,0.396200348627915,0.2808727001081479,0.5961297879657659,1.654342698832769,0.1141692445331318,2.263947739743797,26.95054756685594,85,1.0
BDNF-64,1,1.800231291425085,0.664084449453033,1.339951338575983,0.5453977520761839,0.4602042916815837,3.141755180478337,0.0185305238390315,0.3688884048489879,6.061947263139415,86,1.0
BDNF-64,1,0.4773986587676707,4.433931312579095e-06,1.389121937648328e-06,1.592856085205902,0.2069185531559476,3.767684938735884,0.0,9.28769118041636e-06,2.820550399022041,87,1.0
BDNF-64,1,0.2414350310164967,11.22978634694471,1.01405053621189,2.470902626899601,0.1159713086536712,2.800983233685186,2.636267015419066,46.51266346753716,247.1313226009119,88,1.0
BDNF-64,1,0.5348765150838406,0.8295302695380914,0.628439458466237,0.0781619007902136,0.77980397365529,1.793782973446608,0.0735634921982561,1.550881831871165,25.61405596152196,89,1.0
BDNF-64,1,1.765979883088787e-05,2.582644866870187,1.234471062121792,1.776313842743996,0.1826026176142959,1.893593349652161,3570.758041779974,10000.0,10000.0,90,1.0
BDNF-64,1,1.210700444669676e-06,0.9557018942432616,0.3715215606339924,1.730040525627857,0.1884057222060654,1.754997474327445,1441.424927020267,10000.0,10000.0,91,1.0
BDNF-64,1,1.092706535015051,0.9165662334945084,1.03730565278052,0.0120250312958418,0.9126800525190012,1.418080421209295,0.0371255409158541,0.8388036532442665,18.10189272280712,92,1.0
BDNF-64,1,1.499300244287719,1.987329998891797,1.702160220541505,0.0444310762311204,0.833053637044247,3.364660625230996,0.1679643270979625,1.325505019067031,15.17701319514,93,1.0
BDNF-64,1,0.2483972179141346,9.853773019035488e-08,0.0388844090582018,0.5796518649146449,0.4464488111701412,4.847965178675784,0.0,3.966941780500021e-07,4.23099844620852,94,1.0
BDNF-64,1,1.033904586897339,8.307529972897445,3.158305318387034,1.6193505446929,0.2031823686918894,3.880276530411414,0.7537376774114278,8.035103120905623,66.23546840913929,95,1.0
BDNF-64,1,2.782591902495613,0.9720038416038514,2.139522527992836,0.3669471693384168,0.5446730431620375,3.660616313442437,0.015951139781118,0.3493159887125719,8.53607298912828,96,1.0
BDNF-64,1,2.468475613050439,0.6678401863452498,1.214881638463149,0.5903845926585234,0.4422704376967538,2.094145910603982,0.0135308749833716,0.2705476136018864,4.274164575804951,97,1.0
BDNF-64,1,1.184443801567499,0.7630199472961458,0.8388925068080041,0.0449280236895006,0.8321364332689721,1.250625130180438,0.0317516579950432,0.6442010556232056,10.10458279547413,98,1.0
BDNF-64,1,1.221703490102884,3.094000281689821,1.587095535621508,0.4018424447334539,0.5261392725477491,1.922883478144934,0.2626303957584842,2.532529625031409,25.69358660171836,99,1.0
BDNF-64,1,1.167069923436346,4.689732397079883,2.342809189662673,0.9283704828024996,0.3352867124262985,2.091566376136178,0.5902308007337929,4.018381677827264,27.65356060354735,100,1.0
BDNF-64,1,4.143410510479454,0.9097895310113314,3.334225884540243,0.4781623862289166,0.4892558612997195,3.664241930391437,0.0096179435968197,0.2195750405880144,6.102075179687345,101,1.0
BDNF-64,1,1.696347819830924,0.8971220074119907,1.381241898960257,0.0920642734546532,0.7615690812797468,4.424397315604711,0.0229128436142791,0.5288549888910207,13.90039400521896,102,1.0
BDNF-64,1,6.423178902624118,0.8622882151172666,4.137238966072255,0.8638762803783493,0.352656210810514,7.057298739837922,0.0059190979907713,0.1342463331925861,3.236155654390322,103,1.0
BDNF-64,1,0.0,0.0,0.0,0.0,1.0,0.0,0.0,0.0,0.0,104,1.0
BDNF-64,1,1.811274152108891,2.329299609277919,2.052952721259988,0.0318840603138284,0.8582823546781868,2.978917137225914,0.1983092254791079,1.286000579517951,17.75986956001388,105,1.0
BDNF-64,1,1.128826872241351,0.5275150198259153,0.7044745090831954,0.1833323959461666,0.6685249358040841,3.357842580843759,0.0237624453673037,0.4673125992992207,9.598369961856108,106,1.0
BDNF-64,1,3.05229390124358,31.88585268846548,5.300856089145274,3.959472509732649,0.046608306485058,4.28571487135672,1.406173439648702,10.44652111497991,127.3225424896059,107,1.0
BDNF-64,1,1.911624872623861,2.901119522530692,2.364456884629493,0.0570083054631567,0.8112884929722277,3.266219266552782,0.1736312962641191,1.517619677415407,24.1021915665619,108,1.0
BDNF-64,2,0.0,0.0,0.0,0.0,1.0,0.0,0.0,0.0,0.0,1,1.0
BDNF-64,2,1.036909475907177,110.1068049931463,1.000395606900482,0.5850172752901557,0.4443524017203966,13595.73394317967,0.0,106.1874807314452,1790.728686720516,2,1.0
BDNF-64,2,6.360224472325911,8.16385918813453,6.335728303239841,0.0006930389951236,0.9789976091776929,6989.541537764324,0.0,1.283580355324949,52.13734023719016,3,1.0
BDNF-64,2,6.483490375637875,5.026327400843106e-05,6.030783678104842,0.1974024372527765,0.6568257441824765,8846.790650157294,0.0,7.752502293717978e-06,23.35924937432657,4,1.0
BDNF-64,2,0.8403294560754834,2.349288459941117e-06,0.8263434630048888,0.0361319198967322,0.8492433224215059,2242.617525472472,0.0,2.795675485318332e-06,127.9480142042889,5,1.0
BDNF-64,2,1.60390872101717,0.0003575646876715,1.548358607575961,0.044429137123231,0.8330572264742286,2081.829956677294,0.0,0.0002229333147117,128.5535015933294,6,1.0
BDNF-64,2,0.0,0.0,0.0,0.0,1.0,0.0,0.0,0.0,0.0,7,1.0
BDNF-64,2,0.0,0.0,0.0,0.0,1.0,0.0,0.0,0.0,0.0,8,1.0
BDNF-64,2,0.0,0.0,0.0,0.0,1.0,0.0,0.0,0.0,0.0,9,1.0
BDNF-64,2,0.0,0.0,0.0,0.0,1.0,0.0,0.0,0.0,0.0,10,1.0
BDNF-64,2,0.0114510162162267,3.399921927733286e-08,0.0,-0.5822020565972341,1.0,0.9004745248456155,0.0,2.96910061389608e-06,991.8209642963172,11,1.0
BDNF-64,2,0.0017051612598864,3.311986891642238,1.364035833778818e-06,-4.973868074742427e-05,1.0,33033.89987981383,0.0,1942.330599196667,10000.0,12,1.0
BDNF-64,2,9.941817319139608e-11,23.59127582432518,0.0,2.097955912710866,0.1474962077055378,976.3178102074754,0.0,10000.0,10000.0,13,0.491654025685126
BDNF-64,2,0.0005970277042558,339.900199361943,1.35895362932204,0.283724401114835,0.5942704383365541,3196.976958664737,4447.733491509459,10000.0,10000.0,14,1.0
BDNF-64,2,8.94276627060151e-08,3364.201800231891,1.374319450665804,0.3194982778751942,0.5719093176985725,3436.52069760072,0.0,10000.0,10000.0,15,1.0
BDNF-64,2,2.8505908644812077e-11,1681.946801898074,41.7922751836004,2.997488817580155,0.0833936831469571,31601.4746805312,0.0,10000.0,10000.0,16,0.357401499201245
BDNF-64,2,0.4850506636098434,683.5915341678042,27.19623373924994,1.745912368177056,0.1863914309764918,20564.77155184727,12.27534625020629,1409.319861724093,10000.0,17,0.5083402662995231
BDNF-64,2,6.871620846843879e-09,0.0008531586519768,8.92667353939969e-07,-2.549396853623875e-06,1.0,1311.927729462262,0.0,10000.0,10000.0,18,1.0
BDNF-64,2,3.96534773867917,3.955073085750211e-06,3.261265230806164,1.144251238178825,0.284755808463768,3193.767003951069,0.0,9.974088898109143e-07,3.579294656660709,19,0.7118895211594201
BDNF-64,2,1.388259629416073e-07,13.79870328755432,1.066029491087994e-17,2.240577849462255,0.1344307343630885,3451.400140719848,0.0,10000.0,10000.0,20,0.491654025685126
BDNF-64,2,0.9699388762701424,4.774508036359882,1.057571544250739,0.3987731130746255,0.527723553474323,1481.441012348258,0.0,4.922483419491385,56.03640946258314,21,1.0
BDNF-64,2,0.3749739751302368,7.731622838561859,0.5150441030942752,1.932822284625132,0.1644500033168793,1570.709715016117,0.0,20.61909186064578,164.1351006120373,22,0.4933500099506379
BDNF-64,2,0.3440902830030454,32.46818022761699,0.6210834286351163,8.882214742841683,0.0028796200829135,1596.11237016037,8.96148919992067,94.35948014646384,491.0234059655564,23,0.0287962008291353
BDNF-64,2,2.899406555641079,6.86197567761389,3.288392864974209,0.2965309561460714,0.5860654175614144,3135.362427465115,0.0,2.366682817993649,26.17753617299224,24,1.0
BDNF-64,2,0.2861677402830259,105.7730415819217,1.45567985505798,15.11267435603285,0.0001012810163224,3466.595956973313,75.47429728558686,369.6190265098014,1728.094199243882,25,0.0030384304896735
BDNF-64,2,1.724993304740384,31.51723171376942,13.39131300937847,4.68851735784196,0.0303648373462145,10682.14483553174,3.270371899298663,18.27092987964544,92.05072700438366,26,0.1821890240772872
BDNF-64,2,5.249217581403942e-08,13.4854345698339,0.0,3.003663682406099,0.0830764571364635,261.9818502460657,0.0,10000.0,10000.0,27,0.357401499201245
BDNF-64,2,5.399450558668542e-07,40.22360796531375,0.0,8.225753760501092,0.0041300048151887,1276.27782594373,0.0,10000.0,10000.0,28,0.0309750361139157
BDNF-64,2,0.167209090418212,94.05211643306966,0.422100034066023,12.6792721018108,0.0003697314762552,1228.729854586619,73.1400834315772,562.48207676887,2438.127957714817,29,0.0055459721438294
BDNF-64,2,1.296084933486968,7.144766451249936e-05,1.266486535120946,0.0691327454484422,0.792603711338496,1512.656539443717,0.0,5.512575809386011e-05,58.99182407959751,30,1.0
BDNF-64,3,0.0,0.0,0.0,0.0,1.0,0.0,0.0,0.0,0.0,1,1.0
BDNF-64,3,6.481180542103397e-06,4.951891426863374e-07,9.4750777832345e-09,-5.211783665970415e-06,1.0,0.2308531785760917,0.0,0.0764041580803779,10000.0,2,1.0
BDNF-64,3,0.0,0.0,0.0,0.0,1.0,0.0,0.0,0.0,0.0,3,1.0
BDNF-64,3,2.305519900827058,3.114604221600731e-07,0.9969686088512008,1.628359582643863,0.2019300915868767,0.1225526330693986,0.0,1.350933566213603e-07,1.522560673026933,4,0.9053231710153616
BDNF-64,3,0.0,0.0,0.0,0.0,1.0,0.0,0.0,0.0,0.0,5,1.0
BDNF-64,3,1.13210883778834,9.836140042483491e-06,0.6952629274620151,0.9660254381070246,0.3256734275384534,0.0854653814373477,0.0,8.688334296284738e-06,3.534779338394004,6,0.9921166731247912
BDNF-64,3,0.0,0.0,0.0,0.0,1.0,0.0,0.0,0.0,0.0,7,1.0
BDNF-64,3,2.374229182395757e-07,2.562538556924532e-07,0.0,-3.079142132378365e-06,1.0,0.110158280266585,0.0,1.079313899401556,10000.0,8,1.0
BDNF-64,3,0.0,0.0,0.0,0.0,1.0,0.0,0.0,0.0,0.0,9,1.0
BDNF-64,3,0.0,0.0,0.0,0.0,1.0,0.0,0.0,0.0,0.0,10,1.0
BDNF-64,3,0.0,0.0,0.0,0.0,1.0,0.0,0.0,0.0,0.0,11,1.0
BDNF-64,3,0.0,0.0,0.0,0.0,1.0,0.0,0.0,0.0,0.0,12,1.0
BDNF-64,3,1.744390379357873e-07,6.478077731040922e-06,8.365225282741164e-08,-6.807821360865773e-06,1.0,0.0903702188131119,0.0,37.13662840439171,10000.0,13,1.0
BDNF-64,3,1.869053408290245,1.6436771926293e-07,1.366575249007551,1.244589899217679,0.26458829851196,0.1679866282355781,0.0,8.794169205324572e-08,2.695659524498369,14,0.9701570945438532
BDNF-64,3,0.0,0.0,0.0,0.0,1.0,0.0,0.0,0.0,0.0,15,1.0
BDNF-64,3,0.0,0.0,0.0,0.0,1.0,0.0,0.0,0.0,0.0,16,1.0
BDNF-64,3,0.0,0.0,0.0,0.0,1.0,0.0,0.0,0.0,0.0,17,1.0
BDNF-64,3,0.0,0.0,0.0,0.0,1.0,0.0,0.0,0.0,0.0,18,1.0
BDNF-64,3,1.379352588324337,6.857537873364763e-05,1.084162809652278,0.9461330326925363,0.3307055577082637,0.1332710035393244,0.0,4.971562696449809e-05,3.670380637261879,19,0.9921166731247912
BDNF-64,3,0.0,0.0,0.0,0.0,1.0,0.0,0.0,0.0,0.0,20,1.0
BDNF-64,3,5.317948359806434,6.415797944472233e-06,2.219415113320444,3.364097711636315,0.0666320753997383,0.2728221968040256,0.0,1.206442317673382e-06,0.7146106193678476,21,0.9053231710153616
BDNF-64,3,6.907753331556051e-05,1.492927661976525e-05,3.046747452751365e-07,-0.0001699475527168,1.0,0.070363655488378,0.0,0.2161234760883139,10000.0,22,1.0
BDNF-64,3,0.0,0.0,0.0,0.0,1.0,0.0,0.0,0.0,0.0,23,1.0
BDNF-64,3,0.0,0.0,0.0,0.0,1.0,0.0,0.0,0.0,0.0,24,1.0
BDNF-64,3,1.937786800835916,3.829472349043168e-05,0.8933509214624963,1.507818382845677,0.2194722838825119,0.1098154011151447,0.0,1.976209326738743e-05,1.733414256967283,25,0.9053231710153616
BDNF-64,3,1.977519954480403,1.175328736282341e-06,1.243077608855902,1.8467535491672,0.1741614484542852,0.1528056477630181,0.0,5.943448174160955e-07,1.663200067526569,26,0.9053231710153616
BDNF-64,3,2.03447661225588,2.385424520189452e-07,1.261933930075028,1.883507044076417,0.1699360841765293,0.1551235660955411,0.0,1.17250034029363e-07,1.616637699951776,27,0.9053231710153616
BDNF-64,3,2.165616001701401,2.159056463986677e-06,1.447846189465025,1.582352222902589,0.2084221999497828,0.1779768803381821,0.0,9.96971052250459e-07,1.996715862993353,28,0.9053231710153616
BDNF-64,3,0.0,0.0,0.0,0.0,1.0,0.0,0.0,0.0,0.0,29,1.0
BDNF-64,3,2.282879418931156,1.810175982913907e-09,1.36595470748497,2.024759269298158,0.1547534449347319,0.1679103479985376,0.0,7.929354340412037e-10,1.477097470093117,30,0.9053231710153616
BDNF-64,3,0.0,0.0,0.0,0.0,1.0,0.0,0.0,0.0,0.0,31,1.0
BDNF-64,3,1.827650649375563,1.91209765447343,1.856337130060134,0.0011705476683232,0.9727070868573512,0.4776663796397221,0.0515100877490849,1.046205222604615,5.064126278998374,32,1.0
BDNF-64,3,7.977562003500013,1.647453518472162,4.085037163306454,2.045493217017338,0.1526575012782707,0.7265900371678471,0.0115500455832464,0.2065109011687244,0.977373078260916,33,0.9053231710153616
BDNF-64,4,0.0,0.0,0.0,0.0,1.0,0.0,0.0,0.0,0.0,1,1.0
BDNF-64,4,0.1878999182505233,4.697296724177984e-05,0.1500777932358456,0.5014023808737278,0.4788845755359626,0.176432561081405,0.0,0.0002499892904644,6.998899462967908,2,0.6730269710235149
BDNF-64,4,0.7314824365224205,5.095362885096983e-06,0.5399050539436164,2.380456225899685,0.1228616613560667,0.3367232366516407,0.0,6.965803457046923e-06,1.395954588049866,3,0.3220477777223132
BDNF-64,4,0.0,0.0,0.0,0.0,1.0,0.0,0.0,0.0,0.0,4,1.0
BDNF-64,4,3.305432911483609e-07,2.242734784137097e-06,4.65808747305412e-09,-1.306598478834076e-05,1.0,0.0444582600499119,0.0,6.784995624462606,10000.0,5,1.0
BDNF-64,4,0.4139900254174029,1.700900869121389e-08,0.28924342017759,1.414062581616722,0.2343831506866814,0.1557128925541401,0.0,4.108555193827353e-08,2.294917202375363,6,0.4383696720264589
BDNF-64,4,4.02801470393336e-07,0.3793325940274851,0.1872441878215878,1.404058606353708,0.2360452080142471,0.1942040414960608,667.6183423097285,10000.0,10000.0,7,0.4383696720264589
BDNF-64,4,0.0,0.0,0.0,0.0,1.0,0.0,0.0,0.0,0.0,8,1.0
BDNF-64,4,0.647228861719631,0.4710221988815231,0.5906625248149686,0.0778733810175111,0.7802002956000545,0.3179805100001934,0.0409763471010824,0.7277521549797051,3.347051670773555,9,1.0
BDNF-64,4,0.4251862257937155,6.653647857421032e-07,0.2381062856412592,1.139212323157679,0.2858188291829453,0.1281834464886313,0.0,1.564878505883004e-06,2.540205123339425,10,0.4505525507593594
BDNF-64,4,0.9808093643016834,1.158797438829339e-07,0.6715751706565779,3.68375431941972,0.0549449997532501,0.3615394684735445,0.0,1.181470610911611e-07,0.8580976299201314,11,0.2116399990495562
BDNF-64,4,0.8208946602973054,1.730076862695078,1.059184969764749,0.8028533983111288,0.3702416173688768,0.661771531785691,0.4909322312674763,2.107550391506374,6.383073845017464,12,0.540328444977442
BDNF-64,4,3.459882226161554e-06,1.4339979058562642e-08,0.0,-3.059043944020345e-05,1.0,0.103793484271238,0.0,0.0041446436962889,10000.0,13,1.0
BDNF-64,4,0.3884495761522399,1.500894713360169e-06,0.2819250361599562,1.248392385079015,0.2638597453294684,0.1517730734788848,0.0,3.863808343484825e-06,2.695096441188882,14,0.4404230263061198
BDNF-64,4,2.84345786597613e-07,1.920207445731189e-06,2.155903162736346e-09,-1.746103269084642e-05,1.0,0.0351023783423517,0.0,6.753071563703307,10000.0,15,1.0
BDNF-64,4,0.7022863725039689,7.295816656879921e-07,0.3867105714792756,2.329273203991626,0.1269611431405273,0.2475416449940883,0.0,1.03886632896877e-06,1.215445895163415,16,0.3220477777223132
BDNF-64,4,0.2443763771618426,7.47665367943875e-07,0.1636086155699402,0.7900879298184798,0.3740735388305368,0.0880779624356779,0.0,3.059482985332581e-06,4.026999058344094,17,0.540328444977442
BDNF-64,4,0.1986240755649626,1.082112192345225e-06,0.1318530897534253,0.812332493626716,0.3674315456734778,0.1077815296790222,0.0,5.448041428347923e-06,3.883288339258751,18,0.540328444977442
BDNF-64,4,0.0,0.0,0.0,0.0,1.0,0.0,0.0,0.0,0.0,19,1.0
BDNF-64,4,2.13222899898676e-07,6.244196500178829e-07,0.0,-6.401867324257182e-06,1.0,0.046960436206743,0.0,2.928483058407931,10000.0,20,1.0
BDNF-64,4,2.457052297952728,0.3876890715562287,1.266841809418852,3.594317987428369,0.0579774135998406,0.7121646992771733,0.0088922564352243,0.1577862513871846,0.7165556310597281,21,0.2153446790851224
BDNF-64,4,0.6405803441284114,2.6062152139707556e-10,0.4277148916813697,1.615251745580025,0.2037551370633307,0.6343563664308668,0.0,4.068521986132486e-10,1.969154033595557,22,0.4198045937092927
BDNF-64,4,1.640458282429349,3.587691558105654e-06,0.8915872649255393,5.618821802352443,0.017768589941161,0.5923883948287059,0.0,2.187005665753751e-06,0.4871194166974445,23,0.1087019619929851
BDNF-64,4,0.2669669601124946,0.5184056256373073,0.3549830976850521,0.2095111209269902,0.6471508525099173,0.191103551861025,0.1098924992793537,1.941834395607836,9.036318958319471,24,0.8973825154804187
BDNF-64,4,0.0,0.0,0.0,0.0,1.0,0.0,0.0,0.0,0.0,25,1.0
BDNF-64,4,0.5499168409452297,4.750432663985212e-07,0.2382236741757093,1.600827565100268,0.205785972185544,0.2860801284808514,0.0,8.638456417919273e-07,1.552656733295971,26,0.4198045937092927
BDNF-64,4,0.9586148671992732,1.3704893571716e-09,0.6782922832986377,3.383895563735436,0.0658362733576627,0.5027866227362052,0.0,1.4296558545724161e-09,0.953191074735358,27,0.2282324143065641
BDNF-64,4,1.690342051192201,1.666633661128758e-06,1.134358064539691,5.339730246778487,0.0208446984042705,0.6577010983726215,0.0,9.859742056072488e-07,0.5765039503768074,28,0.1170601826439027
BDNF-64,4,2.983668141406954,1.021155321329944e-05,2.006231275813969,7.761281231960396,0.0053378082472388,1.191159469293471,0.0,3.422482906723054e-06,0.3904323750935123,29,0.0692738678191167
BDNF-64,4,1.576976774645233,1.530630619946488e-07,0.9828002016295372,5.928866796191947,0.0148948171145695,0.5290860621982929,0.0,9.706107563257097e-08,0.5022301073422136,30,0.1003057084932173
BDNF-64,4,0.9155392981244704,1.050864647766507,0.9559729089142353,0.0236381671370367,0.8778091551320081,0.6122402994655465,0.1863215935622783,1.147809438567255,3.776322660554932,31,1.0
BDNF-64,4,0.8012199973090667,1.399548165656078e-06,0.6198017410071329,1.950986768244462,0.1624805567958175,0.4023528243729321,0.0,1.746771386581117e-06,1.760875094363662,32,0.3771696309553182
BDNF-64,4,4.42402954881511,2.578144670786468,3.482744100608494,0.1774881323194144,0.6735408461187515,1.874919600932145,0.0328974798756402,0.582759369560941,3.004846815308955,33,0.9216874736361864
BDNF-64,4,6.867997640821547e-06,15.6816657230043,0.0,1.578789150827186,0.2089351928410544,0.6047991488510372,1460.267733827272,10000.0,10000.0,34,0.4198045937092927
BDNF-64,4,0.0,0.0,0.0,0.0,1.0,0.0,0.0,0.0,0.0,35,1.0
BDNF-64,4,0.0,0.0,0.0,0.0,1.0,0.0,0.0,0.0,0.0,36,1.0
BDNF-64,4,0.0,0.0,0.0,0.0,1.0,0.0,0.0,0.0,0.0,37,1.0
BDNF-64,4,3.721892792123107,0.4258245164447892,2.236075942023389,6.711782791408012,0.0095777923976165,1.319276288330249,0.0062094122630644,0.1144107421218554,0.5267406721579486,38,0.083007534112677
BDNF-64,4,3.619434867285714,2.999955782987882e-07,2.157731524628444,10.34161895654888,0.001300638846452,1.262796039946037,0.0,8.288464616680915e-08,0.2696392107954756,39,0.0270532880062024
BDNF-64,4,5.353966866132574,1.645432080298838e-05,2.318550902936565,1.233153062018914,0.2667947178585149,1.3794056765262,0.0,3.073295224718886e-06,2.34024713091084,40,0.4404230263061198
BDNF-64,4,1.14578908917273,0.6007160917650828,1.146758895979363,-2.765048439101747e-06,1.0,0.760748669332091,0.0,0.5242815605783132,10000.0,41,1.0
BDNF-64,4,99.5434080060677,0.1033869526743645,99.5119992603105,-4.141963110271263e-06,1.0,53.57183661828705,0.0,0.0010386117448185,10000.0,42,1.0
BDNF-64,4,0.0,0.0,0.0,0.0,1.0,0.0,0.0,0.0,0.0,43,1.0
BDNF-64,4,0.0,0.0,0.0,0.0,1.0,0.0,0.0,0.0,0.0,44,1.0
BDNF-64,4,0.0,0.0,0.0,0.0,1.0,0.0,0.0,0.0,0.0,45,1.0
BDNF-64,4,0.0,0.0,0.0,0.0,1.0,0.0,0.0,0.0,0.0,46,1.0
BDNF-64,4,0.0,0.0,0.0,0.0,1.0,0.0,0.0,0.0,0.0,47,1.0
BDNF-64,4,0.8205595327025489,9.522645079842548e-08,0.632287613929666,1.997767138323169,0.1575311206810815,0.3403891892534461,0.0,1.160506300923627e-07,1.707750484818095,48,0.3771696309553182
BDNF-64,4,0.9806962223343396,4.495224771351841e-07,0.6421433977595989,3.321907281417467,0.0683624770980162,0.3456950060896767,0.0,4.583707644607737e-07,0.9313523615749868,49,0.2293450844578609
BDNF-64,4,0.4266542498691544,6.380929495383187e-08,0.2200112092340283,1.302994913532206,0.2536668921099824,0.1184420436016506,0.0,1.495573874475662e-07,2.131900575119484,50,0.4404230263061198
BDNF-64,4,1.067063618801529,2.676933532348275e-06,0.689061193755205,4.222754529903028,0.0398853614656112,0.3709529902549012,0.0,2.508691595497247e-06,0.7229248779698318,51,0.1659231036969429
BDNF-64,4,2.499539375043514,2.592406999699154e-06,1.242751469494514,7.362193368771194,0.0066609488287612,0.6690296564813337,0.0,1.037153895466849e-06,0.3481918867791232,52,0.0692738678191167
BDNF-64,4,0.8984272554570013,7.576220985862297e-07,0.5617839973985846,2.739351404472782,0.0979044971487962,0.3024338848290893,0.0,8.432759513744399e-07,1.1091150807879,53,0.3006044176024652
BDNF-64,4,4.124256242004393,3.903860090481249e-07,1.680611235179035,10.70287895552721,0.0010696894959154,0.9047494892988032,0.0,9.465609946155937e-08,0.2065183657604951,54,0.0270532880062024
BDNF-64,4,0.92598785369956,5.1876637751710336e-08,0.604761370606738,2.440815244372914,0.1182147733518698,0.3255705601336182,0.0,5.602302184035114e-08,1.278635869073617,55,0.3220477777223132
BDNF-64,4,4.441035920536511,3.920763904256583e-07,1.541281558756174,12.37477067419901,0.0004351742508408,0.8297419855114555,0.0,8.828489511030402e-08,0.161748908731673,56,0.0226290610437231
BDNF-64,4,1.826951844470777,5.426835660503973e-07,1.066755876264956,5.131172846546448,0.0234998431291084,0.5742832215175566,0.0,2.97043169305647e-07,0.5544228159250181,57,0.1212387497623275
BDNF-64,4,3.691473056787577e-08,0.5371788925366887,0.2721724673339923,1.357488651457015,0.2439731948550904,0.1465228219751798,1464.144365018127,10000.0,10000.0,58,0.4404230263061198
BDNF-64,4,1.011293168693171,2.811626133708839e-06,0.7569797727609435,2.73332452406769,0.0982745211392674,0.4075166513700166,0.0,2.780228543758603e-06,1.223006825407732,59,0.3006044176024652
BDNF-64,4,1.095473849396418,1.372593797945573e-06,0.8259821003397877,2.623291300360727,0.1053058119647944,0.508415668406992,0.0,1.2529681093728e-06,1.278692618938138,60,0.3129086984096748
BDNF-64,4,3.4268131173468,3.816559075217658e-06,1.636347188735795,8.85176037157352,0.0029280635338133,0.9701693942810122,0.0,1.113734231930517e-06,0.2767034198535254,61,0.0507531012527649
BDNF-64,4,1.96134520897586,4.694124982670164e-08,0.8516557705457027,4.532684965308075,0.0332534061430913,0.4584850483743901,0.0,2.3933191164860062e-08,0.5343200850853905,62,0.1571979199491591
BDNF-64,4,2.056193329432385e-07,0.469435778784438,0.2179914388034709,1.528020494002526,0.2164097766297534,0.1173547092870298,1459.422078576654,10000.0,10000.0,63,0.4198045937092927
BDNF-64,4,1.718390025533018e-06,6.985593710025207e-07,0.0,-1.280907479639382e-05,1.0,0.1020694032816098,0.0,0.4065196844853882,10000.0,64,1.0
BDNF-64,4,1.33000695086406,0.4254635001508855,0.9303221708776324,1.193484286447607,0.274627859517918,0.5371692759516614,0.0179990277400185,0.3198956966912666,1.478560843518079,65,0.4462702717166167
BDNF-64,4,0.8399391486931113,6.071823241100232e-06,0.6200032977337346,2.376778143553864,0.1231513018130088,0.5592017358353023,0.0,7.228884676404928e-06,1.403839105081803,66,0.3220477777223132
BDNF-64,4,1.464203235149508,2.067041719211489e-07,1.001982480908552,4.249575890097461,0.0392601338283752,0.6315481863872118,0.0,1.411717765396431e-07,0.7397921294720267,67,0.1659231036969429
BDNF-64,4,0.2390536351921217,8.11898968022657e-10,0.153126507956998,0.8802978820243901,0.3481201049765118,0.0824349659053923,0.0,3.396304630005536e-09,3.520455313375203,68,0.532418984081724
BDNF-64,4,2.288058620576793,0.8774196828840091,1.537326335235479,1.281473186693745,0.2576253008322296,1.238713465838299,0.0617709262524725,0.3834777985988933,1.252491734701148,69,0.4404230263061198
BDNF-64,4,1.763385553395587,5.953365640258003e-06,1.041088079370706,5.060236192145105,0.0244809013943161,0.5604650786625118,0.0,3.376099814810302e-06,0.5669609070975569,70,0.1212387497623275
BDNF-64,4,3.023837384139519,8.385989710018834e-07,1.617145935372915,7.772913680403825,0.005303543396657,0.8705832309840624,0.0,2.773293879493853e-07,0.3393249703501892,71,0.0692738678191167
BDNF-64,4,1.984855496643548,0.3980636908889001,1.087118236324701,2.402830995826548,0.1211158916733508,0.6901245061317127,0.010989813061598,0.2005504640322875,0.9246616504065736,72,0.3220477777223132
BDNF-64,4,2.080940207423539,0.808083672080241,1.594341531099118,0.7989807358501082,0.3713982876059102,1.156092733589947,0.0201599573499016,0.388326233112074,1.830289288204941,73,0.540328444977442
BDNF-64,4,1.260804930085009,3.831415915548193e-06,0.4936695599469577,3.505188097814351,0.0611768982317737,0.2657647842017395,0.0,3.038864953748128e-06,0.6578465331494363,74,0.21939301434843
BDNF-64,4,1.364847165070386,1.004023212088163e-07,0.6812158799639371,3.916799823016024,0.0478058003604237,0.3667295009092032,0.0,7.356305070512305e-08,0.6755105183802647,75,0.1912232014416948
BDNF-64,4,0.5523801829167132,6.07749280226216e-07,0.3444918637778902,1.840708265820577,0.1748679569198847,0.1854556433376669,0.0,1.100237298552492e-06,1.653495628369104,76,0.3933167450449985
BDNF-64,4,0.0,0.0,0.0,0.0,1.0,0.0,0.0,0.0,0.0,77,1.0
BDNF-64,4,0.8845547924049673,1.315694246360433e-06,0.6305149499514544,2.145233672508134,0.1430132600956455,0.4609574026799139,0.0,1.487408420210199e-06,1.534638395217601,78,0.3541280726177888
BDNF-64,4,12.76092709198962,2.680591835319659e-07,2.987052113662474,17.51090485797852,2.856645112203626e-05,1.608066052264095,0.0,2.100624677185358e-08,0.0845496038572464,79,0.0029709109166917
BDNF-64,4,2.837917740007287,0.4283119906398783,1.682695053253676,4.433040493198121,0.0352496608150306,0.9418951570162966,0.0085276106748878,0.1509247377405586,0.6901833702197863,80,0.1593897706418778
BDNF-64,4,0.6348162989625963,5.762306637337828e-07,0.4258131582188401,2.330224383126861,0.1268835864407674,0.2292345959439961,0.0,9.077124589829326e-07,1.349910374268503,81,0.3220477777223132
BDNF-64,4,2.200177331745968,4.416207798870208e-08,1.263342856103202,6.971341290601458,0.0082825390685919,0.6801149367223521,0.0,2.0072053898335962e-08,0.3981706086461723,82,0.0783076421030516
BDNF-64,4,0.566188108197856,6.917795717537871e-07,0.382325880065648,1.534218432226822,0.2154804357812774,0.2058234156088221,0.0,1.221819324244872e-06,2.091640782231412,83,0.4198045937092927
BDNF-64,4,0.0,0.0,0.0,0.0,1.0,0.0,0.0,0.0,0.0,84,1.0
BDNF-64,4,0.6299221185829913,5.09940513210026e-07,0.4526402396718538,1.94433703914622,0.1631983980095127,0.2436768344200503,0.0,8.095294611294748e-07,1.690075832021905,85,0.3771696309553182
BDNF-64,4,0.8954934060691039,8.163827916697876e-10,0.3800171043081468,3.262563759349391,0.070878230657174,0.2045804965780674,0.0,9.116569548551075e-10,0.741690537037381,86,0.2303542496358155
BDNF-64,4,1.617583320404548,3.446628114661396e-07,0.7134506996858916,5.86650636215424,0.0154316474604949,0.3840829709268962,0.0,2.130726789269449e-07,0.4183713270507321,87,0.1003057084932173
BDNF-64,4,0.578211894366161,7.468195079319674e-07,0.3750584628228078,1.73222514995625,0.1881269747048384,0.2019110342672323,0.0,1.291601772998176e-06,1.79894219533296,88,0.4076084451938165
BDNF-64,4,0.0,0.0,0.0,0.0,1.0,0.0,0.0,0.0,0.0,89,1.0
BDNF-64,4,0.400688358012287,1.91810936666392e-07,0.2726840343369742,1.517650019177321,0.2179754621182866,0.1467982217672327,0.0,4.787035431174424e-07,2.099977032116591,90,0.4198045937092927
BDNF-64,4,0.4118998747438055,1.153997544449343e-06,0.3180225844927972,1.011488504792041,0.314546503317251,0.1712060260472387,0.0,2.801645776578857e-06,3.40055852053665,91,0.4882512887312552
BDNF-64,4,0.4619741273964577,5.390494563270092e-09,0.2410333404612809,1.262304499972437,0.2612153306210837,0.1297592132680805,0.0,1.1668390595051812e-08,2.202712222632265,92,0.4404230263061198
BDNF-64,4,1.827533498517509,1.7737383269371211e-09,1.080996469621239,6.263287250870491,0.0123265275031029,0.5819495808139332,0.0,9.705640571710304e-10,0.4604711157830024,93,0.0986122200248233
BDNF-64,4,1.733252938899608,3.82733227603662e-07,1.086034235978551,6.112495355551658,0.0134229485654762,0.5846616396432309,0.0,2.20817873152806e-07,0.4854558383422131,94,0.0997133322006804
BDNF-64,4,2.118943391397599,1.237959234422225e-05,1.398996011585721,5.295059942214792,0.0213859949060976,0.7531432020198323,0.0,5.842342176048881e-06,0.574603641729301,95,0.1170601826439027
BDNF-64,4,0.4170545105006198,2.102121564018482e-08,0.3000827866293131,1.294274790208014,0.255261653366996,0.1615482166649386,0.0,5.040400022278041e-08,2.552257099712385,96,0.4404230263061198
BDNF-64,4,2.551212556544481,2.770192844423217e-07,1.279575923155042,7.533244409096504,0.006057073072306,0.6888539352590011,0.0,1.085833807660204e-07,0.3442234682873612,97,0.0692738678191167
BDNF-64,4,0.1813128003808814,5.017876950626101e-07,0.1399431934262747,0.5132819938804545,0.4737215471704629,0.0753377879029695,0.0,2.767524929340406e-06,6.732786227416415,98,0.6730269710235149
BDNF-64,4,4.263135773390212,4.491449642883163e-07,2.786771669230657,10.60506079080557,0.0011277854965107,1.500245977030026,0.0,1.05355538308633e-07,0.2723541453036243,99,0.0270532880062024
BDNF-64,4,0.0,0.0,0.0,0.0,1.0,0.0,0.0,0.0,0.0,100,1.0
BDNF-64,4,0.5805655401848184,5.0201742658589946e-08,0.3672147436884247,1.816345372934123,0.1777489136261051,0.1976884033978864,0.0,8.647041407695093e-08,1.696697696284107,101,0.3933167450449985
BDNF-64,4,0.0,0.0,0.0,0.0,1.0,0.0,0.0,0.0,0.0,102,1.0
BDNF-64,4,0.0,0.0,0.0,0.0,1.0,0.0,0.0,0.0,0.0,103,1.0
BDNF-64,4,0.3173298497691818,6.375774560809612e-07,0.1778963311979509,1.138698163579058,0.2859275802895935,0.1326290076918238,0.0,2.009194711889599e-06,2.528877175589678,104,0.4505525507593594
BDNF-64,5,0.0,0.0,0.0,0.0,1.0,0.0,0.0,0.0,0.0,1,1.0
BDNF-64,5,0.4770244493404098,2.955195005920872e-06,0.3915583344607316,1.157871846585408,0.2819073383928117,0.2264620255521431,0.0,6.195059833949964e-06,3.04643075827041,2,0.4377855137394252
BDNF-64,5,0.321865216188312,1.546577343448685e-06,0.182024018372854,1.137797252829643,0.2861182607147559,0.1052755726847924,0.0,4.80504654017611e-06,2.545971722986298,3,0.4391582606319509
BDNF-64,5,1.324732020845447,5.125348102820142e-07,0.9296182830983114,4.218314840776792,0.0399898579246723,0.5376548545970541,0.0,3.868969740422771e-07,0.7570497413269923,4,0.1552547425310809
BDNF-64,5,1.400395028893427,1.940519999109927e-07,0.9577118663702614,4.391832711510915,0.0361114756707646,0.5539030843315733,0.0,1.385694721183993e-07,0.7161844024740278,5,0.1537649931787398
BDNF-64,5,1.236353486915511,6.060168442657057e-07,0.5347261772123746,3.15260068755429,0.0758060543656817,0.3092647060470448,0.0,4.901647066791661e-07,0.7779139255048854,6,0.1819345304776362
BDNF-64,5,0.0,0.0,0.0,0.0,1.0,0.0,0.0,0.0,0.0,7,1.0
BDNF-64,5,1.336341242049815,3.877216684919724e-07,0.9096884032453444,3.695901765680041,0.0545462897001788,0.5261281916114997,0.0,2.901367227859e-07,0.8526137000905346,8,0.1712774196183804
BDNF-64,5,0.0003487377784566,0.3985972061449558,0.3955112884956189,0.0079037826696684,0.929158823863211,0.2287482595532351,64.30901482675776,1142.971111156684,5240.547271280626,9,1.0
BDNF-64,5,1.04949604055277,9.828007544773405e-06,0.5955981883184823,3.292741311871339,0.0695867520890176,0.3444706963715955,0.0,9.36450178468228e-06,0.8695396555159733,10,0.1805073422681432
BDNF-64,5,0.5893253657478194,1.819682082396334e-06,0.3692410269039341,1.855605256803617,0.173132874743459,0.2135545677626336,0.0,3.087737586328504e-06,1.646767296321971,11,0.3312107169005303
BDNF-64,5,0.3977295247288708,1.881619675806317e-06,0.2921738598057074,1.224469196676441,0.2684853503292952,0.1689819326566372,0.0,4.730902683397726e-06,2.724818759639849,12,0.4325569703392476
BDNF-64,5,0.0,0.0,0.0,0.0,1.0,0.0,0.0,0.0,0.0,13,1.0
BDNF-64,5,1.235842583369063,4.410484256603029e-07,0.5240565986881045,3.240522879703413,0.0718377080119895,0.3030938391499792,0.0,3.568807480787311e-07,0.7456187998391683,14,0.1805073422681432
BDNF-64,5,2.448293047514431,1.22909522826685e-06,1.603690920447196,6.363681989244171,0.0116479582764799,0.927512102900914,0.0,5.020212876537221e-07,0.477060363162678,15,0.0904429701467851
BDNF-64,5,0.0,0.0,0.0,0.0,1.0,0.0,0.0,0.0,0.0,16,1.0
BDNF-64,5,2.957428931365875,2.570108848239318e-07,1.96443805967544,8.181779027315514,0.0042313242291894,1.136154138255067,0.0,8.69034863688956e-08,0.3702439419456231,17,0.0580853512707992
BDNF-64,5,0.5776317828488117,2.356622949304628e-06,0.3680469476167018,1.775223798180889,0.1827369119892982,0.212863959007162,0.0,4.079801387801139e-06,1.736173438537308,18,0.3445896054655337
BDNF-64,5,0.5173767347036132,9.459592455917743e-10,0.3425973047260938,1.624471282102615,0.2024694565787419,0.1981448809762389,0.0,1.828376079055199e-09,1.933563965116874,19,0.3640002697927016
BDNF-64,5,2.983979485336123,8.598931596330582e-07,1.998395330551748,8.110727875608461,0.0044004053993029,1.155793695552353,0.0,2.881699300745018e-07,0.3731138916691271,20,0.0580853512707992
BDNF-64,5,0.2512148408876678,2.736238753865359e-07,0.1632098753226936,0.8543491024083032,0.3553249022431811,0.0943942082259435,0.0,1.089202669793256e-06,3.669708656216151,21,0.5391136447827576
BDNF-64,5,0.0,0.0,0.0,0.0,1.0,0.0,0.0,0.0,0.0,22,1.0
BDNF-64,5,0.1562397175255765,3.245091637644443e-05,0.1280224037527022,0.3790375698248702,0.5381187632667644,0.074043150964518,0.0,0.0002076995330661,9.299531415244353,23,0.755656135651201
BDNF-64,5,0.5668547831348486,1.440274851507617e-06,0.2472930166286007,1.613070241594816,0.2040607573080297,0.143024608396451,0.0,2.540818026695545e-06,1.545775246651578,24,0.3640002697927016
BDNF-64,5,1.221156925033951,2.739434228136227e-05,0.7565802318155351,3.772600333405379,0.0520985803735676,0.437576413807223,0.0,2.243310562285076e-05,0.794401139328149,25,0.1712774196183804
BDNF-64,5,2.119041531999743,4.182461800513079e-06,1.176321083169137,6.555236739854394,0.0104575924773655,0.6803381048217464,0.0,1.973751687899238e-06,0.4219684125033062,26,0.0887034857184738
BDNF-64,5,0.0,0.0,0.0,0.0,1.0,0.0,0.0,0.0,0.0,27,1.0
BDNF-64,5,1.222139626476867,0.444818853694404,0.853286874709479,0.8398337784149774,0.3594443146511821,0.4935077535506925,0.0205703066047501,0.3639672947817829,1.682979514862505,28,0.5391664719767731
BDNF-64,5,1.188525346322238,1.150957960239706e-06,0.7290333370545423,3.829837220675302,0.0503478221862804,0.4655202081552312,0.0,9.683915987161898e-07,0.7772323528228454,29,0.1712774196183804
BDNF-64,5,12.49648257568838,4.405091652028339e-07,2.656460058970673,18.8230217758066,1.434254302723481e-05,1.536392595451689,0.0,3.525065253640527e-08,0.0692767519765867,30,0.0009466078397974
BDNF-64,5,1.777795691984047,9.942273684316993e-08,0.7768047996393904,4.583310384974709,0.0322847862385818,0.4492735127889489,0.0,5.592472593530289e-08,0.5313054765008229,31,0.1469514408100969
BDNF-64,5,0.0,0.0,0.0,0.0,1.0,0.0,0.0,0.0,0.0,32,1.0
BDNF-64,5,3.003656641427916,2.927676913115963e-06,1.625340449910931,8.332646530592129,0.0038938889464847,0.9400333439603356,0.0,9.747042563840343e-07,0.3228085605054564,33,0.0580853512707992
BDNF-64,5,2.918415968327428,2.498841764831085e-06,1.895117864071244,7.544622667649193,0.0060189425230614,1.096062048452364,0.0,8.562322136221025e-07,0.3932790845293054,34,0.0722273102767374
BDNF-64,5,1.095894012246364,6.95598870118944e-06,0.6970395209117582,3.330272185950847,0.0680156177067047,0.4031403954482876,0.0,6.347318831436129e-06,0.9151574833872242,35,0.1805073422681432
BDNF-64,5,1.771758786034557,1.127992984587057e-06,1.108994049666018,5.260405202559326,0.0218159390386791,0.6413987820193552,0.0,6.366515540818409e-07,0.5660591059123247,36,0.1107578443502173
BDNF-64,5,0.9193218314053112,1.304099918664695e-09,0.5312109061833944,3.224391130907492,0.0725487713074679,0.3457050615098357,0.0,1.4185455779628301e-09,0.8963312075814883,37,0.1805073422681432
BDNF-64,5,0.5497423584037715,1.43737411266275e-07,0.3619158999405004,1.647538337171444,0.1992943080373065,0.2093180008361488,0.0,2.614632273991584e-07,1.922722120409551,38,0.3640002697927016
BDNF-64,5,0.0,0.0,0.0,0.0,1.0,0.0,0.0,0.0,0.0,39,1.0
BDNF-64,5,1.097839251263674,1.356052626348408e-06,0.8367487658132755,3.212366739100595,0.0730836973481107,0.4839427582235103,0.0,1.23520144209411e-06,1.046096012325579,40,0.1805073422681432
BDNF-64,5,0.606695507124211,2.470840101865706e-06,0.4344055732580467,1.981880858814797,0.159192402438287,0.2512431925798354,0.0,4.072619745575009e-06,1.65310422594132,41,0.318384804876574
BDNF-64,5,0.0,0.0,0.0,0.0,1.0,0.0,0.0,0.0,0.0,42,1.0
BDNF-64,5,0.0,0.0,0.0,0.0,1.0,0.0,0.0,0.0,0.0,43,1.0
BDNF-64,5,0.0,0.0,0.0,0.0,1.0,0.0,0.0,0.0,0.0,44,1.0
BDNF-64,5,2.318044017490166,8.07652876421211e-06,1.503892052409137,5.390710544745303,0.0202442257814249,0.8697923410809135,0.0,3.484199913061562e-06,0.5616630928272552,45,0.1068895121259236
BDNF-64,5,1.98806987953748,2.23819878265384e-08,1.299286641424726,6.505862840135606,0.0107519376628453,0.7514565741401505,0.0,1.125814945284796e-08,0.4637667213619633,46,0.0887034857184738
BDNF-64,5,1.427920656356147,5.248253825282751e-07,0.8823843350944878,4.600526079512953,0.0319621469274207,0.5103365865425573,0.0,3.675451995123846e-07,0.6458960520048402,47,0.1469514408100969
BDNF-64,5,2.780535674572566,4.429092967228579e-06,1.645145112295282,6.873010433522673,0.0087507120031388,0.9514875860596984,0.0,1.592891976798476e-06,0.4132208908475236,48,0.0880540842014572
BDNF-64,5,0.0,0.0,0.0,0.0,1.0,0.0,0.0,0.0,0.0,49,1.0
BDNF-64,5,3.804604069241837,1.000236394815361e-07,2.309970623091404,9.291553773629587,0.0023021281431849,1.335996658050163,0.0,2.6290157309711413e-08,0.3017887065172278,50,0.0506468191500695
BDNF-64,5,0.0,0.0,0.0,0.0,1.0,0.0,0.0,0.0,0.0,51,1.0
BDNF-64,5,1.255668066020914,8.064018749951485e-08,0.9496179552210434,3.719582714340973,0.0537778091925144,0.5492218827016409,0.0,6.422094316299331e-08,0.8953762534780071,52,0.1712774196183804
BDNF-64,5,1.778274715536548,1.953148138256909e-05,0.972360557621192,5.064122808720235,0.0244260642556876,0.5623753144241777,0.0,1.098338811879017e-05,0.5473788076275512,53,0.1194163141389172
BDNF-64,5,2.23631690165929,4.881575371766328e-07,1.179356060497541,5.82607008911539,0.0157903597811548,0.6820934170008169,0.0,2.182863872353835e-07,0.4591811409297524,54,0.0976943569808077
BDNF-64,5,0.0,0.0,0.0,0.0,1.0,0.0,0.0,0.0,0.0,55,1.0
BDNF-64,5,2.096176377211767,2.0628943357029172e-08,1.424221695455284,5.952560362243915,0.0146959260665011,0.8237141227815112,0.0,9.841224994849334e-09,0.5224461501144396,56,0.0976943569808077
BDNF-64,5,1.36653403876655,1.789323525959758e-06,0.8840245700610528,4.299014676198702,0.0381344608971488,0.5112852342923783,0.0,1.30938818587704e-06,0.7101918418055547,57,0.1552547425310809
BDNF-64,5,5.321921152107942,9.69076979050136e-07,2.794336713045412,10.99643459636195,0.0009128732630623,1.673316146653002,0.0,1.820915701966568e-07,0.2323188462790504,58,0.0401664235747425
BDNF-64,5,0.0,0.0,0.0,0.0,1.0,0.0,0.0,0.0,0.0,59,1.0
BDNF-64,5,0.0,0.0,0.0,0.0,1.0,0.0,0.0,0.0,0.0,60,1.0
BDNF-64,5,1.382432386951588,9.01767921532676e-07,0.8943952727452557,3.393497052066721,0.0654539885686156,0.5172832430935395,0.0,6.523052628426704e-07,0.9048367056749744,61,0.1805073422681432
BDNF-64,5,0.0,0.0,0.0,0.0,1.0,0.0,0.0,0.0,0.0,62,1.0
BDNF-64,5,0.4899152824462344,1.819090471654231e-07,0.2486327491195122,1.33042904780066,0.2487289041482684,0.1437994572679677,0.0,3.7130714979357e-07,2.057572117413878,63,0.4209258377893772
BDNF-64,5,3.093611300060068,6.320028426201926e-08,1.749016208860149,6.962961439878427,0.0083214186389736,1.011562565581712,0.0,2.0429290603118792e-08,0.395999753386252,64,0.0880540842014572
BDNF-64,5,1.752771557871493,1.187873900691934e-08,0.860339326804158,3.963912700634516,0.0464855340545689,0.4975866159982768,0.0,6.777117618992225e-09,0.6607434466308537,65,0.1704469582000859
BDNF-64,5,0.0,0.0,0.0,0.0,1.0,0.0,0.0,0.0,0.0,66,1.0
BDNF-64,5,1.147383904295348,2.811717709865278e-11,0.5718135384309153,2.647371274114199,0.1037212862376818,0.3307145851704248,0.0,2.450546586316338e-11,1.009361435820481,67,0.2173207902122856
BDNF-64,5,0.4899152824462344,1.819090471654231e-07,0.2403813441485356,1.396079273653804,0.2373811326586999,0.1390271673716182,0.0,3.7130714979357e-07,1.918653410805025,68,0.4069390845577712
BDNF-64,5,0.0,0.0,0.0,0.0,1.0,0.0,0.0,0.0,0.0,69,1.0
BDNF-64,5,0.4780412823588691,1.751930762789542e-05,0.2460154681579036,1.310857079379733,0.2522395351645,0.1422857243300102,0.0,3.664810608290425e-05,2.108742053008826,70,0.4214635271103037
BDNF-64,5,1.478168902468329,2.434136349554525e-06,0.709880822600892,4.244682216535182,0.0393734378054674,0.4105673020808651,0.0,1.646724095933738e-06,0.6105961397020606,71,0.1552547425310809
BDNF-64,5,0.5886179797957598,1.846672396642755e-07,0.3622651951359948,1.921595944678177,0.1656808311675245,0.2095200195151695,0.0,3.137302053334351e-07,1.577857954622702,72,0.326415965882287
BDNF-64,5,0.2849309019549368,6.096129448832383e-08,0.1883832205354122,0.8181793205883956,0.3657130280475334,0.108953486486862,0.0,2.139511512091628e-07,3.843440519807704,73,0.542405839351398
BDNF-64,5,0.0,0.0,0.0,0.0,1.0,0.0,0.0,0.0,0.0,74,1.0
BDNF-64,5,0.7538116584165153,4.396263770365319e-08,0.5388927049820316,2.66633344497366,0.102491895905693,0.3116744627427753,0.0,5.83204534087503e-08,1.223485816053627,75,0.2173207902122856
BDNF-64,5,0.4944590702948404,1.008463931811166e-07,0.2668160870929588,1.20670042707275,0.2719865798345269,0.1543159887432514,0.0,2.039529644404805e-07,2.342200634717069,76,0.4325569703392476
BDNF-64,5,3.451414228687042,1.300431125949685e-07,2.072871091168908,8.476069981676417,0.0035984866286264,1.198867562507905,0.0,3.7678210721301463e-08,0.3326857870795021,77,0.0580853512707992
BDNF-64,5,1.138826787766485,2.3022202070783752e-08,0.6540947097985992,3.195439639792355,0.0738439127460586,0.378302796409477,0.0,2.0215718771364572e-08,0.9030820150659424,78,0.1805073422681432
BDNF-64,5,2.246774265917443,7.263596032191735e-06,1.160674681322855,6.239549098963913,0.0124928278084696,0.7157115547796565,0.0,3.2328997809781e-06,0.4242505931282921,79,0.0916140705954438
BDNF-64,5,0.9504800618484194,6.909744480127106e-08,0.564848221517896,3.034768500119526,0.0814981740577799,0.326686118303777,0.0,7.269741636336458e-08,0.9700547539343096,80,0.1921028388504812
BDNF-64,5,0.0,0.0,0.0,0.0,1.0,0.0,0.0,0.0,0.0,81,1.0
BDNF-64,5,1.13795193222182,1.510742933649785e-06,0.6501226909571066,3.48333080509564,0.0619898485216805,0.37600553606993,0.0,1.327598197140103e-06,0.8266667600731695,82,0.1805073422681432
BDNF-64,5,0.618944522482172,3.717496216209438e-08,0.3728711015997597,2.007338022593341,0.156539780893156,0.2156540609828571,0.0,6.006186469347933e-08,1.489442170986349,83,0.3178961704291783
BDNF-64,5,0.6627384905325596,1.856829049189935e-07,0.2577800897536155,1.89268620265031,0.1688992555872255,0.1490899213089577,0.0,2.801752238198562e-07,1.244850953948243,84,0.3278632608457906
BDNF-64,5,0.0,0.0,0.0,0.0,1.0,0.0,0.0,0.0,0.0,85,1.0
BDNF-64,5,1.032902340312188,1.161201820818273e-07,0.6247445849749059,2.952236630634523,0.0857587943927309,0.3613278321887923,0.0,1.1242125954205e-07,1.008400285789707,86,0.1982762157599304
BDNF-64,5,0.3917806041643657,7.727298300022752e-06,0.2112658999382865,1.219491795825554,0.2694604104035631,0.2086756547349191,0.0,1.972353459534939e-05,2.320812691978577,87,0.4325569703392476
BDNF-64,5,3.970896839421265,1.565967599065139e-06,1.704638474114717,10.20811178355053,0.0013982426061641,0.985896219560225,0.0,3.943611890187934e-07,0.2261366476659871,88,0.0461420060034175
BDNF-64,5,0.0,0.0,0.0,0.0,1.0,0.0,0.0,0.0,0.0,89,1.0
BDNF-64,5,1.342257229538637,4.733745628048773e-07,0.5544536776626161,3.336583028591246,0.0677551777393824,0.3206743207017687,0.0,3.526705257289518e-07,0.7141050181958033,90,0.1805073422681432
BDNF-64,5,1.68972486732243,3.871809786652409e-07,1.060062777089174,4.424915782994006,0.035417860924085,0.6130988478196213,0.0,2.291384746433751e-07,0.6785291979384118,91,0.1537649931787398
BDNF-64,5,1.002063748453782,1.62424711556497e-07,0.545559215108761,2.322598156947066,0.1275068953683436,0.3155301115323113,0.0,1.620901981606697e-07,1.212745337862169,92,0.2629829716972086
BDNF-64,5,1.00963176260095,1.266327552345874e-06,0.4777012860810089,2.881741486838933,0.0895890835732287,0.2762837394427071,0.0,1.254246943542704e-06,0.8966529513257147,93,0.200436593757054
BDNF-64,5,0.0,0.0,0.0,0.0,1.0,0.0,0.0,0.0,0.0,94,1.0
BDNF-64,5,0.0,0.0,0.0,0.0,1.0,0.0,0.0,0.0,0.0,95,1.0
BDNF-64,5,0.2876151286213699,7.706962522818187e-07,0.1920197658361986,0.7999632148470717,0.3711043679567398,0.1110567220519086,0.0,2.679609574002623e-06,3.992117074246583,96,0.5442864063365517
BDNF-64,5,1.628025169909282,1.361873267401888e-06,0.8361922826107034,3.658169022333148,0.0557949169968966,0.4836209101049821,0.0,8.365185579273171e-07,0.7350614393346598,97,0.1712774196183804
BDNF-64,5,1.596732530021171,9.237934809748446e-06,1.050357578381129,3.981307859318598,0.0460078272404363,0.6074857404882783,0.0,5.785524272888687e-06,0.7744017051954211,98,0.1704469582000859
BDNF-64,5,18.99606165911183,1.128118800203388e-06,4.132909647783831,20.15119526540028,7.155551907778168e-06,2.390313288951291,0.0,5.938698349414254e-08,0.0609489449164807,99,0.0009445328518267
BDNF-64,5,0.4993457407258107,7.484644468545268e-08,0.3309303578585197,1.621273245267862,0.2029143431326544,0.1913971752396752,0.0,1.498890219363073e-07,1.943176945745551,100,0.3640002697927016
BDNF-64,5,0.1927215303243123,1.696471927419087e-07,0.1451983919526933,0.5659404078226586,0.4518766148567341,0.0839770707315095,0.0,8.802710961065223e-07,6.015077742768671,101,0.6483447082727054
BDNF-64,5,2.031953782612029,6.308152746745402e-07,1.205380212795328,5.827827549125132,0.0157745920547214,0.6971447688019502,0.0,3.104476489930997e-07,0.493560501365397,102,0.0976943569808077
BDNF-64,5,2.002068002715163,1.15943975236394e-08,1.293150987210841,5.720155665813238,0.0167712434642197,0.7479079517279178,0.0,5.7912106421536754e-09,0.5296059953694131,103,0.0976943569808077
BDNF-64,5,0.5438897288702711,1.286143218436225e-06,0.3703843522788842,1.520797912272755,0.2174987853251235,0.2142158224403894,0.0,2.364713194911236e-06,2.111156962664578,104,0.3827978621722173
BDNF-64,5,0.0,0.0,0.0,0.0,1.0,0.0,0.0,0.0,0.0,105,1.0
BDNF-64,5,0.0,0.0,0.0,0.0,1.0,0.0,0.0,0.0,0.0,106,1.0
BDNF-64,5,0.4931147646487302,4.44285232852368e-06,0.2352957215208062,1.453536697924513,0.2279613062220215,0.1770628334205216,0.0,9.009773478773328e-06,1.811541065004787,107,0.3959327950171952
BDNF-64,5,0.0,0.0,0.0,0.0,1.0,0.0,0.0,0.0,0.0,108,1.0
BDNF-64,5,0.0,0.0,0.0,0.0,1.0,0.0,0.0,0.0,0.0,109,1.0
BDNF-64,5,3.566785702609699,5.611585098821686e-06,2.26561569090706,9.677572195767809,0.00186530945214,1.31034350013813,0.0,1.573289108654853e-06,0.2958704626905454,110,0.0492441695364967
BDNF-64,5,1.185685793621217,7.857196790629224e-08,0.7971310455032757,3.887535841552292,0.0486457478786007,0.5042942961253212,0.0,6.626710746556614e-08,0.8033201850133721,111,0.1712774196183804
BDNF-64,5,0.8711060458600036,6.284160077819743e-08,0.5393401620774744,2.851898129193067,0.0912661252292583,0.3119332544252998,0.0,7.214001220271264e-08,1.058407134800993,112,0.2007854755043684
BDNF-64,5,0.0,0.0,0.0,0.0,1.0,0.0,0.0,0.0,0.0,113,1.0
BDNF-64,5,2.432994149151463,5.846237936234042e-08,1.629551153730874,6.756807522790837,0.0093390695365181,0.9424686503556856,0.0,2.402898477282812e-08,0.4506337748451862,114,0.0880540842014572
BDNF-64,5,0.0,0.0,0.0,0.0,1.0,0.0,0.0,0.0,0.0,115,1.0
BDNF-64,5,2.00597181972483,1.964345499419109e-06,0.7990682389744497,5.450157385451845,0.0195665639052981,0.4621498153059637,0.0,9.792488010567211e-07,0.4218818134293989,116,0.1068895121259236
BDNF-64,5,1.058049602429054,1.171806355785624e-06,0.6094543820696284,3.207571798668894,0.0732981873601107,0.3524845768771633,0.0,1.10751552015653e-06,0.9013917071808908,117,0.1805073422681432
BDNF-64,5,0.0,0.0,0.0,0.0,1.0,0.0,0.0,0.0,0.0,118,1.0
BDNF-64,5,0.0,0.0,0.0,0.0,1.0,0.0,0.0,0.0,0.0,119,1.0
BDNF-64,5,0.1656110807010138,1.7125330225511622e-08,0.1286699681360073,0.5000830635176676,0.479463627116742,0.0744176768755057,0.0,1.034069106549028e-07,6.932465383124224,120,0.6805290191334402
BDNF-64,5,1.049103207253379,1.506006429312832e-06,0.719578232712279,2.926774980444193,0.0871213675308785,0.4161759047925377,0.0,1.435517896523885e-06,1.085874787779177,121,0.1982762157599304
BDNF-64,5,0.0,0.0,0.0,0.0,1.0,0.0,0.0,0.0,0.0,122,1.0
BDNF-64,5,0.7935907289846204,9.538150134684419e-08,0.5664937342382993,2.661709593773331,0.1027902007722835,0.327637818499988,0.0,1.201897878379734e-07,1.223105105432156,123,0.2173207902122856
BDNF-64,5,0.0,0.0,0.0,0.0,1.0,0.0,0.0,0.0,0.0,124,1.0
BDNF-64,5,0.3958915442953451,1.392690933123898e-06,0.2954472358396958,1.16517785889279,0.2803942806961485,0.1708751253224805,0.0,3.517859760310807e-06,2.901024310450089,125,0.4377855137394252
BDNF-64,5,1.281331259770354,1.297948947374932e-06,0.967115636340172,3.2258011905515,0.0724863179919745,0.5593418570706219,0.0,1.012969079992286e-06,1.035337010765303,126,0.1805073422681432
BDNF-64,5,0.2809473394244123,8.918632412947595e-07,0.1890814877902485,0.78507743666378,0.3755927635008673,0.1093573369555917,0.0,3.174485450269628e-06,4.086889762183811,127,0.5448158767265328
BDNF-64,5,0.0,0.0,0.0,0.0,1.0,0.0,0.0,0.0,0.0,128,1.0
BDNF-64,5,2.15205380907701,1.259868287850402e-07,1.184348627832548,5.694052366856766,0.0170225015951407,0.6849809226720941,0.0,5.854260160858825e-08,0.4825575196115005,129,0.0976943569808077
BDNF-64,5,1.266757411360662,4.045038257341673e-07,0.6570010237940794,3.782233250790064,0.0517994809719993,0.3799836947492183,0.0,3.193222491587223e-07,0.7179109587640486,130,0.1712774196183804
BDNF-64,5,0.3899857339921452,3.00942546321243e-06,0.2847551973353549,1.2613998535486,0.2613862837262878,0.1646912684514237,0.0,7.71675782189777e-06,2.64931253472527,131,0.4312873681483748
BDNF-64,5,0.0,0.0,0.0,0.0,1.0,0.0,0.0,0.0,0.0,132,1.0
