&alpha;,&beta;<sup>1</sup>,p<sup>1</sup>,&beta;<sup>+</sup>,p<sup>+</sup>,LRT,p-value,# branches under selection,Total branch length,MEME LogL,FEL LogL,FEL &alpha;,FEL &beta;,CodonSite,adjusted_p-value
0.0,0.0,1.0,0.0,0.0,0.0,1.0,0.0,0.0,0.0,0.0,1.0,0.0,1,1.0
0.0,0.0,1.0,0.0,0.0,0.0,1.0,0.0,0.0,0.0,0.0,1.0,0.0,2,1.0
0.0002166068688714767,5.09751555848562e-06,1.0,0.005233367019168688,0.0,-0.001032337938259076,0.6666666666666666,0.0,0.0,-10.0775254471856,-10.0769134595787,0.9993881996192897,0.001068007833512233,3,0.8715083798882681
4.074259573435546,0.0,1.0,0.3615682296504879,0.0,0.0,0.6666666666666666,0.0,0.0,-13.87016894475532,-13.87032601041302,1.0,4.03684106198972,4,0.8715083798882681
0.001493850282897697,0.0001355875035567327,0.0006927985875746815,6.685798521765751,0.9993072014124253,2.632617563615931,0.1297185305633026,1.0,0.0,-29.66499928092146,-29.66384850822497,0.998849889188428,0.005916487541176333,5,0.8715083798882681
0.0,0.0,1.0,0.0,0.0,0.0,1.0,0.0,0.0,0.0,0.0,1.0,0.0,6,1.0
6.390763412058554,3.882848447787671,0.8844208066846584,4.601035016779207,0.1155791933153416,0.0,0.6666666666666666,0.0,0.0,-23.59303990188091,-23.59384581421318,1.0,6.349288291007107,7,0.8715083798882681
3.885870951070721,0.0,1.0,0.4200730255391817,0.0,0.0,0.6666666666666666,0.0,0.0,-8.058240592096963,-8.058247722881784,1.0,3.852450429152419,8,0.8715083798882681
8.633635549965062,0.0,1.0,0.6085580448273862,0.0,0.0,0.6666666666666666,0.0,0.0,-21.30362197668935,-21.30452057809143,1.0,8.744176322832578,9,0.8715083798882681
6.047463136283685,3.030144196423897,0.7885796504119931,84.90220159558795,0.2114203495880069,2.578243527216969,0.1335238492687325,1.0,0.0,-49.1356775221458,-48.24087325362253,0.4086875838063567,6.194430610114104,10,0.8715083798882681
0.0002555164075991344,0.0001978618590838904,1.0,0.01406471502522301,0.0,-0.001753982239634411,0.6666666666666666,0.0,0.0,-12.62940878241302,-12.62750664377765,0.998099669283733,0.000917180797679882,11,0.8715083798882681
3.160728187237547,0.0,1.0,0.1361789264641315,0.0,0.0,0.6666666666666666,0.0,0.0,-16.47631750897279,-16.47633925582965,1.0,3.134078822643167,12,0.8715083798882681
1.247906786640125e-06,9.86923828687686e-07,1.0,0.01781216067505387,0.0,-0.001159574410621644,0.6666666666666666,0.0,0.0,-12.06068730888217,-12.06119563347491,1.0,9.783976916774762e-05,13,0.8715083798882681
5.175771946683716,0.0,1.0,0.2988021683446905,0.0,0.0,0.6666666666666666,0.0,0.0,-15.15181352907907,-15.14702498156029,0.9952228992961466,5.211195553883514,14,0.8715083798882681
1.995591380055785,0.0,1.0,0.1459933244109838,0.0,0.0,0.6666666666666666,0.0,0.0,-8.03788404716397,-8.037767166145024,0.9998831258113672,2.010095414478778,15,0.8715083798882681
1.415769293520619,0.0,1.0,0.07757476158148634,0.0,0.0,0.6666666666666666,0.0,0.0,-14.35925581426785,-14.3573327970981,0.9980788306430232,1.432494302081831,16,0.8715083798882681
0.0,0.0,1.0,0.0,0.0,0.0,1.0,0.0,0.0,0.0,0.0,1.0,0.0,17,1.0
0.0002386318566670235,0.0001789738925002676,1.0,0.003278465843049566,0.0,-0.0004772192367248351,0.6666666666666666,0.0,0.0,-10.45375904756423,-10.453064518227,0.9993057117924058,0.0002386318566670235,18,0.8715083798882681
13.93425935450783,0.0,0.7784693788665016,9391.732061463548,0.2215306211334984,2.461681593231752,0.1420800221855342,1.0,0.0,-32.41149445222753,-31.06106924459442,0.2591300531019473,19.5652053276508,19,0.8715083798882681
4.835458385978836,0.0,1.0,0.2296198158978268,0.0,0.0,0.6666666666666666,0.0,0.0,-43.88046477539248,-43.88055486513732,1.0,4.858181484873924,20,0.8715083798882681
12.22921301894342,0.0,1.0,1.156349234045792,0.0,0.0,0.6666666666666666,0.0,0.0,-35.37312061491261,-35.37320976759546,1.0,12.26403795052485,21,0.8715083798882681
2.138332773957935,0.1064315176166908,0.0007819758959112384,3.805237985874813,0.9992180241040888,0.1731384644077991,0.5394609994084828,0.0,0.0,-16.26787642096033,-16.26806414635487,1.0,2.142642601255374,22,0.8715083798882681
0.0,0.0,1.0,0.0,0.0,0.0,1.0,0.0,0.0,0.0,0.0,1.0,0.0,23,1.0
4.396110102283659,0.0,1.0,1.011969162564212,0.0,0.0,0.6666666666666666,0.0,0.0,-25.84114709527149,-25.84028044854346,0.9991337287017363,4.304238685147812,24,0.8715083798882681
8.398090634217034,0.0,1.0,3.256255305176277,0.0,0.0,0.6666666666666666,0.0,0.0,-36.25530441681705,-36.25535156207017,1.0,8.30948204160768,25,0.8715083798882681
14.25838542796332,0.0,1.0,2.004139591257144,0.0,0.0,0.6666666666666666,0.0,0.0,-43.45010985180069,-43.44943926953349,0.9993296425228066,14.28598351187569,26,0.8715083798882681
27.7388830708859,0.0,1.0,2.092160893058574,0.0,0.0,0.6666666666666666,0.0,0.0,-51.53243749451762,-51.53212076409421,0.999683319730355,27.85154546138708,27,0.8715083798882681
9.811146327808435,0.0,1.0,0.4058931678904203,0.0,0.0,0.6666666666666666,0.0,0.0,-24.16303071829718,-24.16336242994617,1.0,9.69244293868947,28,0.8715083798882681
8.372344322008516,0.0,0.5383988141378062,103.8420381108075,0.4616011858621938,1.233211960587383,0.2779518778875912,2.0,0.0,-41.73094613630878,-41.11410101236178,0.5396442655581646,8.248993975547107,29,0.8715083798882681
4.361504806952764,0.0,1.0,1.264627324402601,0.0,0.0,0.6666666666666666,0.0,0.0,-29.01636458660065,-29.01657359090661,1.0,4.355017643865991,30,0.8715083798882681
29.61137823303637,0.0,0.2492737195786657,132.3336669179944,0.7507262804213344,0.2857549369267716,0.4957349087880165,1.0,0.0,-14.357045739898,-14.16215488558169,0.8229244717994354,29.75643410039336,31,0.8715083798882681
8.907834253163925e-05,2.048605514730716e-05,0.0007819187955302526,102.1094726848585,0.9992180812044698,1.15038526210796,0.2913259323645918,1.0,0.0,-6.881462036884441,-6.855402360950648,0.9742769469859871,0.3923150541923953,32,0.8715083798882681
0.0,0.0,1.0,0.0,0.0,0.0,1.0,0.0,0.0,0.0,0.0,1.0,0.0,33,1.0
0.0,0.0,1.0,0.0,0.0,0.0,1.0,0.0,0.0,0.0,0.0,1.0,0.0,34,1.0
0.0,0.0,1.0,0.0,0.0,0.0,1.0,0.0,0.0,0.0,0.0,1.0,0.0,35,1.0
30.14841820604145,0.0,0.7925304102688845,26.52379373638917,0.2074695897311155,0.0,0.6666666666666666,0.0,0.0,-63.27139241235294,-63.19544560342393,0.9268655062133637,30.06730653581042,36,0.8715083798882681
32.98055742889419,0.0,1.0,2.075796944137207,0.0,0.0,0.6666666666666666,0.0,0.0,-62.40589754076767,-62.40595357593178,1.0,32.91450115625699,37,0.8715083798882681
56.75838392973819,0.0,1.0,3.49259915188613,0.0,0.0,0.6666666666666666,0.0,0.0,-19.5067913269915,-19.50568297068687,0.9988922576952963,57.29858592786012,38,0.8715083798882681
9.545212136686311,0.0,0.9287155899265266,1.472989041598049,0.07128441007347341,0.0,0.6666666666666666,0.0,0.0,-13.14337738291102,-13.1441348554043,1.0,9.691339800788176,39,0.8715083798882681
850.458901473073,0.0,0.7598182020005712,0.2364996472883761,0.2401817979994288,0.0,0.6666666666666666,0.0,0.0,-10.88728451646886,-10.88794825102465,1.0,895.800101972367,40,0.8715083798882681
0.0,0.0,1.0,0.0,0.0,0.0,1.0,0.0,0.0,0.0,0.0,1.0,0.0,41,1.0
0.0,0.0,1.0,0.0,0.0,0.0,1.0,0.0,0.0,0.0,0.0,1.0,0.0,42,1.0
0.0,0.0,1.0,0.0,0.0,0.0,1.0,0.0,0.0,0.0,0.0,1.0,0.0,43,1.0
0.0,0.0,1.0,0.0,0.0,0.0,1.0,0.0,0.0,0.0,0.0,1.0,0.0,44,1.0
0.0,0.0,1.0,0.0,0.0,0.0,1.0,0.0,0.0,0.0,0.0,1.0,0.0,45,1.0
6.914547530209365,0.0,1.0,0.5533028466606468,0.0,0.0,0.6666666666666666,0.0,0.0,-19.64499941975704,-19.64397127402942,0.9989723826330524,6.984067366386028,46,0.8715083798882681
6.258156369394844,0.0,1.0,0.1926524895075732,0.0,0.0,0.6666666666666666,0.0,0.0,-21.28557135158733,-21.2832801954222,0.997711466529652,6.160586146415574,47,0.8715083798882681
3.91203112514023,0.0,1.0,0.2758539676163337,0.0,0.0,0.6666666666666666,0.0,0.0,-7.962402186688307,-7.962421633089394,1.0,3.88861864278498,48,0.8715083798882681
7.559429130545897,0.0,1.0,0.4794732077363185,0.0,0.0,0.6666666666666666,0.0,0.0,-21.34514849989027,-21.34003358860497,0.9948981475986607,7.580356669428167,49,0.8715083798882681
16.21205221196256,0.0,1.0,1.352382980024575,0.0,0.0,0.6666666666666666,0.0,0.0,-22.82940600536246,-22.82729607891874,0.9978922978863008,16.40989648217705,50,0.8715083798882681
7.525445221200654,0.0,1.0,1.138516668429308,0.0,0.0,0.6666666666666666,0.0,0.0,-14.30317806240523,-14.30353849416174,1.0,7.44307075180526,51,0.8715083798882681
33.83006758666848,0.0,1.0,1.031752338902,0.0,0.0,0.6666666666666666,0.0,0.0,-22.41041146276211,-22.40930401106669,0.9988931613028471,34.32080594713582,52,0.8715083798882681
7.13685809244127,0.0,1.0,0.4003082135605485,0.0,0.0,0.6666666666666666,0.0,0.0,-19.77140036992063,-19.77136427157472,0.9999639023056267,7.081464690226771,53,0.8715083798882681
35.85842173686839,0.0,1.0,0.8971340405348507,0.0,0.0,0.6666666666666666,0.0,0.0,-27.08432344310945,-27.08187071837981,0.9975502807418252,35.6984470390618,54,0.8715083798882681
15.18402189155022,0.0,1.0,0.7017754441744822,0.0,0.0,0.6666666666666666,0.0,0.0,-19.90917304957601,-19.90920561445183,1.0,15.04491241473041,55,0.8715083798882681
0.0002099169934593485,3.308279149868871e-05,0.001781295355733545,3.813007121913415,0.9982187046442664,1.283372582752037,0.2701966720565809,1.0,0.0,-8.259470850536418,-8.240356130745367,0.9810668080066238,0.07957041457472391,56,0.8715083798882681
7.513516807946903,0.0,1.0,0.3888812694916609,0.0,0.0,0.6666666666666666,0.0,0.0,-26.75003830813349,-26.7442793540869,0.9942575969415963,7.560025662402927,57,0.8715083798882681
10.45294216031889,0.0,1.0,0.8360629483229182,0.0,0.0,0.6666666666666666,0.0,0.0,-32.5424533285211,-32.54015850725988,0.9977078098279636,10.52037731193988,58,0.8715083798882681
23.72453549797441,0.0,1.0,1.600913482447274,0.0,0.0,0.6666666666666666,0.0,0.0,-38.21954619018111,-38.21946026744357,0.9999140809537082,23.83644655891145,59,0.8715083798882681
11.90567958182301,0.0,1.0,1.081532968807277,0.0,0.0,0.6666666666666666,0.0,0.0,-12.50135392545508,-12.49643417852522,0.9950923352030181,12.09914463704494,60,0.8715083798882681
4.094746606775076e-05,2.191716073093891e-06,0.0007218497679623438,3.513569005674695,0.9992781502320377,1.327903807189916,0.2635182427039467,1.0,0.0,-7.60116009636153,-7.601133092842947,0.9999729968460074,0.0001083307256206434,61,0.8715083798882681
1.171142259707095e-05,8.783566947803214e-06,1.0,0.0002925603953398853,0.0,-5.122546283331531e-05,0.6666666666666666,0.0,0.0,-13.44164700127057,-13.44159286345958,0.999945863654427,1.171142259707095e-05,62,0.8715083798882681
11.21718657904437,3.704521143574412,0.5510000599944739,3.711219625039705,0.4489999400055261,0.0,0.6666666666666666,0.0,0.0,-28.9292433018576,-28.92945886664504,1.0,11.16426389485374,63,0.8715083798882681
6.492698234920633,0.0,1.0,0.1366088431319927,0.0,0.0,0.6666666666666666,0.0,0.0,-40.68935038994936,-40.68888100585496,0.9995307260490544,6.405424585754014,64,0.8715083798882681
12.73670296145635,0.0,1.0,0.2144782164445045,0.0,0.0,0.6666666666666666,0.0,0.0,-36.57601205013258,-36.5766471439682,1.0,12.80200277134178,65,0.8715083798882681
4.343086441240076,0.0,1.0,0.3821367555105319,0.0,0.0,0.6666666666666666,0.0,0.0,-13.12159546041248,-13.12181874506371,1.0,4.302761319249127,66,0.8715083798882681
18.88132019815365,7.120413084063609,0.8484815563812039,8.070592662335136,0.1515184436187961,0.0,0.6666666666666666,0.0,0.0,-72.03623251817223,-72.03678634818374,1.0,18.98282697532126,67,0.8715083798882681
14.70031307065257,0.0,1.0,0.5251529710162354,0.0,0.0,0.6666666666666666,0.0,0.0,-20.16326535359992,-20.16307831898483,0.9998129828747889,14.84062662428141,68,0.8715083798882681
25.67775570628941,0.0,1.0,1.147701797442321,0.0,0.0,0.6666666666666666,0.0,0.0,-24.46536487455054,-24.46187042343773,0.996511647375606,25.44275213164217,69,0.8715083798882681
17.55395763392114,3.47527684379684,0.9371673139677533,3.629972753624431,0.06283268603224668,0.0,0.6666666666666666,0.0,0.0,-34.58242090586211,-34.58271895890486,1.0,17.39625796678461,70,0.8715083798882681
13.95523000011493,6.235026590027485,0.8419588023883706,6.203180982880248,0.1580411976116294,0.0,0.6666666666666666,0.0,0.0,-53.23850104847583,-53.23888679479029,1.0,14.20157993681471,71,0.8715083798882681
9.450259477705675,0.0,1.0,0.579966080304138,0.0,0.0,0.6666666666666666,0.0,0.0,-12.28931443826633,-12.28928962099403,0.9999751830356506,9.42462809101314,72,0.8715083798882681
11.91993615354494,0.0,1.0,0.5114828946984078,0.0,0.0,0.6666666666666666,0.0,0.0,-12.63170109822025,-12.63269477217923,1.0,11.56358765473006,73,0.8715083798882681
4.605073908892945,0.0,1.0,0.4016230677840065,0.0,0.0,0.6666666666666666,0.0,0.0,-13.57823614887013,-13.57842487439645,1.0,4.561869527486771,74,0.8715083798882681
0.0,0.0,1.0,0.0,0.0,0.0,1.0,0.0,0.0,0.0,0.0,1.0,0.0,75,1.0
7.648858001507183,0.0,1.0,0.3411683995812804,0.0,0.0,0.6666666666666666,0.0,0.0,-31.17189080499603,-31.17190109013275,1.0,7.631237758756374,76,0.8715083798882681
95.6922677582976,0.0,1.0,10.45828873736667,0.0,0.0,0.6666666666666666,0.0,0.0,-26.87652414159367,-26.8738725213908,0.9973518922366059,93.44072265962588,77,0.8715083798882681
22.29683446499143,0.0,0.7740975646029752,78.67384410691271,0.2259024353970248,0.2511063269477916,0.5082923993945432,1.0,0.0,-50.30663208160762,-50.04432144842425,0.7692720251590124,22.03047971516248,78,0.8715083798882681
5.68351013370103,0.0,1.0,0.1386661888677902,0.0,0.0,0.6666666666666666,0.0,0.0,-16.13620466228923,-16.1361268552599,0.9999221959975565,5.641637093764738,79,0.8715083798882681
16.89827133759441,0.0,1.0,1.053669081737686,0.0,0.0,0.6666666666666666,0.0,0.0,-30.38189991110789,-30.38190985490355,1.0,16.82222878809661,80,0.8715083798882681
4.670787696894187,0.0,1.0,0.3262738514098937,0.0,0.0,0.6666666666666666,0.0,0.0,-13.30407818290812,-13.30417341996637,1.0,4.619763568383348,81,0.8715083798882681
0.0,0.0,1.0,0.0,0.0,0.0,1.0,0.0,0.0,0.0,0.0,1.0,0.0,82,1.0
5.575317302881245,0.0,1.0,0.1361160946349675,0.0,0.0,0.6666666666666666,0.0,0.0,-16.36493993752941,-16.36496492187544,1.0,5.534400695277583,83,0.8715083798882681
12.52065769375681,0.0,1.0,1.057936419200846,0.0,0.0,0.6666666666666666,0.0,0.0,-17.36084788130101,-17.36077946522177,0.9999315862610856,12.6729326590037,84,0.8715083798882681
10.07886999086669,0.0,1.0,0.8233605880398147,0.0,0.0,0.6666666666666666,0.0,0.0,-15.43583433789776,-15.43603221718409,1.0,10.20661992511587,85,0.8715083798882681
4.780245218919843,0.0,1.0,0.7927378113185996,0.0,0.0,0.6666666666666666,0.0,0.0,-12.57999277423608,-12.58027751794017,1.0,4.823679147584534,86,0.8715083798882681
0.0,0.0,1.0,0.0,0.0,0.0,1.0,0.0,0.0,0.0,0.0,1.0,0.0,87,1.0
2.92194558904091,0.0,1.0,0.1247589682570847,0.0,0.0,0.6666666666666666,0.0,0.0,-12.91504666584183,-12.91512023003407,1.0,2.89756810002338,88,0.8715083798882681
3.806459030031065,0.0,1.0,0.3042846967666824,0.0,0.0,0.6666666666666666,0.0,0.0,-13.98300559541731,-13.97656298312505,0.9935780968364912,3.760094210180767,89,0.8715083798882681
3.600282483370911,0.0,1.0,0.3058558246113591,0.0,0.0,0.6666666666666666,0.0,0.0,-7.063478713738031,-7.063472326818912,0.9999936131012771,3.634183467255674,90,0.8715083798882681
13.17317799805754,0.0,1.0,0.6062113947060254,0.0,0.0,0.6666666666666666,0.0,0.0,-30.72826886147561,-30.72782874951299,0.9995599848724294,13.24979620665434,91,0.8715083798882681
12.91858684685981,0.0,1.0,0.8327502440739272,0.0,0.0,0.6666666666666666,0.0,0.0,-28.01839100666522,-28.01836262527565,0.9999716190131737,12.80456949837599,92,0.8715083798882681
14.12440670128446,0.0,1.0,0.6430183916814729,0.0,0.0,0.6666666666666666,0.0,0.0,-41.06546787360964,-41.06553849046109,1.0,14.06676212632737,93,0.8715083798882681
3.99223950120232,0.0,1.0,0.2839884559098202,0.0,0.0,0.6666666666666666,0.0,0.0,-13.85958845964201,-13.85974002591013,1.0,3.949798941111994,94,0.8715083798882681
16.84340274348018,0.0,1.0,0.4351880608693957,0.0,0.0,0.6666666666666666,0.0,0.0,-21.05277037910295,-21.05274222922198,0.9999718505152378,16.81052627760575,95,0.8715083798882681
1.394949197254261,0.0,1.0,0.1225555059755923,0.0,0.0,0.6666666666666666,0.0,0.0,-9.511103053783636,-9.511076759760693,0.9999737063227404,1.403689315233978,96,0.8715083798882681
27.34694570204842,0.0,1.0,0.6466566200859201,0.0,0.0,0.6666666666666666,0.0,0.0,-46.98169344745708,-46.98151622642665,0.9998227946722762,27.32929999024062,97,0.8715083798882681
0.0,0.0,1.0,0.0,0.0,0.0,1.0,0.0,0.0,0.0,0.0,1.0,0.0,98,1.0
4.968633021093855,0.0,1.0,0.350566676979685,0.0,0.0,0.6666666666666666,0.0,0.0,-11.50501072519982,-11.50361057591095,0.9986008304627466,4.983274267905696,99,0.8715083798882681
0.0,0.0,1.0,0.0,0.0,0.0,1.0,0.0,0.0,0.0,0.0,1.0,0.0,100,1.0
0.0,0.0,1.0,0.0,0.0,0.0,1.0,0.0,0.0,0.0,0.0,1.0,0.0,101,1.0
2.271354035711629,0.0,1.0,0.1161283965286753,0.0,0.0,0.6666666666666666,0.0,0.0,-13.90649264397859,-13.9057777960064,0.9992854074707145,2.221152273917562,102,0.8715083798882681
3.879675070211624,0.0,1.0,0.2101287248169028,0.0,0.0,0.6666666666666666,0.0,0.0,-13.1315449808249,-13.12700826659281,0.9954735611110516,3.81763058447935,103,0.8715083798882681
4.030600563601016,0.0,1.0,0.2043022073023001,0.0,0.0,0.6666666666666666,0.0,0.0,-22.47112352972315,-22.47070273445823,0.9995792932569592,3.984718264529323,104,0.8715083798882681
3.049419675391495,0.0,1.0,0.2172931209452401,0.0,0.0,0.6666666666666666,0.0,0.0,-9.003411810072958,-9.003401158327145,0.9999893483109166,3.031835868866433,105,0.8715083798882681
12.91296782094184,0.0,1.0,0.1916980770852714,0.0,0.0,0.6666666666666666,0.0,0.0,-27.0075938947953,-27.0020513107505,0.9944727477348808,12.89585162563454,106,0.8715083798882681
9.905769993860739,0.0,1.0,0.5228831440198775,0.0,0.0,0.6666666666666666,0.0,0.0,-27.32881073902238,-27.32896886809042,1.0,9.906156424770396,107,0.8715083798882681
8.357320864292088,0.0,1.0,0.5068281051820019,0.0,0.0,0.6666666666666666,0.0,0.0,-11.53464180562188,-11.53477167845961,1.0,8.41300520181885,108,0.8715083798882681
0.0,0.0,1.0,0.0,0.0,0.0,1.0,0.0,0.0,0.0,0.0,1.0,0.0,109,1.0
13.78027809670587,0.0,1.0,0.686891123676151,0.0,0.0,0.6666666666666666,0.0,0.0,-28.71281710346266,-28.71236340813368,0.999546407575157,13.66734731646428,110,0.8715083798882681
0.008628003122152589,0.0043893324158352,0.8849657782440229,142.9615959607516,0.1150342217559771,1.174909201224597,0.2872898046057029,1.0,0.0,-9.908266268512536,-9.323802865101612,0.5574048831141095,0.0898321689522424,111,0.8715083798882681
7.48292569072215,0.0,1.0,0.9429159619649494,0.0,0.0,0.6666666666666666,0.0,0.0,-17.55484826256099,-17.54703968885572,0.9922218340075467,7.618441724154835,112,0.8715083798882681
3.983150446867938,0.0,1.0,0.2091356837825171,0.0,0.0,0.6666666666666666,0.0,0.0,-13.99912112330567,-13.9993344342858,1.0,4.033708343946794,113,0.8715083798882681
3.20156343997337,0.0,1.0,0.1690363056727613,0.0,0.0,0.6666666666666666,0.0,0.0,-14.22961038014673,-14.22962554790614,1.0,3.222164902002731,114,0.8715083798882681
0.0,0.0,1.0,0.0,0.0,0.0,1.0,0.0,0.0,0.0,0.0,1.0,0.0,115,1.0
10.29817246317313,0.0,1.0,0.6605395070142144,0.0,0.0,0.6666666666666666,0.0,0.0,-12.3430306534391,-12.3430227620149,0.9999921086069382,10.44874836821185,116,0.8715083798882681
21.97324452254344,0.0,1.0,1.31634849770543,0.0,0.0,0.6666666666666666,0.0,0.0,-33.09630909083814,-33.09689516004013,1.0,22.05431778025359,117,0.8715083798882681
0.0,0.0,1.0,0.0,0.0,0.0,1.0,0.0,0.0,0.0,0.0,1.0,0.0,118,1.0
22.2027677148212,0.0,1.0,0.8239911108788505,0.0,0.0,0.6666666666666666,0.0,0.0,-40.73485516754465,-40.73496537134773,1.0,22.09866783496535,119,0.8715083798882681
3.924119612031665,0.0,1.0,0.3172319063560712,0.0,0.0,0.6666666666666666,0.0,0.0,-13.70724099525435,-13.70760508660285,1.0,3.883230486521104,120,0.8715083798882681
3.700470182244184,0.0,1.0,0.515136170641538,0.0,0.0,0.6666666666666666,0.0,0.0,-12.38422128899846,-12.38419489949625,0.9999736108459901,3.648565940448294,121,0.8715083798882681
25.60914098659002,0.0,1.0,1.631320923877073,0.0,0.0,0.6666666666666666,0.0,0.0,-41.22462559371801,-41.22691456117509,1.0,25.8601623035614,122,0.8715083798882681
2.212037521505472,0.0,1.0,0.1360089667875711,0.0,0.0,0.6666666666666666,0.0,0.0,-9.003880900570788,-9.005243861159583,1.0,2.149990913206317,123,0.8715083798882681
0.0,0.0,1.0,0.0,0.0,0.0,1.0,0.0,0.0,0.0,0.0,1.0,0.0,124,1.0
1.276321686648136,0.0,1.0,0.12771734831121,0.0,0.0,0.6666666666666666,0.0,0.0,-11.04285750090619,-11.0428953755766,1.0,1.309094688953844,125,0.8715083798882681
3.954741046418071,0.0,1.0,0.2164411869071668,0.0,0.0,0.6666666666666666,0.0,0.0,-8.967096675180333,-8.967217928101661,1.0,3.845348560066091,126,0.8715083798882681
9.976267363725622,0.0,1.0,0.4493391713953969,0.0,0.0,0.6666666666666666,0.0,0.0,-22.11385202091212,-22.11430814149112,1.0,9.927368592125957,127,0.8715083798882681
18.1300705574931,0.0,1.0,0.7281475310014233,0.0,0.0,0.6666666666666666,0.0,0.0,-26.15362270713578,-26.15363257027332,1.0,18.15869059424689,128,0.8715083798882681
0.0,0.0,1.0,0.0,0.0,0.0,1.0,0.0,0.0,0.0,0.0,1.0,0.0,129,1.0
10.34282768692636,0.0,0.6840501717467343,125.7516532471438,0.3159498282532657,0.8505517943308334,0.3465683455713138,1.0,0.0,-25.15563214996137,-24.63325092373404,0.5931065442270469,10.49348629543454,130,0.8715083798882681
10.37929808508517,0.0,1.0,0.8617117197186589,0.0,0.0,0.6666666666666666,0.0,0.0,-24.49403456665708,-24.49337408960828,0.9993397410181193,10.26314055515494,131,0.8715083798882681
100.8474668367121,0.0,1.0,5.147834787922241,0.0,0.0,0.6666666666666666,0.0,0.0,-28.05243427587443,-28.05280506454698,1.0,101.4825247343522,132,0.8715083798882681
9.467183717164609,0.0,1.0,0.4237160977234951,0.0,0.0,0.6666666666666666,0.0,0.0,-14.38226471653048,-14.3822262342725,0.999961518482446,9.478342530452174,133,0.8715083798882681
0.0,0.0,1.0,0.0,0.0,0.0,1.0,0.0,0.0,0.0,0.0,1.0,0.0,134,1.0
15.01373969339457,0.0,1.0,0.6866880181993122,0.0,0.0,0.6666666666666666,0.0,0.0,-32.79630375379963,-32.79636168714834,1.0,15.04491241473041,135,0.8715083798882681
19.79425388859366,0.0,1.0,1.027647855492877,0.0,0.0,0.6666666666666666,0.0,0.0,-33.43177977010501,-33.43172379632991,0.999944027791402,19.70523607491131,136,0.8715083798882681
7.471115031576401,0.0,1.0,0.881775715171842,0.0,0.0,0.6666666666666666,0.0,0.0,-20.66150048810372,-20.66147146017082,0.9999709724883977,7.573718875592022,137,0.8715083798882681
16.8276862360481,0.0,1.0,1.354523734679324,0.0,0.0,0.6666666666666666,0.0,0.0,-32.27982822434748,-32.27991560739358,1.0,16.8774891892635,138,0.8715083798882681
7.908470290452116,0.0,1.0,0.9350003569248676,0.0,0.0,0.6666666666666666,0.0,0.0,-21.1035375483897,-21.10381372857611,1.0,8.091155910258474,139,0.8715083798882681
4.216087554573748,0.0,1.0,0.4799307029927516,0.0,0.0,0.6666666666666666,0.0,0.0,-11.81658307455155,-11.81658334492982,1.0,4.256687076405452,140,0.8715083798882681
0.0,0.0,1.0,0.0,0.0,0.0,1.0,0.0,0.0,0.0,0.0,1.0,0.0,141,1.0
9.688371131376208,0.0,1.0,0.8311804022816244,0.0,0.0,0.6666666666666666,0.0,0.0,-26.97843900427475,-26.97844853180069,1.0,9.612764460727943,142,0.8715083798882681
4.424764288663346,0.0,1.0,0.2239699943727222,0.0,0.0,0.6666666666666666,0.0,0.0,-19.4281095851046,-19.42809956960051,0.999989984546059,4.363421865205459,143,0.8715083798882681
0.0,0.0,1.0,0.0,0.0,0.0,1.0,0.0,0.0,0.0,0.0,1.0,0.0,144,1.0
0.0,0.0,1.0,0.0,0.0,0.0,1.0,0.0,0.0,0.0,0.0,1.0,0.0,145,1.0
0.0,0.0,1.0,0.0,0.0,0.0,1.0,0.0,0.0,0.0,0.0,1.0,0.0,146,1.0
20.13141187420923,0.0,1.0,0.8316521499893825,0.0,0.0,0.6666666666666666,0.0,0.0,-34.1769817501191,-34.17747489349185,1.0,20.07217541642724,147,0.8715083798882681
18.79232985925173,0.0,1.0,1.224251638419156,0.0,0.0,0.6666666666666666,0.0,0.0,-37.8515892493897,-37.85160308008189,1.0,18.84333213656306,148,0.8715083798882681
12.54262584808685,0.0,1.0,1.000407376464223,0.0,0.0,0.6666666666666666,0.0,0.0,-27.43561858039865,-27.43507007386766,0.9994516438711923,12.63798008935901,149,0.8715083798882681
21.60930108269244,0.0,1.0,0.5065453338524274,0.0,0.0,0.6666666666666666,0.0,0.0,-31.17943247963249,-31.17953604163263,1.0,21.66107260435803,150,0.8715083798882681
0.0,0.0,1.0,0.0,0.0,0.0,1.0,0.0,0.0,0.0,0.0,1.0,0.0,151,1.0
24.7466880659304,0.0,1.0,1.370062892231863,0.0,0.0,0.6666666666666666,0.0,0.0,-41.78838387547544,-41.78819786902158,0.9998140108442592,24.7150177016546,152,0.8715083798882681
0.0,0.0,1.0,0.0,0.0,0.0,1.0,0.0,0.0,0.0,0.0,1.0,0.0,153,1.0
12.81776639389912,0.0,1.0,0.9775502407223939,0.0,0.0,0.6666666666666666,0.0,0.0,-34.68263394339824,-34.68251130022158,0.9998773643437009,12.78718341315644,154,0.8715083798882681
13.98580057199032,0.0,1.0,0.629577990707222,0.0,0.0,0.6666666666666666,0.0,0.0,-18.73936816049434,-18.73911307371399,0.9997449457515041,13.85672075199309,155,0.8715083798882681
25.43861102348249,0.0,1.0,0.4071144347265083,0.0,0.0,0.6666666666666666,0.0,0.0,-22.13512028667684,-22.13510995501813,0.999989668394653,25.41958891603056,156,0.8715083798882681
0.0,0.0,1.0,0.0,0.0,0.0,1.0,0.0,0.0,0.0,0.0,1.0,0.0,157,1.0
18.67663981092874,0.0,1.0,1.270744934619203,0.0,0.0,0.6666666666666666,0.0,0.0,-33.04202400897925,-33.04138832573291,0.9993645187574122,18.66023746034741,158,0.8715083798882681
10.2943019983528,0.0,1.0,0.605660645872018,0.0,0.0,0.6666666666666666,0.0,0.0,-22.40376491808652,-22.40410281960832,1.0,10.1800315075678,159,0.8715083798882681
40.62215043264602,0.0,1.0,2.342130922307187,0.0,0.0,0.6666666666666666,0.0,0.0,-58.48431651191011,-58.47552043225687,0.9912424926769923,41.06935339109366,160,0.8715083798882681
0.0,0.0,1.0,0.0,0.0,0.0,1.0,0.0,0.0,0.0,0.0,1.0,0.0,161,1.0
0.0,0.0,1.0,0.0,0.0,0.0,1.0,0.0,0.0,0.0,0.0,1.0,0.0,162,1.0
10.77887670494451,0.0,1.0,0.7012714974204984,0.0,0.0,0.6666666666666666,0.0,0.0,-16.13107175245998,-16.13088116407091,0.9998094297717326,10.69694276527932,163,0.8715083798882681
0.0,0.0,1.0,0.0,0.0,0.0,1.0,0.0,0.0,0.0,0.0,1.0,0.0,164,1.0
4.300839246163007,0.0,1.0,0.3549419484365918,0.0,0.0,0.6666666666666666,0.0,0.0,-10.40978996323771,-10.40981575020867,1.0,4.220985730253945,165,0.8715083798882681
24.73678274435051,0.0,1.0,1.657644089448822,0.0,0.0,0.6666666666666666,0.0,0.0,-25.21955371916661,-25.2196101822653,1.0,24.8195789981,166,0.8715083798882681
12.44761755482416,0.0,1.0,0.4674500942966986,0.0,0.0,0.6666666666666666,0.0,0.0,-14.11227744264579,-14.11192377125808,0.9996463911466206,12.56709342814209,167,0.8715083798882681
0.0,0.0,1.0,0.0,0.0,0.0,1.0,0.0,0.0,0.0,0.0,1.0,0.0,168,1.0
13.70839920518171,0.0,1.0,0.7839201668306975,0.0,0.0,0.6666666666666666,0.0,0.0,-17.18460800706671,-17.1846477356283,1.0,13.64731277954164,169,0.8715083798882681
4.300839246163007,0.0,1.0,0.3549419484365918,0.0,0.0,0.6666666666666666,0.0,0.0,-8.982394968744106,-8.982387806563738,0.9999928378452791,4.220985730253945,170,0.8715083798882681
0.0,0.0,1.0,0.0,0.0,0.0,1.0,0.0,0.0,0.0,0.0,1.0,0.0,171,1.0
4.150265741437584,0.0,1.0,0.2985998160613949,0.0,0.0,0.6666666666666666,0.0,0.0,-7.66256346460838,-7.66256476177208,1.0,4.130892085896406,172,0.8715083798882681
6.361971609186176,0.0,1.0,0.378380792384293,0.0,0.0,0.6666666666666666,0.0,0.0,-11.87277904575135,-11.87512294938887,1.0,6.515567451165266,173,0.8715083798882681
5.005602146421999,0.0,1.0,0.1993205082085355,0.0,0.0,0.6666666666666666,0.0,0.0,-11.77920749582964,-11.77938538001108,1.0,5.061063876591435,174,0.8715083798882681
1.912829599684525,0.0,1.0,0.1834526003490089,0.0,0.0,0.6666666666666666,0.0,0.0,-9.958690326456114,-9.958710437397201,1.0,1.937566820285355,175,0.8715083798882681
0.0,0.0,1.0,0.0,0.0,0.0,1.0,0.0,0.0,0.0,0.0,1.0,0.0,176,1.0
6.363338327321804,0.0,1.0,0.4469487864102021,0.0,0.0,0.6666666666666666,0.0,0.0,-19.94042440332112,-19.94020764091417,0.9997832610843119,6.327888083422287,177,0.8715083798882681
3.468342225116569,0.0,1.0,0.2954990996079709,0.0,0.0,0.6666666666666666,0.0,0.0,-7.61688478646878,-7.616879430045694,0.9999946435912598,3.500813460426908,178,0.8715083798882681
30.26059526334546,0.0,1.0,1.461151712781893,0.0,0.0,0.6666666666666666,0.0,0.0,-36.80103052449391,-36.798837262456,0.9978091414037094,30.16170311200526,179,0.8715083798882681
8.99408494970156,0.0,1.0,1.074697660614362,0.0,0.0,0.6666666666666666,0.0,0.0,-14.37587001160092,-14.37595027716424,1.0,9.0657537137763,180,0.8715083798882681
14.42059451095299,0.0,1.0,1.259356047976806,0.0,0.0,0.6666666666666666,0.0,0.0,-23.07322378379378,-23.07361577604866,1.0,14.29053864337982,181,0.8715083798882681
11.66177542304595,0.0,1.0,0.4856239366635329,0.0,0.0,0.6666666666666666,0.0,0.0,-21.1973955754304,-21.19755339365366,1.0,11.61737162708702,182,0.8715083798882681
0.0,0.0,1.0,0.0,0.0,0.0,1.0,0.0,0.0,0.0,0.0,1.0,0.0,183,1.0
7.137520967569993,0.0,1.0,1.096358383677262,0.0,0.0,0.6666666666666666,0.0,0.0,-17.90742138105053,-17.90450561812588,0.9970884837834498,7.060330557053583,184,0.8715083798882681
3.885240413241033,0.0,1.0,0.44765928204271,0.0,0.0,0.6666666666666666,0.0,0.0,-13.93011726814012,-13.92997638095013,0.999859122734143,3.92213951115467,185,0.8715083798882681
4.356176993665933,0.0,1.0,0.09325018463730174,0.0,0.0,0.6666666666666666,0.0,0.0,-8.934667967245822,-8.93580640504394,1.0,4.211857274806066,186,0.8715083798882681
0.0,0.0,1.0,0.0,0.0,0.0,1.0,0.0,0.0,0.0,0.0,1.0,0.0,187,1.0
7.913991600152802,0.0,1.0,1.003889278035137,0.0,0.0,0.6666666666666666,0.0,0.0,-14.47652702412435,-14.4762173912801,0.9996904150870398,7.984747712975494,188,0.8715083798882681
2.949511541102274,0.0,0.9988827597902511,0.07071067386887998,0.001117240209748904,0.0,0.6666666666666666,0.0,0.0,-17.88150822781375,-17.88164177444608,1.0,2.933195980116702,189,0.8715083798882681
37.3738265539555,0.0,1.0,1.117819501457338,0.0,0.0,0.6666666666666666,0.0,0.0,-24.88688982015301,-24.88479077737983,0.9979031586764164,37.6575682934288,190,0.8715083798882681
0.0,0.0,1.0,0.0,0.0,0.0,1.0,0.0,0.0,0.0,0.0,1.0,0.0,191,1.0
14.5207070678876,0.0,1.0,0.4248535667992434,0.0,0.0,0.6666666666666666,0.0,0.0,-14.31322610582585,-14.31286797906428,0.9996419373581416,14.26244833749146,192,0.8715083798882681
11.69932556310765,0.0,1.0,0.6576704104780304,0.0,0.0,0.6666666666666666,0.0,0.0,-26.47171940624614,-26.46676989503431,0.9950627174349375,11.84541039957011,193,0.8715083798882681
15.40747265191058,0.0,1.0,0.5950957662370203,0.0,0.0,0.6666666666666666,0.0,0.0,-15.40498962126035,-15.40888752444467,1.0,14.99058116938081,194,0.8715083798882681
7.098071966017717,0.0,1.0,0.3294536981353915,0.0,0.0,0.6666666666666666,0.0,0.0,-10.53842962137097,-10.53835904497258,0.9999294260920676,7.053501587717546,195,0.8715083798882681
0.0,0.0,1.0,0.0,0.0,0.0,1.0,0.0,0.0,0.0,0.0,1.0,0.0,196,1.0
0.0,0.0,1.0,0.0,0.0,0.0,1.0,0.0,0.0,0.0,0.0,1.0,0.0,197,1.0
1.973508106765065,0.0,1.0,0.2869663294900154,0.0,0.0,0.6666666666666666,0.0,0.0,-10.14885307698084,-10.14944670760898,1.0,1.938570743549581,198,0.8715083798882681
13.72387775497483,0.0,1.0,0.8650154641860568,0.0,0.0,0.6666666666666666,0.0,0.0,-14.81287637760551,-14.81289209862573,1.0,13.69866414530728,199,0.8715083798882681
14.68223694340829,0.0,1.0,0.2132430090428857,0.0,0.0,0.6666666666666666,0.0,0.0,-23.11260908622876,-23.10823160268044,0.9956320836673586,14.72259542614137,200,0.8715083798882681
149.1817814681577,0.0,1.0,7.737457190141509,0.0,0.0,0.6666666666666666,0.0,0.0,-33.13582226444278,-33.13487705239783,0.9990552345271891,149.3053641758137,201,0.8715083798882681
4.404957391936338,0.0,1.0,0.3100710472241647,0.0,0.0,0.6666666666666666,0.0,0.0,-14.34319436918543,-14.34318665600242,0.9999922868467329,4.357338566041336,202,0.8715083798882681
1.588510640500349,0.0,1.0,0.05016344612700487,0.0,0.0,0.6666666666666666,0.0,0.0,-10.39047676808991,-10.39049054257506,1.0,1.57965399894897,203,0.8715083798882681
14.86175931150036,0.0,1.0,0.9100396087572553,0.0,0.0,0.6666666666666666,0.0,0.0,-31.24455489172625,-31.24454702614891,0.9999921344535988,14.95628618990997,204,0.8715083798882681
17.02170919654939,0.0,1.0,0.7814640154381588,0.0,0.0,0.6666666666666666,0.0,0.0,-33.82386544976107,-33.82377520201981,0.9999097563309379,17.01445878268088,205,0.8715083798882681
4.670787696894187,0.0,1.0,0.3262738514098937,0.0,0.0,0.6666666666666666,0.0,0.0,-13.70572921120959,-13.70586086721549,1.0,4.619763568383348,206,0.8715083798882681
0.0,0.0,1.0,0.0,0.0,0.0,1.0,0.0,0.0,0.0,0.0,1.0,0.0,207,1.0
0.0,0.0,1.0,0.0,0.0,0.0,1.0,0.0,0.0,0.0,0.0,1.0,0.0,208,1.0
3.466103343949171,0.0,1.0,0.3788598990003064,0.0,0.0,0.6666666666666666,0.0,0.0,-12.23080150092523,-12.23070740734761,0.9999059108490412,3.470166319567134,209,0.8715083798882681
0.0,0.0,1.0,0.0,0.0,0.0,1.0,0.0,0.0,0.0,0.0,1.0,0.0,210,1.0
0.0,0.0,1.0,0.0,0.0,0.0,1.0,0.0,0.0,0.0,0.0,1.0,0.0,211,1.0
25.25367405125833,0.0,1.0,2.187490310900073,0.0,0.0,0.6666666666666666,0.0,0.0,-44.98077076335423,-44.97643384404821,0.9956724715475916,25.43199679768941,212,0.8715083798882681
10.38669960763222,0.0,1.0,1.296094694085459,0.0,0.0,0.6666666666666666,0.0,0.0,-24.33075406704057,-24.32968412019665,0.9989306253450636,10.3182371385662,213,0.8715083798882681
7.147582615235148,0.0,1.0,0.5155419083265612,0.0,0.0,0.6666666666666666,0.0,0.0,-18.59792164756213,-18.59780847841513,0.9998868372563741,7.235263974306372,214,0.8715083798882681
0.0,0.0,1.0,0.0,0.0,0.0,1.0,0.0,0.0,0.0,0.0,1.0,0.0,215,1.0
18.20696349510387,0.0,1.0,1.549097730562531,0.0,0.0,0.6666666666666666,0.0,0.0,-42.61943354042761,-42.61637632989455,0.9969474579761548,18.2514561868676,216,0.8715083798882681
0.0,0.0,1.0,0.0,0.0,0.0,1.0,0.0,0.0,0.0,0.0,1.0,0.0,217,1.0
13.478709615566,0.0,1.0,0.5518877290208841,0.0,0.0,0.6666666666666666,0.0,0.0,-19.32859388634014,-19.3284027671533,0.9998088990752575,13.64142499835702,218,0.8715083798882681
7.793261969266837,0.0,1.0,1.166928710396167,0.0,0.0,0.6666666666666666,0.0,0.0,-16.66935656082186,-16.66971070861137,1.0,7.707259756633496,219,0.8715083798882681
0.0,0.0,1.0,0.0,0.0,0.0,1.0,0.0,0.0,0.0,0.0,1.0,0.0,220,1.0
0.0,0.0,1.0,0.0,0.0,0.0,1.0,0.0,0.0,0.0,0.0,1.0,0.0,221,1.0
1.410303245176785,0.0,1.0,0.1152288223941795,0.0,0.0,0.6666666666666666,0.0,0.0,-8.75173653662786,-8.751763277853447,1.0,1.426382774249903,222,0.8715083798882681
6.130488994455243,0.0,1.0,0.3792909041348243,0.0,0.0,0.6666666666666666,0.0,0.0,-19.30024172999387,-19.29860501238111,0.9983646210789758,6.286201777716429,223,0.8715083798882681
0.0,0.0,1.0,0.0,0.0,0.0,1.0,0.0,0.0,0.0,0.0,1.0,0.0,224,1.0
5.861844200464281,0.0,1.0,0.3769978543913511,0.0,0.0,0.6666666666666666,0.0,0.0,-18.65442894198524,-18.65459032978281,1.0,5.814038342918778,225,0.8715083798882681
0.0,0.0,1.0,0.0,0.0,0.0,1.0,0.0,0.0,0.0,0.0,1.0,0.0,226,1.0
2.882522759932808,0.0,1.0,0.1228451642551023,0.0,0.0,0.6666666666666666,0.0,0.0,-19.02051324331101,-19.0205750278309,1.0,2.85851628162034,227,0.8715083798882681
8.531878894359917,0.0,1.0,0.8461248403972824,0.0,0.0,0.6666666666666666,0.0,0.0,-26.07162227145444,-26.06967144221414,0.9980510723901778,8.443588707726875,228,0.8715083798882681
1.966084638260119,0.0,1.0,0.188159328670396,0.0,0.0,0.6666666666666666,0.0,0.0,-9.917881164953872,-9.917952487561424,1.0,1.995239555121543,229,0.8715083798882681
0.0,0.0,1.0,0.0,0.0,0.0,1.0,0.0,0.0,0.0,0.0,1.0,0.0,230,1.0
18.08629665628672,0.0,1.0,0.7858109096238771,0.0,0.0,0.6666666666666666,0.0,0.0,-21.82230891842021,-21.82199609090793,0.9996872214131297,17.82749852572109,231,0.8715083798882681
9.348745150098495,0.0,1.0,0.6694897347152158,0.0,0.0,0.6666666666666666,0.0,0.0,-18.64293215119948,-18.64264617471948,0.9997140644073602,9.384187077210678,232,0.8715083798882681
2.772770674379775,0.0,1.0,0.1794425118319165,0.0,0.0,0.6666666666666666,0.0,0.0,-14.26642740518249,-14.26701116967511,1.0,2.815139008115473,233,0.8715083798882681
0.0,0.0,1.0,0.0,0.0,0.0,1.0,0.0,0.0,0.0,0.0,1.0,0.0,234,1.0
