&alpha;,&beta;<sup>1</sup>,p<sup>1</sup>,&beta;<sup>+</sup>,p<sup>+</sup>,LRT,p-value,# branches under selection,Total branch length,MEME LogL,FEL LogL,FEL &alpha;,FEL &beta;,CodonSite,adjusted_p-value
0.0,0.0,1.0,0.0,0.0,0.0,1.0,0.0,0.0,0.0,0.0,1.0,0.0,1,1.0
4.549185196654104,0.0,1.0,0.4135479237540807,0.0,0.0,0.6666666666666666,0.0,0.0,-22.15175169644382,-22.15270988362053,1.0,4.598075032081007,2,0.9263157894736841
3.161588321596692,0.0,1.0,0.2073538433241335,0.0,0.0,0.6666666666666666,0.0,0.0,-9.030182088365253,-9.032803208556373,1.0,3.148099235077542,3,0.9263157894736841
12.69960592633749,0.0,1.0,0.798343909507127,0.0,0.0,0.6666666666666666,0.0,0.0,-25.82133399918143,-25.82114558139079,0.9998115999588647,12.7442174850153,4,0.9263157894736841
13.64344683810045,0.0,1.0,1.003342774266887,0.0,0.0,0.6666666666666666,0.0,0.0,-27.46304757971864,-27.46115111895013,0.9981053363768634,13.56750512938044,5,0.9263157894736841
12.12620413826907,0.0,1.0,1.522365141357539,0.0,0.0,0.6666666666666666,0.0,0.0,-11.41834880657489,-11.41664221746589,0.9982948662860734,11.92628993845655,6,0.9263157894736841
0.0,0.0,1.0,0.0,0.0,0.0,1.0,0.0,0.0,0.0,0.0,1.0,0.0,7,1.0
12.87133974096362,0.0,1.0,0.90690314546998,0.0,0.0,0.6666666666666666,0.0,0.0,-25.42522956226328,-25.42376675538092,0.9985382624980609,12.96221246165772,8,0.9263157894736841
0.006835822440837927,0.003327197331565107,0.8725036332742193,131.10014289495,0.1274963667257807,0.8846108443125438,0.3396854695840993,1.0,0.0,-9.78828270847311,-9.349917560217168,0.6450901862711793,0.002124480309208024,9,0.9263157894736841
10.02943130278804,0.0,1.0,1.193103927388322,0.0,0.0,0.6666666666666666,0.0,0.0,-18.05110371686671,-18.05175833732331,1.0,10.11981938843038,10,0.9263157894736841
5.683529398864819,0.0,1.0,0.9221843351360227,0.0,0.0,0.6666666666666666,0.0,0.0,-14.2067783014579,-14.20701104206317,1.0,5.786974022163253,11,0.9263157894736841
3.920337080514847,0.0,1.0,0.1542187682299213,0.0,0.0,0.6666666666666666,0.0,0.0,-14.29864082880109,-14.29923736051497,1.0,3.862858498470613,12,0.9263157894736841
0.0,0.0,1.0,0.0,0.0,0.0,1.0,0.0,0.0,0.0,0.0,1.0,0.0,13,1.0
11.848781926676,0.0,1.0,0.5521171664756964,0.0,0.0,0.6666666666666666,0.0,0.0,-12.06555585417683,-12.0635985449081,0.9980446050118008,12.01317680007105,14,0.9263157894736841
23.39866748724641,0.0,1.0,1.283447786511026,0.0,0.0,0.6666666666666666,0.0,0.0,-32.16291944980747,-32.16249605924492,0.9995766990545686,23.6188871918895,15,0.9263157894736841
0.0,0.0,1.0,0.0,0.0,0.0,1.0,0.0,0.0,0.0,0.0,1.0,0.0,16,1.0
28.63736923751309,0.0,1.0,1.47795200076634,0.0,0.0,0.6666666666666666,0.0,0.0,-42.3306210994019,-42.32765289834299,0.9970361996945124,28.53053609733288,17,0.9263157894736841
5.526495791820329,0.0,1.0,0.8876969267417656,0.0,0.0,0.6666666666666666,0.0,0.0,-13.56548297063716,-13.56566232250336,1.0,5.578154371555446,18,0.9263157894736841
4.967763737152112,0.0,1.0,0.3125478997924701,0.0,0.0,0.6666666666666666,0.0,0.0,-12.49663743729079,-12.49663936911754,1.0,4.988149947526037,19,0.9263157894736841
28.78889993874451,0.0,1.0,0.8343712878463965,0.0,0.0,0.6666666666666666,0.0,0.0,-39.89853109176738,-39.89571086689116,0.997183748221925,28.88470401029004,20,0.9263157894736841
2.35634911403855,0.0,1.0,0.1963120992663728,0.0,0.0,0.6666666666666666,0.0,0.0,-9.432723445260143,-9.43260357946425,0.9998801413877179,2.438986007871819,21,0.9263157894736841
0.0,0.0,1.0,0.0,0.0,0.0,1.0,0.0,0.0,0.0,0.0,1.0,0.0,22,1.0
1.446186689651122,0.0,1.0,0.2348422800012349,0.0,0.0,0.6666666666666666,0.0,0.0,-11.042461704876,-11.04293635055362,1.0,1.523183435924101,23,0.9263157894736841
5.65895490400893,0.0,1.0,0.2756334698141442,0.0,0.0,0.6666666666666666,0.0,0.0,-8.276596964265002,-8.278175444934725,1.0,5.468730191128667,24,0.9263157894736841
11.77956249836226,0.0,1.0,0.8381453567947276,0.0,0.0,0.6666666666666666,0.0,0.0,-23.06018379556271,-23.05841322341398,0.9982309943893498,11.88978016845511,25,0.9263157894736841
20.66025630949063,0.0,1.0,0.7695897377991717,0.0,0.0,0.6666666666666666,0.0,0.0,-25.80120231038312,-25.8009960139076,0.9997937248021221,20.44978093102881,26,0.9263157894736841
0.0,0.0,1.0,0.0,0.0,0.0,1.0,0.0,0.0,0.0,0.0,1.0,0.0,27,1.0
11.52747526972962,0.0,0.6191305653230109,132.7061521236189,0.3808694346769891,0.6560718678730026,0.3895086630230706,1.0,0.0,-23.50685580117154,-23.10496813752241,0.669055900750168,11.92055126619426,28,0.9263157894736841
11.44824411752628,0.0,1.0,1.148250494350838,0.0,0.0,0.6666666666666666,0.0,0.0,-24.41032945597748,-24.41042873504126,1.0,11.52686237185922,29,0.9263157894736841
120.871991841083,0.0,1.0,2.060425889448583,0.0,0.0,0.6666666666666666,0.0,0.0,-26.3350922544525,-26.31568830667302,0.9807830970577593,120.2946925347821,30,0.9263157894736841
16.87783276857617,0.0,1.0,1.054932328365874,0.0,0.0,0.6666666666666666,0.0,0.0,-16.36885331829504,-16.36921284499036,1.0,17.11981741279326,31,0.9263157894736841
0.0,0.0,1.0,0.0,0.0,0.0,1.0,0.0,0.0,0.0,0.0,1.0,0.0,32,1.0
28.87803823407894,0.0,1.0,1.073531611888963,0.0,0.0,0.6666666666666666,0.0,0.0,-33.53454454649975,-33.53120411631402,0.9966651428438504,29.15843737443432,33,0.9263157894736841
27.99136887455979,0.0,1.0,0.523720414609927,0.0,0.0,0.6666666666666666,0.0,0.0,-33.62638052902322,-33.62514181048803,0.9987620483598678,28.09671513513246,34,0.9263157894736841
10.62721909252388,0.0,1.0,0.642450404022603,0.0,0.0,0.6666666666666666,0.0,0.0,-21.16605299243213,-21.16601688215745,0.9999638903772883,10.56025924713937,35,0.9263157894736841
17.15743536787775,0.0,1.0,0.7849036731453842,0.0,0.0,0.6666666666666666,0.0,0.0,-30.87274143273041,-30.87267093284672,0.9999295026013638,17.15010941011924,36,0.9263157894736841
8.737332756378649,0.0,1.0,1.185716862341099,0.0,0.0,0.6666666666666666,0.0,0.0,-21.11933102723429,-21.11975816652276,1.0,8.908798596137656,37,0.9263157894736841
5.307581761600683,0.0,1.0,0.1296986353185359,0.0,0.0,0.6666666666666666,0.0,0.0,-11.12053694506199,-11.1204138322782,0.9998768947942628,5.26900897195849,38,0.9263157894736841
0.0,0.0,1.0,0.0,0.0,0.0,1.0,0.0,0.0,0.0,0.0,1.0,0.0,39,1.0
10.6541295624782,0.0,1.0,1.0607438800353,0.0,0.0,0.6666666666666666,0.0,0.0,-25.86971433997092,-25.86977947365251,1.0,10.62742310185208,40,0.9263157894736841
5.851031843449155,0.0,1.0,0.4186145030301359,0.0,0.0,0.6666666666666666,0.0,0.0,-19.44459326970613,-19.44448266834186,0.9998894047518299,5.819007420111935,41,0.9263157894736841
0.0,0.0,1.0,0.0,0.0,0.0,1.0,0.0,0.0,0.0,0.0,1.0,0.0,42,1.0
0.0,0.0,1.0,0.0,0.0,0.0,1.0,0.0,0.0,0.0,0.0,1.0,0.0,43,1.0
0.0,0.0,1.0,0.0,0.0,0.0,1.0,0.0,0.0,0.0,0.0,1.0,0.0,44,1.0
22.51040078327676,0.0,1.0,1.268347066224973,0.0,0.0,0.6666666666666666,0.0,0.0,-34.05595736575413,-34.05300436262157,0.9970513526923933,22.44378621425724,45,0.9263157894736841
19.08788284230425,0.0,1.0,1.357782235267451,0.0,0.0,0.6666666666666666,0.0,0.0,-34.12488487518247,-34.12501827708034,1.0,19.26741621657114,46,0.9263157894736841
13.85984791271504,0.0,1.0,1.193809278578321,0.0,0.0,0.6666666666666666,0.0,0.0,-26.38096274405154,-26.37884060643725,0.9978801125276384,13.86471810313996,47,0.9263157894736841
26.7811984849287,0.0,1.0,1.882921969785113,0.0,0.0,0.6666666666666666,0.0,0.0,-31.69712194312113,-31.6945963374041,0.9974775809416394,26.82762336467339,48,0.9263157894736841
0.0,0.0,1.0,0.0,0.0,0.0,1.0,0.0,0.0,0.0,0.0,1.0,0.0,49,1.0
36.93306241621792,0.0,1.0,1.034987775300646,0.0,0.0,0.6666666666666666,0.0,0.0,-42.12560841919207,-42.12223819915391,0.9966354527785513,36.73391598845014,50,0.9263157894736841
0.0,0.0,1.0,0.0,0.0,0.0,1.0,0.0,0.0,0.0,0.0,1.0,0.0,51,1.0
12.0461056727933,0.0,1.0,1.676273811799469,0.0,0.0,0.6666666666666666,0.0,0.0,-32.22082084912306,-32.21954305317321,0.9987230200837129,12.20321423823184,52,0.9263157894736841
17.25183931372816,0.0,1.0,0.4412273854864177,0.0,0.0,0.6666666666666666,0.0,0.0,-18.39080304941152,-18.39082653865278,1.0,17.21791900949303,53,0.9263157894736841
21.56862479165006,0.0,1.0,0.7829652829785706,0.0,0.0,0.6666666666666666,0.0,0.0,-19.86129283845311,-19.85986832215765,0.998576497846188,21.48935435261868,54,0.9263157894736841
0.0,0.0,1.0,0.0,0.0,0.0,1.0,0.0,0.0,0.0,0.0,1.0,0.0,55,1.0
20.2341317992937,0.0,1.0,0.941076078309153,0.0,0.0,0.6666666666666666,0.0,0.0,-33.06564494277102,-33.06362179683385,0.9979788992429984,20.25495877398354,56,0.9263157894736841
13.13160262905492,0.0,1.0,0.9328380584524203,0.0,0.0,0.6666666666666666,0.0,0.0,-22.68555220408108,-22.68363261522519,0.9980822523763722,13.16181312140385,57,0.9263157894736841
52.08529838371192,0.0,1.0,1.691589904428418,0.0,0.0,0.6666666666666666,0.0,0.0,-57.70414863090303,-57.70428889549854,1.0,51.5207208956048,58,0.9263157894736841
0.0,0.0,1.0,0.0,0.0,0.0,1.0,0.0,0.0,0.0,0.0,1.0,0.0,59,1.0
0.0,0.0,1.0,0.0,0.0,0.0,1.0,0.0,0.0,0.0,0.0,1.0,0.0,60,1.0
13.27496384848659,0.0,1.0,0.3347639715058667,0.0,0.0,0.6666666666666666,0.0,0.0,-16.93050758323202,-16.92897489642698,0.9984684871594494,13.31243459635662,61,0.9263157894736841
0.0,0.0,1.0,0.0,0.0,0.0,1.0,0.0,0.0,0.0,0.0,1.0,0.0,62,1.0
4.704067036104793,0.0,1.0,0.1154742709947112,0.0,0.0,0.6666666666666666,0.0,0.0,-9.687023517245407,-9.686997582269264,0.9999740653601636,4.756741313388135,63,0.9263157894736841
29.98367356036276,0.0,1.0,1.545775470231527,0.0,0.0,0.6666666666666666,0.0,0.0,-25.11747080288249,-25.11468150816319,0.9972145917487333,29.718613544703,64,0.9263157894736841
17.33545937682309,0.0,1.0,0.7680266590566419,0.0,0.0,0.6666666666666666,0.0,0.0,-14.3673443654887,-14.36788634355639,1.0,16.76116543792323,65,0.9263157894736841
0.0,0.0,1.0,0.0,0.0,0.0,1.0,0.0,0.0,0.0,0.0,1.0,0.0,66,1.0
10.84689838729233,0.0,1.0,0.7901660537767813,0.0,0.0,0.6666666666666666,0.0,0.0,-13.70384015509977,-13.70407182053965,1.0,11.05998289532186,67,0.9263157894736841
4.724720336208148,0.0,1.0,0.4007360316001986,0.0,0.0,0.6666666666666666,0.0,0.0,-8.711329886477179,-8.7112862845883,0.9999563990616682,4.756741313388135,68,0.9263157894736841
0.0,0.0,1.0,0.0,0.0,0.0,1.0,0.0,0.0,0.0,0.0,1.0,0.0,69,1.0
4.749778104707442,0.0,1.0,0.2466954519600867,0.0,0.0,0.6666666666666666,0.0,0.0,-7.586553367996288,-7.5867261589959,1.0,4.586894977199138,70,0.9263157894736841
14.22489403691866,0.0,1.0,0.8631828082033866,0.0,0.0,0.6666666666666666,0.0,0.0,-13.88002816804495,-13.87995483134522,0.9999266659893346,14.2203549096409,71,0.9263157894736841
5.735912807096905,0.0,1.0,0.6602017273494879,0.0,0.0,0.6666666666666666,0.0,0.0,-11.94367658942047,-11.94363134823534,0.9999547598382411,5.683100343095104,72,0.9263157894736841
2.843262409080038,0.0,1.0,0.4490468684065688,0.0,0.0,0.6666666666666666,0.0,0.0,-9.737256560992702,-9.739468709845854,1.0,2.742644820443796,73,0.9263157894736841
0.0,0.0,1.0,0.0,0.0,0.0,1.0,0.0,0.0,0.0,0.0,1.0,0.0,74,1.0
7.351977596147287,0.0,1.0,0.4494962065130407,0.0,0.0,0.6666666666666666,0.0,0.0,-20.49398774540932,-20.49426910462464,1.0,7.282475527289366,75,0.9263157894736841
4.878740358614902,0.0,1.0,0.2331363267198701,0.0,0.0,0.6666666666666666,0.0,0.0,-7.742148194056662,-7.742365110762676,1.0,4.779380400694068,76,0.9263157894736841
33.35672649084125,0.0,1.0,2.783004522560165,0.0,0.0,0.6666666666666666,0.0,0.0,-34.09531660686768,-34.09200401398633,0.9966928877009601,33.29197859488946,77,0.9263157894736841
10.92676045980908,0.0,1.0,0.6002707566113697,0.0,0.0,0.6666666666666666,0.0,0.0,-14.22316610616524,-14.2232097136324,1.0,10.99094302918739,78,0.9263157894736841
21.52994961169431,0.0,1.0,1.544971053119192,0.0,0.0,0.6666666666666666,0.0,0.0,-24.76775008981769,-24.76787487005011,1.0,21.75462064745117,79,0.9263157894736841
9.262672850363419,0.0,1.0,0.7489119237101658,0.0,0.0,0.6666666666666666,0.0,0.0,-18.85153248804941,-18.85143194814361,0.9998994651481565,9.252059194894496,80,0.9263157894736841
0.0,0.0,1.0,0.0,0.0,0.0,1.0,0.0,0.0,0.0,0.0,1.0,0.0,81,1.0
10.95668333110541,0.0,1.0,0.6013310846445251,0.0,0.0,0.6666666666666666,0.0,0.0,-17.37821459616405,-17.37825270399522,1.0,11.02108904822502,82,0.9263157894736841
5.924152662736963,0.0,1.0,0.7479194978136932,0.0,0.0,0.6666666666666666,0.0,0.0,-14.25222813628976,-14.25222937892061,1.0,6.052295296453086,83,0.9263157894736841
6.533267121777756,0.0,1.0,0.4177492744016323,0.0,0.0,0.6666666666666666,0.0,0.0,-8.73818896514555,-8.738312972580106,1.0,6.395324936999614,84,0.9263157894736841
0.0,0.0,1.0,0.0,0.0,0.0,1.0,0.0,0.0,0.0,0.0,1.0,0.0,85,1.0
9.961856953762684,0.0,1.0,0.3606634057125713,0.0,0.0,0.6666666666666666,0.0,0.0,-14.86577800509647,-14.86558359969525,0.9998056134942765,9.954186441653416,86,0.9263157894736841
3.79410128099965,0.0,1.0,1.605965189304963,0.0,0.0,0.6666666666666666,0.0,0.0,-18.07918213760729,-18.07786859330957,0.998687318023909,3.815520625395823,87,0.9263157894736841
38.11155484071335,0.0,1.0,1.25905131383129,0.0,0.0,0.6666666666666666,0.0,0.0,-24.06216882987998,-24.05794335578024,0.9957834406549485,38.53558455999374,88,0.9263157894736841
0.0,0.0,1.0,0.0,0.0,0.0,1.0,0.0,0.0,0.0,0.0,1.0,0.0,89,1.0
12.74005010159677,0.0,1.0,0.7512231727573224,0.0,0.0,0.6666666666666666,0.0,0.0,-12.42944136327613,-12.4275344969293,0.9980949505676481,12.89585162563454,90,0.9263157894736841
16.40349794788758,0.0,1.0,1.37021456831737,0.0,0.0,0.6666666666666666,0.0,0.0,-25.89668658229134,-25.89724920974806,1.0,16.27936214529846,91,0.9263157894736841
9.713606598299423,0.0,1.0,0.7348360644074037,0.0,0.0,0.6666666666666666,0.0,0.0,-12.95084484796857,-12.94997392235991,0.9991294535369265,9.466352796493897,92,0.9263157894736841
9.631571614385779,0.0,1.0,0.03549957502737745,0.0,0.0,0.6666666666666666,0.0,0.0,-10.65683032609659,-10.65676043384015,0.9999301101859586,9.662504823184545,93,0.9263157894736841
0.0,0.0,1.0,0.0,0.0,0.0,1.0,0.0,0.0,0.0,0.0,1.0,0.0,94,1.0
0.0,0.0,1.0,0.0,0.0,0.0,1.0,0.0,0.0,0.0,0.0,1.0,0.0,95,1.0
2.815936419125865,0.0,1.0,0.1946316494451424,0.0,0.0,0.6666666666666666,0.0,0.0,-9.375614934511376,-9.374932037647222,0.9993173362568053,2.838211232569304,96,0.9263157894736841
15.6798895181173,0.0,1.0,0.4953654240033037,0.0,0.0,0.6666666666666666,0.0,0.0,-15.22117035515933,-15.22101838354418,0.9998480399319485,15.64589192133398,97,0.9263157894736841
15.58477955834234,0.0,1.0,0.7598743677055626,0.0,0.0,0.6666666666666666,0.0,0.0,-23.82337705171127,-23.82275454548399,0.9993776874894935,15.3125635219461,98,0.9263157894736841
186.1303217962311,0.0,1.0,3.875757138434263,0.0,0.0,0.6666666666666666,0.0,0.0,-33.15980689193005,-33.15924485280286,0.9994381187871859,186.1754551068043,99,0.9263157894736841
4.88514953228694,0.0,1.0,0.5753303400777875,0.0,0.0,0.6666666666666666,0.0,0.0,-14.49260471403742,-14.49274694541645,1.0,4.828842269601814,100,0.9263157894736841
1.872318711596963,0.0,1.0,0.06449358876631729,0.0,0.0,0.6666666666666666,0.0,0.0,-9.787389694758273,-9.787074012644597,0.999684367708663,1.873927697806878,101,0.9263157894736841
19.57589880222841,0.0,1.0,1.470676721730237,0.0,0.0,0.6666666666666666,0.0,0.0,-29.63554938512808,-29.63554053353882,0.9999911484499212,19.63662250517541,102,0.9263157894736841
19.50093260535487,0.0,1.0,1.053494890922547,0.0,0.0,0.6666666666666666,0.0,0.0,-33.30336899748438,-33.30093834954918,0.9975723036974228,19.31252317615796,103,0.9263157894736841
5.198703139001664,0.0,1.0,0.3434495102764804,0.0,0.0,0.6666666666666666,0.0,0.0,-12.87956702605757,-12.87967301269223,1.0,5.229745354423604,104,0.9263157894736841
0.0,0.0,1.0,0.0,0.0,0.0,1.0,0.0,0.0,0.0,0.0,1.0,0.0,105,1.0
0.0,0.0,1.0,0.0,0.0,0.0,1.0,0.0,0.0,0.0,0.0,1.0,0.0,106,1.0
4.857138547363343,0.0,1.0,0.5044635162101894,0.0,0.0,0.6666666666666666,0.0,0.0,-12.19982858816358,-12.1987781574585,0.9989501208040726,4.804673205618344,107,0.9263157894736841
0.0,0.0,1.0,0.0,0.0,0.0,1.0,0.0,0.0,0.0,0.0,1.0,0.0,108,1.0
0.0,0.0,1.0,0.0,0.0,0.0,1.0,0.0,0.0,0.0,0.0,1.0,0.0,109,1.0
34.53164042525439,0.0,1.0,1.607551072581816,0.0,0.0,0.6666666666666666,0.0,0.0,-45.52356392471393,-45.51994178110017,0.9963844084350154,34.39415889676731,110,0.9263157894736841
11.52252454502346,0.0,1.0,0.851772883468018,0.0,0.0,0.6666666666666666,0.0,0.0,-23.95336125234001,-23.95333968983903,0.9999784377314885,11.41854010781796,111,0.9263157894736841
8.365075529704312,0.0,1.0,0.7235894667532481,0.0,0.0,0.6666666666666666,0.0,0.0,-19.3613682484922,-19.36120478069259,0.9998365455605148,8.42007556665929,112,0.9263157894736841
0.0,0.0,1.0,0.0,0.0,0.0,1.0,0.0,0.0,0.0,0.0,1.0,0.0,113,1.0
23.5206232400567,0.0,1.0,1.535245333259024,0.0,0.0,0.6666666666666666,0.0,0.0,-41.87215939816941,-41.87013504275698,0.997977692212949,23.58841279504177,114,0.9263157894736841
0.0,0.0,1.0,0.0,0.0,0.0,1.0,0.0,0.0,0.0,0.0,1.0,0.0,115,1.0
19.36443373857046,0.0,1.0,1.89462845784044,0.0,0.0,0.6666666666666666,0.0,0.0,-18.50644787527166,-18.50382774670384,0.9973833009729705,19.44185394095991,116,0.9263157894736841
10.32064664357559,0.0,1.0,0.6768376010832428,0.0,0.0,0.6666666666666666,0.0,0.0,-17.2084399082254,-17.2083195312631,0.9998796302827163,10.22585320404819,117,0.9263157894736841
0.0,0.0,1.0,0.0,0.0,0.0,1.0,0.0,0.0,0.0,0.0,1.0,0.0,118,1.0
0.0,0.0,1.0,0.0,0.0,0.0,1.0,0.0,0.0,0.0,0.0,1.0,0.0,119,1.0
1.596102053229199,0.0,1.0,0.1338073288548886,0.0,0.0,0.6666666666666666,0.0,0.0,-8.950008631283506,-8.950035024212877,1.0,1.602253145069373,120,0.9263157894736841
10.24523116484568,0.0,1.0,0.6037598964016643,0.0,0.0,0.6666666666666666,0.0,0.0,-19.55550796850019,-19.55552808542438,1.0,10.13164648066731,121,0.9263157894736841
0.0,0.0,1.0,0.0,0.0,0.0,1.0,0.0,0.0,0.0,0.0,1.0,0.0,122,1.0
7.71708035538448,0.0,1.0,0.7304925206726488,0.0,0.0,0.6666666666666666,0.0,0.0,-18.44273693876513,-18.44195894806246,0.9992223118535898,7.692576482132473,123,0.9263157894736841
0.0,0.0,1.0,0.0,0.0,0.0,1.0,0.0,0.0,0.0,0.0,1.0,0.0,124,1.0
3.895060339927498,0.0,1.0,0.1532015096639583,0.0,0.0,0.6666666666666666,0.0,0.0,-18.13590770421177,-18.13627159744248,1.0,3.838012111263967,125,0.9263157894736841
12.46972400878433,0.0,1.0,2.109591308643215,0.0,0.0,0.6666666666666666,0.0,0.0,-28.37841167369266,-28.37863992441691,1.0,12.38768605404924,126,0.9263157894736841
2.754818831749961,0.0,1.0,0.3097610769759856,0.0,0.0,0.6666666666666666,0.0,0.0,-9.091258128346087,-9.09066572628493,0.9994077733742688,2.710236192733603,127,0.9263157894736841
0.0,0.0,1.0,0.0,0.0,0.0,1.0,0.0,0.0,0.0,0.0,1.0,0.0,128,1.0
20.90266788113134,0.0,1.0,0.6955457466945668,0.0,0.0,0.6666666666666666,0.0,0.0,-21.36688829627537,-21.36689442533869,1.0,20.84011490915112,129,0.9263157894736841
12.21392884465641,0.0,1.0,2.065928714878924,0.0,0.0,0.6666666666666666,0.0,0.0,-18.32419471717104,-18.32223000401126,0.998037215625649,12.17993169422027,130,0.9263157894736841
3.80418366079212,0.0,1.0,0.2501984024311943,0.0,0.0,0.6666666666666666,0.0,0.0,-13.57636782772686,-13.57622437456317,0.9998565571252093,3.764615472954774,131,0.9263157894736841
0.0,0.0,1.0,0.0,0.0,0.0,1.0,0.0,0.0,0.0,0.0,1.0,0.0,132,1.0
