alpha,beta,alpha=beta,LRT,p-value,Total branch length,dN/dS LB,dN/dS MLE,dN/dS UB,CodonSite,adjusted_p-value
0.0,0.0,0.0,0.0,1.0,0.0,0.0,0.0,0.0,1,1.0
0.1458497211653892,2.448562392773403e-06,0.1428617886083103,0.03628707160646627,0.8489238798036447,0.4468646416694705,0.0,1.678825556338779e-05,119.167850428155,2,1.0
0.3407888176386414,8.517016089512295e-07,0.3109463491153255,0.06195522191527658,0.8034319011680552,0.4346163271170492,0.0,2.499206443605609e-06,71.83502028162488,3,1.0
0.4469420979619484,11.9906296970997,0.9780482506170126,3.312774840635157,0.06874332460525201,0.9599189864371405,0.9691412411196637,26.82815011558959,179.2919506465591,4,1.0
0.8213784640244782,1.197556920741446e-05,0.7798085594348045,0.1473962390002441,0.7010361278253583,0.9178473241528555,0.0,1.457984319279349e-05,29.77995888731084,5,1.0
0.5451722777273833,7.239315644068503e-05,0.5089855754590813,0.1269890546637527,0.7215745478656814,0.925717743491197,0.0,0.0001327895041590608,32.98961075754881,6,1.0
1.56908266217505e-07,2.685464124903202e-06,1.02429483851428e-08,-2.016717431274628e-06,1.0,0.834010907882076,0.0,17.11486711082916,10000.0,7,1.0
0.1539738922079055,6.415830400810485e-05,0.1508443614270986,0.03162699586644635,0.858848786568268,0.502158811371445,0.0,0.0004166830044243744,139.1157834284529,8,1.0
2.369771955151088,1.420744747135085e-05,1.735768831645368,0.4640184579304503,0.4957519055044777,1.988109671026757,0.0,5.995280449019e-06,7.938478343672294,9,1.0
8.987138876470865e-09,13.0124634956401,0.0,6.307548860608073,0.01202249406353484,1.427306144733244,0.0,10000.0,10000.0,10,1.0
2.247191117606832,20.03878008016789,7.14593765914543,2.182898960116901,0.1395513841422638,7.114105363146156,0.9934668520416776,8.917256713576004,49.59440073325575,11,1.0
2.081653076982587,43.32741532824831,8.384019542291078,3.219051216163159,0.07278580648113397,5.727619714801164,2.298804093914091,20.8139462849653,10000.0,12,1.0
3.682128557336696,1.302476590589818e-05,2.270852571436915,0.6871725706739085,0.4071277624735263,4.056468028230831,0.0,3.537292547797155e-06,4.951729889480728,13,1.0
0.6927806487740539,1.831046433782262e-05,0.6214889067693087,0.08931565061029545,0.765048973458662,2.283245857601508,0.0,2.643039231858577e-05,47.34020793194356,14,1.0
0.0,0.0,0.0,0.0,1.0,0.0,0.0,0.0,0.0,15,1.0
5.064009140416487e-09,0.6869379133094677,0.0,-2.695439711430936e-07,1.0,0.7838888835029861,0.0,10000.0,10000.0,16,1.0
6.680217642808204,0.5946396644567636,6.667057251557583,-6.729918982983918e-06,1.0,4.943632423250458,0.0,0.08901501361964478,10000.0,17,1.0
0.0,0.0,0.0,0.0,1.0,0.0,0.0,0.0,0.0,18,1.0
0.0,0.0,0.0,0.0,1.0,0.0,0.0,0.0,0.0,19,1.0
0.0,0.0,0.0,0.0,1.0,0.0,0.0,0.0,0.0,20,1.0
0.0,0.0,0.0,0.0,1.0,0.0,0.0,0.0,0.0,21,1.0
0.0,0.0,0.0,0.0,1.0,0.0,0.0,0.0,0.0,22,1.0
0.0,0.0,0.0,0.0,1.0,0.0,0.0,0.0,0.0,23,1.0
0.0,0.0,0.0,0.0,1.0,0.0,0.0,0.0,0.0,24,1.0
0.0,0.0,0.0,0.0,1.0,0.0,0.0,0.0,0.0,25,1.0
0.0,0.0,0.0,0.0,1.0,0.0,0.0,0.0,0.0,26,1.0
0.0,0.0,0.0,0.0,1.0,0.0,0.0,0.0,0.0,27,1.0
0.0,0.0,0.0,0.0,1.0,0.0,0.0,0.0,0.0,28,1.0
0.0,0.0,0.0,0.0,1.0,0.0,0.0,0.0,0.0,29,1.0
0.0,0.0,0.0,0.0,1.0,0.0,0.0,0.0,0.0,30,1.0
0.0,0.0,0.0,0.0,1.0,0.0,0.0,0.0,0.0,31,1.0
0.0,0.0,0.0,0.0,1.0,0.0,0.0,0.0,0.0,32,1.0
0.0,0.0,0.0,0.0,1.0,0.0,0.0,0.0,0.0,33,1.0
0.0,0.0,0.0,0.0,1.0,0.0,0.0,0.0,0.0,34,1.0
0.0,0.0,0.0,0.0,1.0,0.0,0.0,0.0,0.0,35,1.0
0.0,0.0,0.0,0.0,1.0,0.0,0.0,0.0,0.0,36,1.0
0.0,0.0,0.0,0.0,1.0,0.0,0.0,0.0,0.0,37,1.0
0.0,0.0,0.0,0.0,1.0,0.0,0.0,0.0,0.0,38,1.0
0.0,0.0,0.0,0.0,1.0,0.0,0.0,0.0,0.0,39,1.0
0.0,0.0,0.0,0.0,1.0,0.0,0.0,0.0,0.0,40,1.0
0.0,0.0,0.0,0.0,1.0,0.0,0.0,0.0,0.0,41,1.0
0.0,0.0,0.0,0.0,1.0,0.0,0.0,0.0,0.0,42,1.0
0.0,0.0,0.0,0.0,1.0,0.0,0.0,0.0,0.0,43,1.0
0.0,0.0,0.0,0.0,1.0,0.0,0.0,0.0,0.0,44,1.0
0.0,0.0,0.0,0.0,1.0,0.0,0.0,0.0,0.0,45,1.0
0.0,0.0,0.0,0.0,1.0,0.0,0.0,0.0,0.0,46,1.0
0.0,0.0,0.0,0.0,1.0,0.0,0.0,0.0,0.0,47,1.0
0.0,0.0,0.0,0.0,1.0,0.0,0.0,0.0,0.0,48,1.0
0.0,0.0,0.0,0.0,1.0,0.0,0.0,0.0,0.0,49,1.0
0.5096194101533021,4.725747904090132e-06,0.4863589185329863,0.1184331941867427,0.7307400686621719,1.025896634745151,0.0,9.273092448869927e-06,35.57481671919361,50,1.0
3.413872843385839,4.640776871949035e-08,2.932369103681229,0.644459229812739,0.4221006432996869,2.433187106980369,0.0,1.359387734941635e-08,6.286333608714567,51,1.0
0.2304568322735601,9.514951293318813,0.1338977804815052,1.850855115738597,0.1736839721530747,8.053196322242338,0.0,41.28734739365088,333.4833842552405,52,1.0
15.33113325726915,15.80648661390873,15.52496083305447,0.0004055150135968688,0.983933762632758,11.52559184548309,0.02559968014656462,1.031005754673367,7.815536090711587,53,1.0
0.2354447840071141,28.2568890639943,0.1972330616669488,5.419528462592275,0.01991273705719165,4.085564633029245,12.91983220383031,120.0149291187547,838.8944604770782,54,1.0
1.280739131073648,7.846284779845517e-05,1.162505900804288,0.1764646547641533,0.6744292312784346,4.821345866629454,0.0,6.126372334128616e-05,24.08519479345407,55,1.0
4.637343376628334,6.36947433142624e-06,3.418525038277607,0.8769573435934035,0.3490363949070121,3.196684423154361,0.0,1.373517942088921e-06,4.354692219873177,56,1.0
3.480697266212333e-06,11.15818780113292,0.0,2.338724075164677,0.1261928778411898,4.131835807901657,0.0,10000.0,10000.0,57,1.0
1.52510006997049,2.689158076254471e-06,1.325090590469092,0.3339025189592704,0.563370129251396,1.196761619123978,0.0,1.763266640140214e-06,12.06406091703155,58,1.0
0.4428694370361589,4.458379271648312e-05,6.729018073549164e-06,0.05947799759572092,0.8073228967452155,1.253023215561108,0.0,0.0001006702856147714,36.3964191210926,59,1.0
0.5434157746496187,0.0001230426636892279,0.5272768501656865,0.07863122202353168,0.7791609770534844,1.123532444022086,0.0,0.0002264245342685587,56.72787972479752,60,1.0
1.812609815616546e-12,3.564837747390952,2.116910421070128,2.781625717330911,0.09535133558669184,2.75492271159206,5271.609356823959,10000.0,10000.0,61,1.0
1.75137382988989e-07,18.33444357398453,1.535112568201663,2.131094721234334,0.1443376401294211,3.281112608045535,4713.125783913868,10000.0,10000.0,62,1.0
2.206635988704022,4.653635404116311,3.170548902002958,0.3702924001426737,0.5428449281865955,3.486990443841604,0.3759066956435475,2.108927538542247,13.9987984791452,63,1.0
3.315268503512044,7.772923931655468e-08,1.924517714847703,3.964975177877569,0.04645620686088081,2.202571988649049,0.0,2.344583530239312e-08,0.596499342135961,64,1.0
9.863090902731323e-06,9.75769386330211,1.325180154645169,2.656130121333675,0.103151422424113,3.729166343666204,3671.12715244582,10000.0,10000.0,65,1.0
0.5832360680372789,2.06662454950219,1.179600446308631,0.6311463485963813,0.4269351373387518,1.913491112393467,0.4501380465611517,3.543375766277364,42.93549288742687,66,1.0
0.0,0.0,0.0,0.0,1.0,0.0,0.0,0.0,0.0,67,1.0
9.9233104849621e-09,4.521286912656162,4.570598972566414e-05,2.535946894255403e-06,0.9987293967694089,6.738537370269257,0.0,10000.0,10000.0,68,1.0
0.0,0.0,0.0,0.0,1.0,0.0,0.0,0.0,0.0,69,1.0
0.0,0.0,0.0,0.0,1.0,0.0,0.0,0.0,0.0,70,1.0
8.486889589807391e-06,2.982127062736232,3.904395726437316e-05,5.98301380350108e-06,0.9980483603588768,16.09992664003236,0.0,10000.0,10000.0,71,1.0
0.0,0.0,0.0,0.0,1.0,0.0,0.0,0.0,0.0,72,1.0
0.0,0.0,0.0,0.0,1.0,0.0,0.0,0.0,0.0,73,1.0
0.0,0.0,0.0,0.0,1.0,0.0,0.0,0.0,0.0,74,1.0
0.0,0.0,0.0,0.0,1.0,0.0,0.0,0.0,0.0,75,1.0
0.0,0.0,0.0,0.0,1.0,0.0,0.0,0.0,0.0,76,1.0
8.439871340607265e-06,9.134944209978103,2.084878852370104e-06,-3.522688626311776e-05,1.0,7.049928790336209,0.0,10000.0,10000.0,77,1.0
0.0,0.0,0.0,0.0,1.0,0.0,0.0,0.0,0.0,78,1.0
0.0,0.0,0.0,0.0,1.0,0.0,0.0,0.0,0.0,79,1.0
0.0,0.0,0.0,0.0,1.0,0.0,0.0,0.0,0.0,80,1.0
0.0,0.0,0.0,0.0,1.0,0.0,0.0,0.0,0.0,81,1.0
0.0,0.0,0.0,0.0,1.0,0.0,0.0,0.0,0.0,82,1.0
2.998701950727122,4.042450129577863,3.54479390021983,0.041651348941663,0.8382858090841017,2.435903037519239,0.205732083741872,1.348066662176164,8.974496419608586,83,1.0
0.4050804448104529,0.5418463698545627,0.4052993510789675,0.002310585876628579,0.9616616075575869,1.979385741043376,0.0,1.337626579599778,71.4445587052782,84,1.0
0.2920885202170639,0.6612731451505321,0.396200348627915,0.2808727001081479,0.5961297879657659,1.654342698832769,0.1141692445331318,2.263947739743797,26.95054756685594,85,1.0
1.800231291425085,0.664084449453033,1.339951338575983,0.5453977520761839,0.4602042916815837,3.141755180478337,0.01853052383903159,0.3688884048489879,6.061947263139415,86,1.0
0.4773986587676707,4.433931312579095e-06,1.389121937648328e-06,1.592856085205902,0.2069185531559476,3.767684938735884,0.0,9.28769118041636e-06,2.820550399022041,87,1.0
0.2414350310164967,11.22978634694471,1.01405053621189,2.470902626899601,0.1159713086536712,2.800983233685186,2.636267015419066,46.51266346753716,247.1313226009119,88,1.0
0.5348765150838406,0.8295302695380914,0.628439458466237,0.07816190079021368,0.77980397365529,1.793782973446608,0.07356349219825616,1.550881831871165,25.61405596152196,89,1.0
1.765979883088787e-05,2.582644866870187,1.234471062121792,1.776313842743996,0.1826026176142959,1.893593349652161,3570.758041779974,10000.0,10000.0,90,1.0
1.210700444669676e-06,0.9557018942432615,0.3715215606339924,1.730040525627857,0.1884057222060654,1.754997474327445,1441.424927020267,10000.0,10000.0,91,1.0
1.092706535015051,0.9165662334945085,1.03730565278052,0.01202503129584187,0.9126800525190012,1.418080421209295,0.03712554091585415,0.8388036532442665,18.10189272280712,92,1.0
1.499300244287719,1.987329998891797,1.702160220541505,0.04443107623112041,0.833053637044247,3.364660625230996,0.1679643270979625,1.325505019067031,15.17701319514,93,1.0
0.2483972179141346,9.853773019035488e-08,0.03888440905820184,0.5796518649146449,0.4464488111701412,4.847965178675784,0.0,3.966941780500021e-07,4.23099844620852,94,1.0
1.033904586897339,8.307529972897445,3.158305318387034,1.6193505446929,0.2031823686918894,3.880276530411414,0.7537376774114278,8.035103120905623,66.23546840913929,95,1.0
2.782591902495613,0.9720038416038514,2.139522527992836,0.3669471693384168,0.5446730431620375,3.660616313442437,0.01595113978111807,0.3493159887125719,8.53607298912828,96,1.0
2.468475613050439,0.6678401863452498,1.214881638463149,0.5903845926585234,0.4422704376967538,2.094145910603982,0.01353087498337166,0.2705476136018864,4.274164575804951,97,1.0
1.184443801567499,0.7630199472961458,0.8388925068080041,0.04492802368950066,0.8321364332689721,1.250625130180438,0.03175165799504329,0.6442010556232056,10.10458279547413,98,1.0
1.221703490102884,3.094000281689821,1.587095535621508,0.4018424447334539,0.5261392725477491,1.922883478144934,0.2626303957584842,2.532529625031409,25.69358660171836,99,1.0
1.167069923436346,4.689732397079883,2.342809189662673,0.9283704828024995,0.3352867124262985,2.091566376136178,0.5902308007337929,4.018381677827264,27.65356060354735,100,1.0
4.143410510479454,0.9097895310113314,3.334225884540243,0.4781623862289166,0.4892558612997195,3.664241930391437,0.00961794359681973,0.2195750405880144,6.102075179687345,101,1.0
1.696347819830924,0.8971220074119907,1.381241898960257,0.09206427345465329,0.7615690812797468,4.424397315604711,0.02291284361427918,0.5288549888910207,13.90039400521896,102,1.0
6.423178902624118,0.8622882151172666,4.137238966072255,0.8638762803783493,0.352656210810514,7.057298739837922,0.0059190979907713,0.1342463331925861,3.236155654390322,103,1.0
0.0,0.0,0.0,0.0,1.0,0.0,0.0,0.0,0.0,104,1.0
1.811274152108891,2.329299609277919,2.052952721259988,0.0318840603138284,0.8582823546781868,2.978917137225914,0.1983092254791079,1.286000579517951,17.75986956001388,105,1.0
1.128826872241351,0.5275150198259153,0.7044745090831954,0.1833323959461666,0.6685249358040841,3.357842580843759,0.02376244536730374,0.4673125992992207,9.598369961856108,106,1.0
3.05229390124358,31.88585268846548,5.300856089145274,3.959472509732649,0.04660830648505809,4.28571487135672,1.406173439648702,10.44652111497991,127.3225424896059,107,1.0
1.911624872623861,2.901119522530692,2.364456884629493,0.05700830546315672,0.8112884929722277,3.266219266552782,0.1736312962641191,1.517619677415407,24.1021915665619,108,1.0
