Sample,Partition,alpha,beta (background),beta (Test),subs (Test),P-value (overall),Q-value (overall),Permutation p-value,Total branch length,CodonSite,status,significant_site_0.10
BDNF-64,1,0.0,0.0,0.0,1,1.0,1.0,1.0,0.0,1,ok,0
BDNF-64,1,0.109424964319948,0.1910525079630229,7.170406723638083e-07,0,0.7506406896592347,1.0,-1.0,10.83213027768983,2,ok,0
BDNF-64,1,0.609678575467889,0.2021032212424182,3.62491032829654e-06,0,0.7762797853906778,1.0,-1.0,20.92209817835999,3,ok,0
BDNF-64,1,0.3222317827611181,0.2806397076198228,5.751479609940091,1,0.05714449101478336,0.9224753549529314,-1.0,34.25752123759528,4,ok,1
BDNF-64,1,0.6653135463749306,0.316053245652151,2.99343298733292e-05,0,0.7203771531497318,1.0,-1.0,27.19830549948549,5,ok,0
BDNF-64,1,0.6567419305019926,0.372580412092992,5.545741406425795e-05,0,0.6648789664901,1.0,-1.0,29.6187625160122,6,ok,0
BDNF-64,1,5.716679833340611e-07,0.6790373353111737,2.68258054295652e-06,0,0.5408493603560987,1.0,-1.0,31.04796465260105,7,ok,0
BDNF-64,1,0.1093709169041837,0.1941079604977088,5.000423395008889e-05,0,0.7668647027844984,1.0,-1.0,10.97093135606928,8,ok,0
BDNF-64,1,2.110390934997902,0.5075168867248027,2.173981931336937e-06,0,0.597012879212842,1.0,-1.0,63.63978920178847,9,ok,0
BDNF-64,1,3.457203927494213e-10,0.5083159885912908,6.375007796414434,1,0.09320246758186168,1.0,-1.0,40.14730482465714,10,ok,1
BDNF-64,1,1.761767950041812,0.7517106918595003,10.04848772281141,1,0.06956062397095786,0.9825438135897797,-1.0,94.77239398327345,11,ok,1
BDNF-64,1,1.61438806067102,0.2355394528458416,23.88269456725074,2,0.002069784107942785,0.07796186806584489,0.25,105.0332402956942,12,ok,1
BDNF-64,1,4.439094096043743,0.447840064227623,2.965988952372134e-06,0,0.6421538531777607,1.0,-1.0,105.5282928268282,13,ok,0
BDNF-64,1,3.725484647126931e-08,0.4413211171552188,3.907750041537447e-08,0,0.7185665637601817,1.0,-1.0,20.17873585914047,14,ok,0
BDNF-64,1,0.0,0.0,0.0,1,1.0,1.0,1.0,0.0,15,ok,0
BDNF-64,1,2.71619140064988e-07,0.4346681439565511,0.4560056996675509,0,0.9769612471647787,1.0,-1.0,21.08378524249488,16,ok,0
BDNF-64,1,6.493029190184074,0.4225978836667648,0.03150356108798216,0,0.9714366094452581,1.0,-1.0,143.8103400551462,17,ok,0
BDNF-64,1,0.0,0.0,0.0,1,1.0,1.0,1.0,0.0,18,ok,0
BDNF-64,1,0.0,0.0,0.0,1,1.0,1.0,1.0,0.0,19,ok,0
BDNF-64,1,0.0,0.0,0.0,1,1.0,1.0,1.0,0.0,20,ok,0
BDNF-64,1,0.0,0.0,0.0,1,1.0,1.0,1.0,0.0,21,ok,0
BDNF-64,1,0.0,0.0,0.0,1,1.0,1.0,1.0,0.0,22,ok,0
BDNF-64,1,0.0,0.0,0.0,1,1.0,1.0,1.0,0.0,23,ok,0
BDNF-64,1,0.0,0.0,0.0,1,1.0,1.0,1.0,0.0,24,ok,0
BDNF-64,1,0.0,0.0,0.0,1,1.0,1.0,1.0,0.0,25,ok,0
BDNF-64,1,0.0,0.0,0.0,1,1.0,1.0,1.0,0.0,26,ok,0
BDNF-64,1,0.0,0.0,0.0,1,1.0,1.0,1.0,0.0,27,ok,0
BDNF-64,1,0.0,0.0,0.0,1,1.0,1.0,1.0,0.0,28,ok,0
BDNF-64,1,0.0,0.0,0.0,1,1.0,1.0,1.0,0.0,29,ok,0
BDNF-64,1,0.0,0.0,0.0,1,1.0,1.0,1.0,0.0,30,ok,0
BDNF-64,1,0.0,0.0,0.0,1,1.0,1.0,1.0,0.0,31,ok,0
BDNF-64,1,0.0,0.0,0.0,1,1.0,1.0,1.0,0.0,32,ok,0
BDNF-64,1,0.0,0.0,0.0,1,1.0,1.0,1.0,0.0,33,ok,0
BDNF-64,1,0.0,0.0,0.0,1,1.0,1.0,1.0,0.0,34,ok,0
BDNF-64,1,0.0,0.0,0.0,1,1.0,1.0,1.0,0.0,35,ok,0
BDNF-64,1,0.0,0.0,0.0,1,1.0,1.0,1.0,0.0,36,ok,0
BDNF-64,1,0.0,0.0,0.0,1,1.0,1.0,1.0,0.0,37,ok,0
BDNF-64,1,0.0,0.0,0.0,1,1.0,1.0,1.0,0.0,38,ok,0
BDNF-64,1,0.0,0.0,0.0,1,1.0,1.0,1.0,0.0,39,ok,0
BDNF-64,1,0.0,0.0,0.0,1,1.0,1.0,1.0,0.0,40,ok,0
BDNF-64,1,0.0,0.0,0.0,1,1.0,1.0,1.0,0.0,41,ok,0
BDNF-64,1,0.0,0.0,0.0,1,1.0,1.0,1.0,0.0,42,ok,0
BDNF-64,1,0.0,0.0,0.0,1,1.0,1.0,1.0,0.0,43,ok,0
BDNF-64,1,0.0,0.0,0.0,1,1.0,1.0,1.0,0.0,44,ok,0
BDNF-64,1,0.0,0.0,0.0,1,1.0,1.0,1.0,0.0,45,ok,0
BDNF-64,1,0.0,0.0,0.0,1,1.0,1.0,1.0,0.0,46,ok,0
BDNF-64,1,0.0,0.0,0.0,1,1.0,1.0,1.0,0.0,47,ok,0
BDNF-64,1,0.0,0.0,0.0,1,1.0,1.0,1.0,0.0,48,ok,0
BDNF-64,1,0.0,0.0,0.0,1,1.0,1.0,1.0,0.0,49,ok,0
BDNF-64,1,0.2674934296968903,0.7159630237589655,2.316790511666064e-06,0,0.5559360960137136,1.0,-1.0,37.86140351684675,50,ok,0
BDNF-64,1,3.047361454322818,0.2753920035472199,5.622584648648894e-06,0,0.7219048730250655,1.0,-1.0,70.97826754919028,51,ok,0
BDNF-64,1,0.01990935681617041,2.552387364263607,4.414816388825846,1,0.7163408518622907,1.0,-1.0,128.79274546608,52,ok,0
BDNF-64,1,11.03835210209509,0.965422809129035,7.654763118640579,1,0.1505021738274909,1.0,-1.0,275.9324319416994,53,ok,0
BDNF-64,1,0.1688349210801542,2.067768930283541,2.67384121691856e-06,0,1.0,1.0,-1.0,97.7804056448314,54,ok,0
BDNF-64,1,0.9730722075329097,2.141492086542118,6.438816143849796e-06,0,0.4059011082231816,1.0,-1.0,116.5601979581887,55,ok,0
BDNF-64,1,3.950719681649893,0.5616925753615102,1.079759416038123e-05,1,0.602850479276146,1.0,-1.0,101.3769640870781,56,ok,0
BDNF-64,1,4.17874733588624e-07,1.761351665920021,8.262163476540334,1,0.2268098934853509,1.0,-1.0,102.4448430428682,57,ok,0
BDNF-64,1,1.471088616925836,0.1753782763921805,5.145877008663609e-07,0,0.7619776169152794,1.0,-1.0,36.20444589561355,58,ok,0
BDNF-64,1,5.376804407602327e-07,0.441216480548079,1.420394252230622e-07,0,0.619918790258561,1.0,-1.0,20.17396137087001,59,ok,0
BDNF-64,1,0.50156521981174,0.3412811743386708,7.5086201293235e-07,0,0.7414384571021257,1.0,-1.0,25.2143763526091,60,ok,0
BDNF-64,1,1.847055053949553e-08,0.9603764675565462,1.959232173301598,1,0.3623342238944297,1.0,-1.0,49.10726794215986,61,ok,0
BDNF-64,1,0.4473675965673813,1.27652456097037,6.942819325530496,2,0.3771710480375967,1.0,-1.0,85.34960622662973,62,ok,0
BDNF-64,1,1.702163797218328,0.6347192776160003,2.485049766933778,1,0.2313669112039041,1.0,-1.0,68.22431885072214,63,ok,0
BDNF-64,1,2.468724860395202,0.4700161468094394,2.875190083528503e-07,1,0.1624513090325252,1.0,-1.0,68.79067198998578,64,ok,0
BDNF-64,1,0.000646217463649792,1.530707328694087,4.999361484269433,2,0.5253147313331585,1.0,-1.0,83.25901353759919,65,ok,0
BDNF-64,1,0.379483016946676,0.6033845400899632,1.194649304807396,1,0.5499955602947382,1.0,-1.0,38.02758608541836,66,ok,0
BDNF-64,1,0.0,0.0,0.0,1,1.0,1.0,1.0,0.0,67,ok,0
BDNF-64,1,9.059726216514105e-08,4.2855753355304,2.744361809252632,0,0.9655805862764758,1.0,-1.0,203.2289337744412,68,ok,0
BDNF-64,1,0.0,0.0,0.0,1,1.0,1.0,1.0,0.0,69,ok,0
BDNF-64,1,0.0,0.0,0.0,1,1.0,1.0,1.0,0.0,70,ok,0
BDNF-64,1,1.475507327772275e-07,10.20636736215066,0.001444492326372108,0,0.9670373375453528,1.0,-1.0,466.6744156857175,71,ok,0
BDNF-64,1,0.0,0.0,0.0,1,1.0,1.0,1.0,0.0,72,ok,0
BDNF-64,1,0.0,0.0,0.0,1,1.0,1.0,1.0,0.0,73,ok,0
BDNF-64,1,0.0,0.0,0.0,1,1.0,1.0,1.0,0.0,74,ok,0
BDNF-64,1,0.0,0.0,0.0,1,1.0,1.0,1.0,0.0,75,ok,0
BDNF-64,1,0.0,0.0,0.0,1,1.0,1.0,1.0,0.0,76,ok,0
BDNF-64,1,6.980242378784076e-06,4.468745069798817,0.1129983850391733,0,0.9817235204432634,1.0,-1.0,204.6263375990092,77,ok,0
BDNF-64,1,0.0,0.0,0.0,1,1.0,1.0,1.0,0.0,78,ok,0
BDNF-64,1,0.0,0.0,0.0,1,1.0,1.0,1.0,0.0,79,ok,0
BDNF-64,1,0.0,0.0,0.0,1,1.0,1.0,1.0,0.0,80,ok,0
BDNF-64,1,0.0,0.0,0.0,1,1.0,1.0,1.0,0.0,81,ok,0
BDNF-64,1,0.0,0.0,0.0,1,1.0,1.0,1.0,0.0,82,ok,0
BDNF-64,1,2.365041590868163,0.09993759604289351,2.108445267390709,1,0.01085216605189021,0.2452589527727188,1.0,55.47406245064175,83,ok,1
BDNF-64,1,0.2339854055384612,1.231776679435111,4.121045308028892e-05,0,0.6125348761243719,1.0,-1.0,60.80429746251205,84,ok,0
BDNF-64,1,0.05805728594374634,0.8920150303494719,0.3959364099609895,1,0.5870457019219371,1.0,-1.0,42.94833355909095,85,ok,0
BDNF-64,1,1.436120765085371,1.150338016695925,0.3973345019444435,1,0.4191539426387374,1.0,-1.0,81.16667702692426,86,ok,0
BDNF-64,1,0.789932935121721,0.3261604165723028,2.645140855489281e-08,0,0.1956151335074457,1.0,-1.0,30.04802480734393,87,ok,0
BDNF-64,1,0.2540165827843169,0.9773499695033088,5.839028562727386,2,0.200302834571477,1.0,-1.0,65.03871969943023,88,ok,0
BDNF-64,1,0.3545895972698112,0.5871308550105424,0.4880070995938526,1,0.8793713912367677,1.0,-1.0,34.93357865285753,89,ok,0
BDNF-64,1,1.679657513588927e-06,0.8776704561968105,1.456486859709308,1,0.6239698781571066,1.0,-1.0,43.99250674486278,90,ok,0
BDNF-64,1,1.950274162953625e-06,0.8369337776114529,0.5404569146988855,1,0.7527727709192065,1.0,-1.0,39.70074889379568,91,ok,0
BDNF-64,1,0.9512796771452666,0.3538839068821813,0.5309715012593142,1,0.7782004677711359,1.0,-1.0,35.81502323112473,92,ok,0
BDNF-64,1,1.221889069119991,1.317158225455519,1.171786540166873,1,0.9037037708432288,1.0,-1.0,86.7433750789684,93,ok,0
BDNF-64,1,1.981846703868661e-05,2.470052574492986,1.182708656167054e-05,0,0.007129454886732223,0.2014071005501853,1.0,112.9397980739085,94,ok,1
BDNF-64,1,0.6308605062700966,1.091801981797037,3.774302238913262,2,0.09361435219439385,1.0,-1.0,72.01679135233039,95,ok,1
BDNF-64,1,2.191092201147559,1.270597190877599,0.6120132789214366,1,0.6469021099234027,1.0,-1.0,101.6996195154663,96,ok,0
BDNF-64,1,2.354971369101597,0.7450942944508749,0.3975112027425648,1,0.6176782204764217,1.0,-1.0,80.24284870478809,97,ok,0
BDNF-64,1,0.8893712453300031,0.4550341486696904,0.4569096475052983,1,0.986689332862058,1.0,-1.0,39.05742178519885,98,ok,0
BDNF-64,1,0.7916298513270623,0.4298011168090141,1.625828358138337,1,0.308103115152633,1.0,-1.0,39.13074353071676,99,ok,0
BDNF-64,1,1.042542518535384,0.4776729626508656,2.422263168821033,1,0.1521945125405316,1.0,-1.0,48.23900564291063,100,ok,0
BDNF-64,1,3.228592911791857,1.027889975643359,0.5144348445044682,1,0.6579547693600852,1.0,-1.0,110.2215910125041,101,ok,0
BDNF-64,1,1.21498209716326,1.960611675520353,0.495884728852396,1,0.4513586928015261,1.0,-1.0,114.2396021094187,102,ok,0
BDNF-64,1,5.195235502596539,2.459613330422429,0.4906285619148839,1,0.3525272416273052,1.0,-1.0,213.3020082147457,103,ok,0
BDNF-64,1,0.0,0.0,0.0,1,1.0,1.0,1.0,0.0,104,ok,0
BDNF-64,1,1.468370785123876,0.7753018465015508,1.296939716689597,1,0.6347030562390144,1.0,-1.0,67.02220434628335,105,ok,0
BDNF-64,1,1.174586706947066,1.899840653767262,0.3263174042577299,2,0.175089699661943,1.0,-1.0,110.2373174425483,106,ok,0
BDNF-64,1,2.487653120999046,0.933894809491231,16.54161990116021,3,0.01955779397546675,0.3683384532046238,1.0,134.2287646734216,107,ok,1
BDNF-64,1,0.6656216438163635,0.7184514413029099,1.427709342005755,1,0.5800097862724187,1.0,-1.0,49.38919181655158,108,ok,0
BDNF-64,1,2.786884024500341,0.3014401859571866,0.8873182289977231,2,0.288666939107164,1.0,-1.0,69.53161256578112,109,ok,0
BDNF-64,1,1.389011006299488,5.998438022266606,8.483446382118238,3,0.7288837386469993,1.0,-1.0,323.3789100294151,110,ok,0
BDNF-64,1,5.451286706616628,3.751987779652674,5.520824137439855e-08,3,0.0007574190750506693,0.08558835548072563,1.0,275.9986546632284,111,ok,1
BDNF-64,1,8.32637338611814,5.074267643433648,0.131303094312905,3,0.001634331641728548,0.09233973775766297,1.0,391.8917252413494,112,ok,1
BDNF-64,1,1.391874495940104,0.9384257490203584,2.035649254786418,2,0.4749889306872475,1.0,-1.0,74.97407392220487,113,ok,0
